/*
 Navicat Premium Dump SQL

 Source Server         : localhost_3306
 Source Server Type    : MySQL
 Source Server Version : 80042 (8.0.42)
 Source Host           : localhost:3306
 Source Schema         : eduflex

 Target Server Type    : MySQL
 Target Server Version : 80042 (8.0.42)
 File Encoding         : 65001

 Date: 28/07/2025 17:56:12
*/

SET NAMES utf8mb4;
SET FOREIGN_KEY_CHECKS = 0;

-- ----------------------------
-- Table structure for gen_table
-- ----------------------------
DROP TABLE IF EXISTS `gen_table`;
CREATE TABLE `gen_table`  (
  `table_id` bigint NOT NULL COMMENT '编号',
  `table_name` varchar(200) CHARACTER SET utf8mb4 COLLATE utf8mb4_0900_ai_ci NULL DEFAULT '' COMMENT '表名称',
  `table_comment` varchar(500) CHARACTER SET utf8mb4 COLLATE utf8mb4_0900_ai_ci NULL DEFAULT '' COMMENT '表描述',
  `sub_table_name` varchar(64) CHARACTER SET utf8mb4 COLLATE utf8mb4_0900_ai_ci NULL DEFAULT NULL COMMENT '关联子表的表名',
  `sub_table_fk_name` varchar(64) CHARACTER SET utf8mb4 COLLATE utf8mb4_0900_ai_ci NULL DEFAULT NULL COMMENT '子表关联的外键名',
  `class_name` varchar(100) CHARACTER SET utf8mb4 COLLATE utf8mb4_0900_ai_ci NULL DEFAULT '' COMMENT '实体类名称',
  `tpl_category` varchar(200) CHARACTER SET utf8mb4 COLLATE utf8mb4_0900_ai_ci NULL DEFAULT 'crud' COMMENT '使用的模板（crud单表操作 tree树表操作）',
  `tpl_web_type` varchar(30) CHARACTER SET utf8mb4 COLLATE utf8mb4_0900_ai_ci NULL DEFAULT '' COMMENT '前端模板类型（element-ui模版 element-plus模版）',
  `package_name` varchar(100) CHARACTER SET utf8mb4 COLLATE utf8mb4_0900_ai_ci NULL DEFAULT NULL COMMENT '生成包路径',
  `module_name` varchar(30) CHARACTER SET utf8mb4 COLLATE utf8mb4_0900_ai_ci NULL DEFAULT NULL COMMENT '生成模块名',
  `business_name` varchar(30) CHARACTER SET utf8mb4 COLLATE utf8mb4_0900_ai_ci NULL DEFAULT NULL COMMENT '生成业务名',
  `function_name` varchar(50) CHARACTER SET utf8mb4 COLLATE utf8mb4_0900_ai_ci NULL DEFAULT NULL COMMENT '生成功能名',
  `function_author` varchar(50) CHARACTER SET utf8mb4 COLLATE utf8mb4_0900_ai_ci NULL DEFAULT NULL COMMENT '生成功能作者',
  `gen_type` char(1) CHARACTER SET utf8mb4 COLLATE utf8mb4_0900_ai_ci NULL DEFAULT '0' COMMENT '生成代码方式（0zip压缩包 1自定义路径）',
  `gen_path` varchar(200) CHARACTER SET utf8mb4 COLLATE utf8mb4_0900_ai_ci NULL DEFAULT '/' COMMENT '生成路径（不填默认项目路径）',
  `options` varchar(1000) CHARACTER SET utf8mb4 COLLATE utf8mb4_0900_ai_ci NULL DEFAULT NULL COMMENT '其它生成选项',
  `create_by` varchar(64) CHARACTER SET utf8mb4 COLLATE utf8mb4_0900_ai_ci NULL DEFAULT '' COMMENT '创建者',
  `create_time` datetime NULL DEFAULT (now()) COMMENT '创建时间',
  `update_by` varchar(64) CHARACTER SET utf8mb4 COLLATE utf8mb4_0900_ai_ci NULL DEFAULT '' COMMENT '更新者',
  `update_time` datetime NULL DEFAULT NULL ON UPDATE CURRENT_TIMESTAMP COMMENT '更新时间',
  `remark` varchar(500) CHARACTER SET utf8mb4 COLLATE utf8mb4_0900_ai_ci NULL DEFAULT NULL COMMENT '备注',
  PRIMARY KEY (`table_id`) USING BTREE
) ENGINE = InnoDB CHARACTER SET = utf8mb4 COLLATE = utf8mb4_0900_ai_ci COMMENT = '代码生成业务表' ROW_FORMAT = DYNAMIC;

-- ----------------------------
-- Records of gen_table
-- ----------------------------
INSERT INTO `gen_table` VALUES (1, 'tb_college', '学院表', NULL, NULL, 'College', 'crud', 'element-plus', 'com.eduflex.manage', 'manage', 'college', '学院管理', '林煜鋒', '0', '/', '{\"parentMenuId\":\"2000\"}', 'admin', '2024-10-05 14:57:09', '', '2024-10-05 15:00:58', NULL);
INSERT INTO `gen_table` VALUES (2, 'tb_grade', '班级表', NULL, NULL, 'Grade', 'crud', 'element-plus', 'com.eduflex.manage', 'manage', 'grade', '班级管理', '林煜鋒', '0', '/', '{\"parentMenuId\":2000}', 'admin', '2024-10-05 19:47:39', '', '2024-10-05 19:51:46', NULL);
INSERT INTO `gen_table` VALUES (3, 'tb_semester', '学期表', NULL, NULL, 'Semester', 'crud', 'element-plus', 'com.eduflex.manage', 'manage', 'semester', '学期管理', '林煜鋒', '0', '/', '{\"parentMenuId\":2000}', 'admin', '2024-10-05 21:03:46', '', '2024-10-05 21:15:26', NULL);
INSERT INTO `gen_table` VALUES (4, 'tb_teacher', '教师表', NULL, NULL, 'Teacher', 'crud', 'element-plus', 'com.eduflex.manage', 'manage', 'teacher', '教师管理', '林煜鋒', '0', '/', '{\"parentMenuId\":2000}', 'admin', '2024-10-05 23:09:43', '', '2024-10-05 23:34:53', NULL);
INSERT INTO `gen_table` VALUES (6, 'tb_student', '学生表', NULL, NULL, 'Student', 'crud', 'element-plus', 'com.eduflex.manage', 'manage', 'student', '学生管理', '林煜鋒', '0', '/', '{\"parentMenuId\":2000}', 'admin', '2024-10-07 16:46:44', '', '2024-10-07 16:47:44', NULL);
INSERT INTO `gen_table` VALUES (7, 'tb_course', '课程表', '', '', 'Course', 'crud', 'element-plus', 'com.eduflex.manage', 'manage', 'course', '课程管理', '林煜鋒', '0', '/', '{\"parentMenuId\":2031}', 'admin', '2024-10-10 20:50:07', '', '2024-10-14 23:22:24', NULL);
INSERT INTO `gen_table` VALUES (9, 'tb_course_grade', '课程-班级关系表', NULL, NULL, 'CourseGrade', 'crud', 'element-plus', 'com.eduflex.manage', 'manage', 'courseGrade', '班级课程管理', '林煜鋒', '0', '/', '{\"parentMenuId\":2031}', 'admin', '2024-10-10 20:58:46', '', '2024-10-11 17:48:25', NULL);
INSERT INTO `gen_table` VALUES (11, 'tb_course_material', '课程资料表', NULL, NULL, 'CourseMaterial', 'crud', 'element-plus', 'com.eduflex.manage', 'manage', 'material', '课程资料', '林煜鋒', '0', '/', '{\"parentMenuId\":2031}', 'admin', '2024-10-14 11:12:11', '', '2024-10-15 17:19:59', NULL);
INSERT INTO `gen_table` VALUES (12, 'tb_course_chapter', '课程内容章节表', '', '', 'CourseChapter', 'tree', 'element-plus', 'com.eduflex.manage', 'manage', 'chapter', '课程内容章节管理', '林煜鋒', '0', '/', '{\"treeCode\":\"id\",\"treeName\":\"name\",\"treeParentCode\":\"parentId\",\"parentMenuId\":2032}', 'admin', '2024-10-14 11:39:27', '', '2024-10-14 15:36:14', NULL);
INSERT INTO `gen_table` VALUES (13, 'tb_homework', '作业表', NULL, NULL, 'Homework', 'crud', 'element-plus', 'com.eduflex.manage', 'manage', 'homework', '作业管理', '林煜鋒', '0', '/', '{\"parentMenuId\":2031}', 'admin', '2024-11-23 21:53:04', '', '2024-11-23 21:54:57', NULL);
INSERT INTO `gen_table` VALUES (14, 'tb_course_category', '课程分类表', '', '', 'CourseCategory', 'tree', 'element-plus', 'com.eduflex.manage', 'Category', 'category', '课程分类', '林煜鋒', '0', '/', '{\"treeCode\":\"id\",\"treeName\":\"name\",\"treeParentCode\":\"parent_id\",\"parentMenuId\":2031}', 'admin', '2024-12-08 21:37:06', '', '2024-12-08 21:39:45', NULL);
INSERT INTO `gen_table` VALUES (15, 'tb_paper', '试卷表', NULL, NULL, 'Paper', 'crud', 'element-plus', 'com.eduflex.manage', 'manage', 'paper', '试卷管理', '林煜鋒', '0', '/', '{\"parentMenuId\":\"2068\"}', 'admin', '2025-01-10 16:09:03', '', '2025-01-10 16:12:18', NULL);
INSERT INTO `gen_table` VALUES (16, 'tb_question', '题目表', NULL, NULL, 'Question', 'crud', 'element-plus', 'com.eduflex.manage', 'manage', 'question', '题目管理', '林煜鋒', '0', '/', '{\"parentMenuId\":\"2068\"}', 'admin', '2025-01-10 16:09:03', '', '2025-01-10 16:18:15', NULL);
INSERT INTO `gen_table` VALUES (17, 'tb_knowledge', '知识点分类表', '', '', 'Knowledge', 'tree', 'element-plus', 'com.eduflex.manage', 'manage', 'knowledge', '知识点分类', '林煜鋒', '0', '/', '{\"treeCode\":\"id\",\"treeName\":\"name\",\"treeParentCode\":\"parent_id\",\"parentMenuId\":\"2068\"}', 'admin', '2025-01-10 16:09:03', '', '2025-01-10 16:32:16', NULL);
INSERT INTO `gen_table` VALUES (18, 'tb_comments', '评论表', '', '', 'Comments', 'crud', 'element-plus', 'com.eduflex.manage', 'manage', 'comment', '评论管理', '林煜鋒', '0', '/', '{\"treeCode\":\"id\",\"treeName\":\"content\",\"treeParentCode\":\"parent_id\",\"parentMenuId\":\"2087\"}', 'admin', '2025-01-21 12:00:48', '', '2025-01-21 13:04:50', NULL);
INSERT INTO `gen_table` VALUES (19, 'tb_oss_file', '文件管理表', NULL, NULL, 'OssFile', 'crud', 'element-plus', 'com.eduflex.manage', 'manage', 'file', '资源管理', '林煜鋒', '0', '/', '{}', 'admin', '2025-01-21 12:00:48', '', '2025-01-21 13:06:15', NULL);
INSERT INTO `gen_table` VALUES (24, 'tb_goal', '学习目标表', NULL, NULL, 'Goal', 'crud', 'element-plus', 'com.eduflex.manage', 'manage', 'goal', '学习目标管理', '林煜鋒', '0', '/', '{\"parentMenuId\":\"2100\"}', 'admin', '2025-01-24 16:52:48', '', '2025-01-24 16:59:03', NULL);
INSERT INTO `gen_table` VALUES (25, 'tb_route', '学习路线表', NULL, NULL, 'Route', 'crud', 'element-plus', 'com.eduflex.manage', 'manage', 'route', '学习路线管理', '林煜鋒', '0', '/', '{\"parentMenuId\":\"2100\"}', 'admin', '2025-01-24 16:52:48', '', '2025-02-05 13:09:10', NULL);
INSERT INTO `gen_table` VALUES (26, 'tb_route_record', '学习路线记录表', NULL, NULL, 'RouteRecord', 'crud', 'element-plus', 'com.eduflex.manage', 'manage', 'routeRecord', '学习路线记录管理', '林煜鋒', '0', '/', '{\"parentMenuId\":\"2100\"}', 'admin', '2025-01-24 16:52:48', '', '2025-01-24 17:05:30', NULL);
INSERT INTO `gen_table` VALUES (27, 'tb_study_record', '学习记录表', NULL, NULL, 'StudyRecord', 'crud', 'element-plus', 'com.eduflex.manage', 'manage', 'record', '学习记录管理', '林煜鋒', '0', '/', '{\"parentMenuId\":\"2100\"}', 'admin', '2025-01-24 16:52:48', '', '2025-01-24 17:07:06', NULL);
INSERT INTO `gen_table` VALUES (28, 'tb_student_course', '学生选课表', '', '', 'StudentCourse', 'crud', 'element-plus', 'com.eduflex.manage', 'manage', 'student_course', '学生选课', '林煜鋒', '0', '/', '{\"parentMenuId\":\"2025\"}', 'admin', '2025-01-26 09:27:54', '', '2025-01-26 09:31:00', NULL);
INSERT INTO `gen_table` VALUES (29, 'tb_paper_question', '试卷题目关联表', NULL, NULL, 'PaperQuestion', 'crud', '', 'com.eduflex.system', 'system', 'question', '试卷题目关联', 'ruoyi', '0', '/', NULL, 'admin', '2025-01-26 14:04:38', '', NULL, NULL);
INSERT INTO `gen_table` VALUES (30, 'tb_file_images', '文件转换存储表', NULL, NULL, 'FileImages', 'crud', '', 'com.eduflex.system', 'system', 'images', '文件转换存储', 'ruoyi', '0', '/', NULL, 'admin', '2025-01-26 14:04:38', '', NULL, NULL);
INSERT INTO `gen_table` VALUES (31, 'tb_goal_student', '学习目标-学生关联表', '', '', 'GoalStudent', 'crud', 'element-plus', 'com.eduflex.manage', 'manage', 'goalStudent', '学习目标-学生关联', '林煜鋒', '0', '/', '{}', 'admin', '2025-01-26 14:04:38', '', '2025-01-26 14:06:35', NULL);
INSERT INTO `gen_table` VALUES (32, 'tb_repo', '题库表', NULL, NULL, 'Repo', 'crud', 'element-plus', 'com.eduflex.manage', 'manage', 'repo', '题库管理', '林煜鋒', '0', '/', '{\"parentMenuId\":\"2068\"}', 'admin', '2025-02-09 20:49:50', '', '2025-02-09 20:50:50', NULL);
INSERT INTO `gen_table` VALUES (33, 'tb_exam', '考试表', NULL, NULL, 'Exam', 'crud', 'element-plus', 'com.eduflex.manage', 'manage', 'exam', '考试管理', '林煜鋒', '0', '/', '{\"parentMenuId\":\"2068\"}', 'admin', '2025-02-11 09:31:18', '', '2025-02-11 09:34:35', NULL);
INSERT INTO `gen_table` VALUES (34, 'tb_exam_answer', '考试答案记录表', NULL, NULL, 'ExamAnswer', 'crud', 'element-plus', 'com.eduflex.manage.exam', 'examAnswer', 'examAnswer', '考试答案记录', '林煜鋒', '0', '/', '{}', 'admin', '2025-02-11 21:23:45', '', '2025-02-11 22:44:39', NULL);
INSERT INTO `gen_table` VALUES (35, 'tb_exam_record', '考试记录表', NULL, NULL, 'ExamRecord', 'crud', 'element-plus', 'com.eduflex.manage', 'manage', 'record', '考试记录', '林煜鋒', '0', '/', '{}', 'admin', '2025-02-11 21:23:45', '', '2025-02-11 21:24:43', NULL);
INSERT INTO `gen_table` VALUES (36, 'tb_direction', '课程方向表', NULL, NULL, 'Direction', 'crud', 'element-plus', 'com.eduflex.manage.direction', 'manage', 'direction', '课程方向', '林煜鋒', '0', '/', '{\"parentMenuId\":\"2031\"}', 'admin', '2025-02-12 23:46:39', '', '2025-02-12 23:49:13', NULL);
INSERT INTO `gen_table` VALUES (1948640203174973441, 'tb_paper_repo', '试卷题库关联表', NULL, NULL, 'TbPaperRepo', 'crud', 'element-plus', 'com.eduflex.manage', 'manage', 'repo', '试卷题库关联', 'lyf', '0', '/', '{}', 'admin', '2025-07-25 11:02:51', '', '2025-07-25 11:02:51', NULL);

-- ----------------------------
-- Table structure for gen_table_column
-- ----------------------------
DROP TABLE IF EXISTS `gen_table_column`;
CREATE TABLE `gen_table_column`  (
  `column_id` bigint NOT NULL AUTO_INCREMENT COMMENT '编号',
  `table_id` bigint NULL DEFAULT NULL COMMENT '归属表编号',
  `column_name` varchar(200) CHARACTER SET utf8mb4 COLLATE utf8mb4_0900_ai_ci NULL DEFAULT NULL COMMENT '列名称',
  `column_comment` varchar(500) CHARACTER SET utf8mb4 COLLATE utf8mb4_0900_ai_ci NULL DEFAULT NULL COMMENT '列描述',
  `column_type` varchar(100) CHARACTER SET utf8mb4 COLLATE utf8mb4_0900_ai_ci NULL DEFAULT NULL COMMENT '列类型',
  `java_type` varchar(500) CHARACTER SET utf8mb4 COLLATE utf8mb4_0900_ai_ci NULL DEFAULT NULL COMMENT 'JAVA类型',
  `java_field` varchar(200) CHARACTER SET utf8mb4 COLLATE utf8mb4_0900_ai_ci NULL DEFAULT NULL COMMENT 'JAVA字段名',
  `is_pk` char(1) CHARACTER SET utf8mb4 COLLATE utf8mb4_0900_ai_ci NULL DEFAULT NULL COMMENT '是否主键（1是）',
  `is_increment` char(1) CHARACTER SET utf8mb4 COLLATE utf8mb4_0900_ai_ci NULL DEFAULT NULL COMMENT '是否自增（1是）',
  `is_required` char(1) CHARACTER SET utf8mb4 COLLATE utf8mb4_0900_ai_ci NULL DEFAULT NULL COMMENT '是否必填（1是）',
  `is_insert` char(1) CHARACTER SET utf8mb4 COLLATE utf8mb4_0900_ai_ci NULL DEFAULT NULL COMMENT '是否为插入字段（1是）',
  `is_edit` char(1) CHARACTER SET utf8mb4 COLLATE utf8mb4_0900_ai_ci NULL DEFAULT NULL COMMENT '是否编辑字段（1是）',
  `is_list` char(1) CHARACTER SET utf8mb4 COLLATE utf8mb4_0900_ai_ci NULL DEFAULT NULL COMMENT '是否列表字段（1是）',
  `is_query` char(1) CHARACTER SET utf8mb4 COLLATE utf8mb4_0900_ai_ci NULL DEFAULT NULL COMMENT '是否查询字段（1是）',
  `query_type` varchar(200) CHARACTER SET utf8mb4 COLLATE utf8mb4_0900_ai_ci NULL DEFAULT 'EQ' COMMENT '查询方式（等于、不等于、大于、小于、范围）',
  `html_type` varchar(200) CHARACTER SET utf8mb4 COLLATE utf8mb4_0900_ai_ci NULL DEFAULT NULL COMMENT '显示类型（文本框、文本域、下拉框、复选框、单选框、日期控件）',
  `dict_type` varchar(200) CHARACTER SET utf8mb4 COLLATE utf8mb4_0900_ai_ci NULL DEFAULT '' COMMENT '字典类型',
  `sort` int NULL DEFAULT NULL COMMENT '排序',
  `create_by` varchar(64) CHARACTER SET utf8mb4 COLLATE utf8mb4_0900_ai_ci NULL DEFAULT '' COMMENT '创建者',
  `create_time` datetime NULL DEFAULT (now()) COMMENT '创建时间',
  `update_by` varchar(64) CHARACTER SET utf8mb4 COLLATE utf8mb4_0900_ai_ci NULL DEFAULT '' COMMENT '更新者',
  `update_time` datetime NULL DEFAULT (now()) COMMENT '更新时间',
  PRIMARY KEY (`column_id`) USING BTREE
) ENGINE = InnoDB AUTO_INCREMENT = 1948640203355328514 CHARACTER SET = utf8mb4 COLLATE = utf8mb4_0900_ai_ci COMMENT = '代码生成业务表字段' ROW_FORMAT = DYNAMIC;

-- ----------------------------
-- Records of gen_table_column
-- ----------------------------
INSERT INTO `gen_table_column` VALUES (1, 1, 'id', '学院ID', 'bigint', 'Long', 'id', '1', '1', '0', '0', NULL, NULL, NULL, 'EQ', 'input', '', 1, 'admin', '2024-10-05 14:57:09', '', '2024-10-05 15:00:58');
INSERT INTO `gen_table_column` VALUES (2, 1, 'parent_id', '父级学院ID', 'bigint', 'Long', 'parentId', '0', '0', '1', '1', '1', '0', '0', 'EQ', 'input', '', 2, 'admin', '2024-10-05 14:57:09', '', '2024-10-05 15:00:58');
INSERT INTO `gen_table_column` VALUES (3, 1, 'ancestors', '祖级列表', 'varchar(50)', 'String', 'ancestors', '0', '0', '0', '0', '0', '0', '0', 'EQ', 'input', '', 3, 'admin', '2024-10-05 14:57:09', '', '2024-10-05 15:00:58');
INSERT INTO `gen_table_column` VALUES (4, 1, 'name', '学院名称', 'varchar(30)', 'String', 'name', '0', '0', '1', '1', '1', '1', '1', 'LIKE', 'input', '', 4, 'admin', '2024-10-05 14:57:09', '', '2024-10-05 15:00:58');
INSERT INTO `gen_table_column` VALUES (5, 1, 'create_by', '创建者', 'varchar(64)', 'String', 'createBy', '0', '0', '0', '0', NULL, NULL, NULL, 'EQ', 'input', '', 5, 'admin', '2024-10-05 14:57:09', '', '2024-10-05 15:00:58');
INSERT INTO `gen_table_column` VALUES (6, 1, 'create_time', '创建时间', 'timestamp', 'Date', 'createTime', '0', '0', '0', '0', NULL, '1', NULL, 'EQ', 'datetime', '', 6, 'admin', '2024-10-05 14:57:09', '', '2024-10-05 15:00:58');
INSERT INTO `gen_table_column` VALUES (7, 1, 'update_by', '更新者', 'varchar(64)', 'String', 'updateBy', '0', '0', '0', '0', '0', NULL, NULL, 'EQ', 'input', '', 7, 'admin', '2024-10-05 14:57:09', '', '2024-10-05 15:00:58');
INSERT INTO `gen_table_column` VALUES (8, 1, 'update_time', '更新时间', 'timestamp', 'Date', 'updateTime', '0', '0', '0', '0', '0', NULL, NULL, 'EQ', 'datetime', '', 8, 'admin', '2024-10-05 14:57:09', '', '2024-10-05 15:00:58');
INSERT INTO `gen_table_column` VALUES (9, 2, 'id', '班级ID', 'bigint', 'Long', 'id', '1', '1', '0', '0', NULL, NULL, NULL, 'EQ', 'input', '', 1, 'admin', '2024-10-05 19:47:39', '', '2024-10-05 19:51:46');
INSERT INTO `gen_table_column` VALUES (10, 2, 'college_id', '所属学院ID', 'bigint', 'Long', 'collegeId', '0', '0', '0', '1', '1', '1', '1', 'EQ', 'input', '', 2, 'admin', '2024-10-05 19:47:39', '', '2024-10-05 19:51:46');
INSERT INTO `gen_table_column` VALUES (11, 2, 'name', '班级名称', 'varchar(50)', 'String', 'name', '0', '0', '0', '1', '1', '1', '1', 'LIKE', 'input', '', 3, 'admin', '2024-10-05 19:47:39', '', '2024-10-05 19:51:46');
INSERT INTO `gen_table_column` VALUES (12, 2, 'create_by', '创建者', 'varchar(64)', 'String', 'createBy', '0', '0', '0', '0', NULL, NULL, NULL, 'EQ', 'input', '', 4, 'admin', '2024-10-05 19:47:39', '', '2024-10-05 19:51:46');
INSERT INTO `gen_table_column` VALUES (13, 2, 'create_time', '创建时间', 'timestamp', 'Date', 'createTime', '0', '0', '0', '0', NULL, NULL, '0', 'EQ', 'datetime', '', 5, 'admin', '2024-10-05 19:47:39', '', '2024-10-05 19:51:46');
INSERT INTO `gen_table_column` VALUES (14, 2, 'update_by', '更新者', 'varchar(64)', 'String', 'updateBy', '0', '0', '0', '0', '0', NULL, NULL, 'EQ', 'input', '', 6, 'admin', '2024-10-05 19:47:39', '', '2024-10-05 19:51:46');
INSERT INTO `gen_table_column` VALUES (15, 2, 'update_time', '更新时间', 'timestamp', 'Date', 'updateTime', '0', '0', '0', '0', '0', NULL, NULL, 'EQ', 'datetime', '', 7, 'admin', '2024-10-05 19:47:39', '', '2024-10-05 19:51:46');
INSERT INTO `gen_table_column` VALUES (16, 3, 'id', '学期ID', 'bigint', 'Long', 'id', '1', '1', '0', '0', NULL, NULL, NULL, 'EQ', 'input', '', 1, 'admin', '2024-10-05 21:03:46', '', '2024-10-05 21:15:26');
INSERT INTO `gen_table_column` VALUES (17, 3, 'name', '学期名称', 'varchar(50)', 'String', 'name', '0', '0', '0', '1', '1', '1', '1', 'LIKE', 'input', '', 2, 'admin', '2024-10-05 21:03:46', '', '2024-10-05 21:15:26');
INSERT INTO `gen_table_column` VALUES (18, 3, 'create_by', '创建者', 'varchar(64)', 'String', 'createBy', '0', '0', '0', '0', NULL, NULL, NULL, 'EQ', 'input', '', 3, 'admin', '2024-10-05 21:03:46', '', '2024-10-05 21:15:26');
INSERT INTO `gen_table_column` VALUES (19, 3, 'create_time', '创建时间', 'timestamp', 'Date', 'createTime', '0', '0', '0', '0', NULL, '1', '0', 'EQ', 'datetime', '', 4, 'admin', '2024-10-05 21:03:46', '', '2024-10-05 21:15:26');
INSERT INTO `gen_table_column` VALUES (20, 3, 'update_by', '更新者', 'varchar(64)', 'String', 'updateBy', '0', '0', '0', '0', '0', NULL, NULL, 'EQ', 'input', '', 5, 'admin', '2024-10-05 21:03:46', '', '2024-10-05 21:15:26');
INSERT INTO `gen_table_column` VALUES (21, 3, 'update_time', '更新时间', 'timestamp', 'Date', 'updateTime', '0', '0', '0', '0', '0', NULL, NULL, 'EQ', 'datetime', '', 6, 'admin', '2024-10-05 21:03:46', '', '2024-10-05 21:15:26');
INSERT INTO `gen_table_column` VALUES (22, 4, 'id', '教师ID', 'bigint', 'Long', 'id', '1', '1', '0', '0', NULL, NULL, NULL, 'EQ', 'input', '', 1, 'admin', '2024-10-05 23:09:43', '', '2024-10-05 23:34:53');
INSERT INTO `gen_table_column` VALUES (23, 4, 'user_id', '关联sys_user表的id', 'bigint', 'Long', 'userId', '0', '0', '0', '0', '0', '0', '0', 'EQ', 'input', '', 2, 'admin', '2024-10-05 23:09:43', '', '2024-10-05 23:34:53');
INSERT INTO `gen_table_column` VALUES (24, 4, 'college_id', '所属学院ID', 'bigint', 'Long', 'collegeId', '0', '0', '1', '1', '1', '1', '1', 'EQ', 'input', '', 3, 'admin', '2024-10-05 23:09:43', '', '2024-10-05 23:34:53');
INSERT INTO `gen_table_column` VALUES (42, 6, 'id', '学生ID', 'bigint', 'Long', 'id', '1', '1', '0', '0', NULL, NULL, NULL, 'EQ', 'input', '', 1, 'admin', '2024-10-07 16:46:44', '', '2024-10-07 16:47:44');
INSERT INTO `gen_table_column` VALUES (43, 6, 'user_id', '关联sys_user表的ID', 'bigint', 'Long', 'userId', '0', '0', '0', '0', '0', '0', '0', 'EQ', 'input', '', 2, 'admin', '2024-10-07 16:46:44', '', '2024-10-07 16:47:44');
INSERT INTO `gen_table_column` VALUES (44, 6, 'college_id', '所属学院ID', 'bigint', 'Long', 'collegeId', '0', '0', '1', '1', '1', '1', '1', 'EQ', 'input', '', 3, 'admin', '2024-10-07 16:46:44', '', '2024-10-07 16:47:44');
INSERT INTO `gen_table_column` VALUES (45, 6, 'grade_id', '所属班级ID', 'bigint', 'Long', 'gradeId', '0', '0', '1', '1', '1', '1', '1', 'EQ', 'input', '', 4, 'admin', '2024-10-07 16:46:44', '', '2024-10-07 16:47:44');
INSERT INTO `gen_table_column` VALUES (46, 7, 'id', '课程ID', 'bigint', 'Long', 'id', '1', '1', '0', '0', NULL, NULL, NULL, 'EQ', 'input', '', 1, 'admin', '2024-10-10 20:50:07', '', '2024-10-14 23:22:24');
INSERT INTO `gen_table_column` VALUES (47, 7, 'name', '课程名称', 'varchar(100)', 'String', 'name', '0', '0', '1', '1', '1', '1', '1', 'LIKE', 'input', '', 2, 'admin', '2024-10-10 20:50:07', '', '2024-10-14 23:22:24');
INSERT INTO `gen_table_column` VALUES (48, 7, 'description', '课程描述', 'text', 'String', 'description', '0', '0', '0', '1', '1', '0', '0', 'EQ', 'textarea', '', 3, 'admin', '2024-10-10 20:50:07', '', '2024-10-14 23:22:24');
INSERT INTO `gen_table_column` VALUES (49, 7, 'teacher_id', '任课老师ID', 'bigint', 'Long', 'teacherId', '0', '0', '1', '1', '1', '1', '0', 'EQ', 'input', '', 4, 'admin', '2024-10-10 20:50:08', '', '2024-10-14 23:22:24');
INSERT INTO `gen_table_column` VALUES (50, 7, 'start_time', '开始时间', 'timestamp', 'Date', 'startTime', '0', '0', '1', '1', '1', '1', '1', 'GTE', 'datetime', '', 5, 'admin', '2024-10-10 20:50:08', '', '2024-10-14 23:22:24');
INSERT INTO `gen_table_column` VALUES (51, 7, 'end_time', '结束时间', 'timestamp', 'Date', 'endTime', '0', '0', '1', '1', '1', '1', '1', 'LTE', 'datetime', '', 6, 'admin', '2024-10-10 20:50:08', '', '2024-10-14 23:22:24');
INSERT INTO `gen_table_column` VALUES (52, 7, 'status', '课程状态(0=未开始 1=进行中 2=已结束)', 'tinyint', 'Long', 'status', '0', '0', '1', '1', '1', '1', '1', 'EQ', 'radio', '', 7, 'admin', '2024-10-10 20:50:08', '', '2024-10-14 23:22:24');
INSERT INTO `gen_table_column` VALUES (53, 7, 'create_by', '创建者', 'varchar(64)', 'String', 'createBy', '0', '0', '0', '0', NULL, NULL, NULL, 'EQ', 'input', '', 8, 'admin', '2024-10-10 20:50:08', '', '2024-10-14 23:22:24');
INSERT INTO `gen_table_column` VALUES (54, 7, 'create_time', '创建时间', 'timestamp', 'Date', 'createTime', '0', '0', '0', '0', NULL, NULL, NULL, 'EQ', 'datetime', '', 9, 'admin', '2024-10-10 20:50:08', '', '2024-10-14 23:22:24');
INSERT INTO `gen_table_column` VALUES (55, 7, 'update_by', '更新者', 'varchar(64)', 'String', 'updateBy', '0', '0', '0', '0', '0', NULL, NULL, 'EQ', 'input', '', 10, 'admin', '2024-10-10 20:50:08', '', '2024-10-14 23:22:24');
INSERT INTO `gen_table_column` VALUES (56, 7, 'update_time', '创建时间', 'int', 'Long', 'updateTime', '0', '0', '0', '0', '0', NULL, NULL, 'EQ', 'input', '', 11, 'admin', '2024-10-10 20:50:08', '', '2024-10-14 23:22:24');
INSERT INTO `gen_table_column` VALUES (64, 9, 'id', '关系主键', 'bigint', 'Long', 'id', '1', '1', '0', '0', NULL, NULL, NULL, 'EQ', 'input', '', 1, 'admin', '2024-10-10 20:58:46', '', '2024-10-11 17:48:25');
INSERT INTO `gen_table_column` VALUES (65, 9, 'course_id', '课程ID', 'bigint', 'Long', 'courseId', '0', '0', '0', '1', '1', '1', '1', 'EQ', 'input', '', 2, 'admin', '2024-10-10 20:58:46', '', '2024-10-11 17:48:25');
INSERT INTO `gen_table_column` VALUES (66, 9, 'grade_id', '班级ID', 'bigint', 'Long', 'gradeId', '0', '0', '0', '1', '1', '1', '1', 'EQ', 'input', '', 3, 'admin', '2024-10-10 20:58:46', '', '2024-10-11 17:48:25');
INSERT INTO `gen_table_column` VALUES (67, 9, 'create_by', '创建人', 'varchar(64)', 'String', 'createBy', '0', '0', '0', '0', NULL, NULL, NULL, 'EQ', 'input', '', 4, 'admin', '2024-10-10 20:58:46', '', '2024-10-11 17:48:25');
INSERT INTO `gen_table_column` VALUES (68, 9, 'create_time', '创建时间', 'timestamp', 'Date', 'createTime', '0', '0', '0', '0', NULL, NULL, NULL, 'EQ', 'datetime', '', 5, 'admin', '2024-10-10 20:58:46', '', '2024-10-11 17:48:25');
INSERT INTO `gen_table_column` VALUES (69, 9, 'update_by', '更新者', 'varchar(64)', 'String', 'updateBy', '0', '0', '0', '0', '0', NULL, NULL, 'EQ', 'input', '', 6, 'admin', '2024-10-10 20:58:46', '', '2024-10-11 17:48:25');
INSERT INTO `gen_table_column` VALUES (70, 9, 'update_time', '更新时间', 'timestamp', 'Date', 'updateTime', '0', '0', '0', '0', '0', NULL, NULL, 'EQ', 'datetime', '', 7, 'admin', '2024-10-10 20:58:46', '', '2024-10-11 17:48:25');
INSERT INTO `gen_table_column` VALUES (80, 11, 'id', '主键ID', 'bigint', 'Long', 'id', '1', '1', '0', '0', NULL, NULL, NULL, 'EQ', 'input', '', 1, 'admin', '2024-10-14 11:12:11', '', '2024-10-15 17:19:59');
INSERT INTO `gen_table_column` VALUES (81, 11, 'chapter_id', '关联章节ID', 'bigint', 'Long', 'chapterId', '0', '0', '1', '1', '1', '0', '0', 'EQ', 'input', '', 2, 'admin', '2024-10-14 11:12:11', '', '2024-10-15 17:19:59');
INSERT INTO `gen_table_column` VALUES (82, 11, 'name', '资料名称', 'varchar(100)', 'String', 'name', '0', '0', '1', '1', '1', '1', '0', 'LIKE', 'input', '', 3, 'admin', '2024-10-14 11:12:11', '', '2024-10-15 17:19:59');
INSERT INTO `gen_table_column` VALUES (83, 11, 'url', '链接', 'varchar(100)', 'String', 'url', '0', '0', '1', '1', '1', '1', '0', 'EQ', 'fileUpload', '', 4, 'admin', '2024-10-14 11:12:11', '', '2024-10-15 17:19:59');
INSERT INTO `gen_table_column` VALUES (84, 12, 'id', '主键ID', 'bigint', 'Long', 'id', '1', '1', '0', '0', NULL, NULL, NULL, 'EQ', 'input', '', 1, 'admin', '2024-10-14 11:39:27', '', '2024-10-14 15:36:14');
INSERT INTO `gen_table_column` VALUES (85, 12, 'course_id', '关联课程ID', 'bigint', 'Long', 'courseId', '0', '0', '1', '1', '1', '0', '0', 'EQ', 'input', '', 2, 'admin', '2024-10-14 11:39:27', '', '2024-10-14 15:36:14');
INSERT INTO `gen_table_column` VALUES (86, 12, 'name', '章节名称', 'varchar(50)', 'String', 'name', '0', '0', '1', '1', '1', '1', '0', 'LIKE', 'input', '', 3, 'admin', '2024-10-14 11:39:27', '', '2024-10-14 15:36:14');
INSERT INTO `gen_table_column` VALUES (87, 12, 'parentId', '父级ID', 'bigint', 'Long', 'parentId', '0', '0', '1', '1', '1', '0', '0', 'EQ', 'input', '', 4, 'admin', '2024-10-14 11:39:27', '', '2024-10-14 15:36:14');
INSERT INTO `gen_table_column` VALUES (88, 12, 'ancestors', '祖级列表', 'varchar(50)', 'String', 'ancestors', '0', '0', '0', '0', '0', '0', '0', 'EQ', 'input', '', 5, 'admin', '2024-10-14 11:39:27', '', '2024-10-14 15:36:14');
INSERT INTO `gen_table_column` VALUES (89, 12, 'order_num', '排序', 'bigint', 'Long', 'orderNum', '0', '0', '1', '1', '1', '0', '0', 'EQ', 'input', '', 6, 'admin', '2024-10-14 11:39:27', '', '2024-10-14 15:36:14');
INSERT INTO `gen_table_column` VALUES (90, 12, 'create_by', '创建者', 'varchar(64)', 'String', 'createBy', '0', '0', '0', '0', NULL, NULL, NULL, 'EQ', 'input', '', 7, 'admin', '2024-10-14 11:39:27', '', '2024-10-14 15:36:14');
INSERT INTO `gen_table_column` VALUES (91, 12, 'create_time', '创建时间', 'timestamp', 'Date', 'createTime', '0', '0', '0', '0', NULL, NULL, NULL, 'EQ', 'datetime', '', 8, 'admin', '2024-10-14 11:39:27', '', '2024-10-14 15:36:14');
INSERT INTO `gen_table_column` VALUES (92, 12, 'update_by', '更新者', 'varchar(64)', 'String', 'updateBy', '0', '0', '0', '0', '0', NULL, NULL, 'EQ', 'input', '', 9, 'admin', '2024-10-14 11:39:27', '', '2024-10-14 15:36:14');
INSERT INTO `gen_table_column` VALUES (93, 12, 'update_time', '更新时间', 'timestamp', 'Date', 'updateTime', '0', '0', '0', '0', '0', NULL, NULL, 'EQ', 'datetime', '', 10, 'admin', '2024-10-14 11:39:27', '', '2024-10-14 15:36:14');
INSERT INTO `gen_table_column` VALUES (94, 13, 'id', '作业ID', 'bigint', 'Long', 'id', '1', '1', '0', '0', NULL, NULL, NULL, 'EQ', 'input', '', 1, 'admin', '2024-11-23 21:53:04', '', '2024-11-23 21:54:57');
INSERT INTO `gen_table_column` VALUES (95, 13, 'course_id', '所属课程ID', 'bigint', 'Long', 'courseId', '0', '0', '1', '1', '1', '1', '1', 'EQ', 'input', '', 2, 'admin', '2024-11-23 21:53:04', '', '2024-11-23 21:54:57');
INSERT INTO `gen_table_column` VALUES (96, 13, 'title', '作业标题', 'varchar(50)', 'String', 'title', '0', '0', '1', '1', '1', '1', '1', 'EQ', 'input', '', 3, 'admin', '2024-11-23 21:53:04', '', '2024-11-23 21:54:57');
INSERT INTO `gen_table_column` VALUES (97, 13, 'content', '作业内容', 'text', 'String', 'content', '0', '0', '1', '1', '1', '1', '0', 'EQ', 'editor', '', 4, 'admin', '2024-11-23 21:53:04', '', '2024-11-23 21:54:57');
INSERT INTO `gen_table_column` VALUES (98, 13, 'deadline', '截止日期', 'timestamp', 'Date', 'deadline', '0', '0', '1', '1', '1', '1', '1', 'EQ', 'datetime', '', 5, 'admin', '2024-11-23 21:53:04', '', '2024-11-23 21:54:57');
INSERT INTO `gen_table_column` VALUES (99, 13, 'create_by', '创建者', 'varchar(64)', 'String', 'createBy', '0', '0', '0', '0', NULL, NULL, NULL, 'EQ', 'input', '', 6, 'admin', '2024-11-23 21:53:04', '', '2024-11-23 21:54:57');
INSERT INTO `gen_table_column` VALUES (100, 13, 'create_time', '创建时间', 'timestamp', 'Date', 'createTime', '0', '0', '0', '0', NULL, NULL, NULL, 'EQ', 'datetime', '', 7, 'admin', '2024-11-23 21:53:04', '', '2024-11-23 21:54:57');
INSERT INTO `gen_table_column` VALUES (101, 13, 'update_by', '更新者', 'varchar(64)', 'String', 'updateBy', '0', '0', '0', '0', '0', NULL, NULL, 'EQ', 'input', '', 8, 'admin', '2024-11-23 21:53:04', '', '2024-11-23 21:54:57');
INSERT INTO `gen_table_column` VALUES (102, 13, 'update_time', '更新时间', 'timestamp', 'Date', 'updateTime', '0', '0', '0', '0', '0', NULL, NULL, 'EQ', 'datetime', '', 9, 'admin', '2024-11-23 21:53:04', '', '2024-11-23 21:54:57');
INSERT INTO `gen_table_column` VALUES (103, 14, 'id', '分类ID', 'bigint', 'Long', 'id', '1', '0', '0', '0', NULL, NULL, NULL, 'EQ', 'input', '', 1, 'admin', '2024-12-08 21:37:06', '', '2024-12-08 21:39:45');
INSERT INTO `gen_table_column` VALUES (104, 14, 'name', '分类名称', 'varchar(100)', 'String', 'name', '0', '0', '1', '1', '1', '1', '1', 'LIKE', 'input', '', 2, 'admin', '2024-12-08 21:37:06', '', '2024-12-08 21:39:45');
INSERT INTO `gen_table_column` VALUES (105, 14, 'parent_id', '父级分类ID', 'bigint', 'Long', 'parentId', '0', '0', '1', '1', '1', '1', '1', 'EQ', 'select', '', 3, 'admin', '2024-12-08 21:37:06', '', '2024-12-08 21:39:45');
INSERT INTO `gen_table_column` VALUES (106, 14, 'status', '分类状态 ', 'tinyint', 'Long', 'status', '0', '0', '1', '1', '1', '1', '1', 'EQ', 'radio', '', 4, 'admin', '2024-12-08 21:37:06', '', '2024-12-08 21:39:45');
INSERT INTO `gen_table_column` VALUES (107, 14, 'deleted', '逻辑删除字段', 'tinyint', 'Long', 'deleted', '0', '0', '0', '0', '0', '0', '0', 'EQ', 'input', '', 5, 'admin', '2024-12-08 21:37:06', '', '2024-12-08 21:39:45');
INSERT INTO `gen_table_column` VALUES (108, 14, 'create_by', '创建者', 'varchar(64)', 'String', 'createBy', '0', '0', '0', '0', NULL, NULL, NULL, 'EQ', 'input', '', 6, 'admin', '2024-12-08 21:37:06', '', '2024-12-08 21:39:45');
INSERT INTO `gen_table_column` VALUES (109, 14, 'create_time', '创建时间', 'timestamp', 'Date', 'createTime', '0', '0', '0', '0', NULL, '1', NULL, 'EQ', 'datetime', '', 7, 'admin', '2024-12-08 21:37:06', '', '2024-12-08 21:39:45');
INSERT INTO `gen_table_column` VALUES (110, 14, 'update_by', '更新者', 'varchar(64)', 'String', 'updateBy', '0', '0', '0', '0', '0', NULL, NULL, 'EQ', 'input', '', 8, 'admin', '2024-12-08 21:37:06', '', '2024-12-08 21:39:45');
INSERT INTO `gen_table_column` VALUES (111, 14, 'update_time', '更新时间', 'timestamp', 'Date', 'updateTime', '0', '0', '0', '0', '0', NULL, NULL, 'EQ', 'datetime', '', 9, 'admin', '2024-12-08 21:37:06', '', '2024-12-08 21:39:45');
INSERT INTO `gen_table_column` VALUES (112, 15, 'id', '试卷ID', 'bigint', 'Long', 'id', '1', '0', '0', '0', NULL, NULL, NULL, 'EQ', 'input', '', 1, 'admin', '2025-01-10 16:09:03', '', '2025-01-10 16:12:18');
INSERT INTO `gen_table_column` VALUES (113, 15, 'title', '试卷名称', 'varchar(255)', 'String', 'title', '0', '0', '1', '1', '1', '1', '1', 'EQ', 'input', '', 2, 'admin', '2025-01-10 16:09:03', '', '2025-01-10 16:12:18');
INSERT INTO `gen_table_column` VALUES (114, 15, 'total_score', '总分', 'int', 'Long', 'totalScore', '0', '0', '1', '1', '1', '1', '0', 'EQ', 'input', '', 3, 'admin', '2025-01-10 16:09:03', '', '2025-01-10 16:12:18');
INSERT INTO `gen_table_column` VALUES (115, 15, 'duration', '考试时长（分钟）', 'int', 'Long', 'duration', '0', '0', '1', '1', '1', '1', '0', 'EQ', 'input', '', 4, 'admin', '2025-01-10 16:09:03', '', '2025-01-10 16:12:18');
INSERT INTO `gen_table_column` VALUES (116, 15, 'is_published', '是否发布（0-未发布 1-已发布）', 'tinyint', 'Long', 'isPublished', '0', '0', '1', '1', '1', '1', '1', 'EQ', 'input', '', 5, 'admin', '2025-01-10 16:09:03', '', '2025-01-10 16:12:18');
INSERT INTO `gen_table_column` VALUES (117, 15, 'create_by', '创建者', 'varchar(64)', 'String', 'createBy', '0', '0', '0', '0', NULL, NULL, NULL, 'EQ', 'input', '', 6, 'admin', '2025-01-10 16:09:03', '', '2025-01-10 16:12:18');
INSERT INTO `gen_table_column` VALUES (118, 15, 'create_time', '创建时间', 'timestamp', 'Date', 'createTime', '0', '0', '0', '0', NULL, NULL, NULL, 'EQ', 'datetime', '', 7, 'admin', '2025-01-10 16:09:03', '', '2025-01-10 16:12:18');
INSERT INTO `gen_table_column` VALUES (119, 15, 'update_by', '更新者', 'varchar(64)', 'String', 'updateBy', '0', '0', '0', '0', '0', NULL, NULL, 'EQ', 'input', '', 8, 'admin', '2025-01-10 16:09:03', '', '2025-01-10 16:12:18');
INSERT INTO `gen_table_column` VALUES (120, 15, 'update_time', '更新时间', 'timestamp', 'Date', 'updateTime', '0', '0', '0', '0', '0', NULL, NULL, 'EQ', 'datetime', '', 9, 'admin', '2025-01-10 16:09:03', '', '2025-01-10 16:12:18');
INSERT INTO `gen_table_column` VALUES (121, 15, 'deleted', '逻辑删除字段', 'tinyint', 'Long', 'deleted', '0', '0', '0', '0', '0', '0', '0', 'EQ', 'input', '', 10, 'admin', '2025-01-10 16:09:03', '', '2025-01-10 16:12:18');
INSERT INTO `gen_table_column` VALUES (122, 16, 'id', '题目ID', 'bigint', 'Long', 'id', '1', '0', '0', '0', NULL, NULL, NULL, 'EQ', 'input', '', 1, 'admin', '2025-01-10 16:09:03', '', '2025-01-10 16:18:15');
INSERT INTO `gen_table_column` VALUES (123, 16, 'title', '题目内容', 'varchar(500)', 'String', 'title', '0', '0', '1', '1', '1', '1', '1', 'EQ', 'textarea', '', 2, 'admin', '2025-01-10 16:09:03', '', '2025-01-10 16:18:15');
INSERT INTO `gen_table_column` VALUES (124, 16, 'type', '题目类型（1-单选 2-多选 3-判断 4-填空 5-简答）', 'tinyint', 'Long', 'type', '0', '0', '1', '1', '1', '1', '1', 'EQ', 'select', 'question_type', 3, 'admin', '2025-01-10 16:09:03', '', '2025-01-10 16:18:15');
INSERT INTO `gen_table_column` VALUES (125, 16, 'options', '选项（JSON格式，仅适用于选择题）', 'text', 'String', 'options', '0', '0', '0', '1', '1', '0', '0', 'EQ', 'textarea', '', 4, 'admin', '2025-01-10 16:09:03', '', '2025-01-10 16:18:15');
INSERT INTO `gen_table_column` VALUES (126, 16, 'answer', '正确答案', 'varchar(255)', 'String', 'answer', '0', '0', '1', '1', '1', '1', '0', 'EQ', 'input', '', 5, 'admin', '2025-01-10 16:09:03', '', '2025-01-10 16:18:15');
INSERT INTO `gen_table_column` VALUES (127, 16, 'analysis', '答案解析', 'text', 'String', 'analysis', '0', '0', '0', '1', '1', '1', '0', 'EQ', 'textarea', '', 6, 'admin', '2025-01-10 16:09:03', '', '2025-01-10 16:18:15');
INSERT INTO `gen_table_column` VALUES (128, 16, 'knowledge_id', '关联知识点ID', 'bigint', 'Long', 'knowledgeId', '0', '0', '0', '1', '1', '1', '1', 'EQ', 'input', '', 7, 'admin', '2025-01-10 16:09:03', '', '2025-01-10 16:18:15');
INSERT INTO `gen_table_column` VALUES (129, 16, 'course_id', '关联课程ID', 'bigint', 'Long', 'courseId', '0', '0', '0', '1', '1', '1', '1', 'EQ', 'input', '', 8, 'admin', '2025-01-10 16:09:03', '', '2025-01-10 16:18:15');
INSERT INTO `gen_table_column` VALUES (130, 16, 'create_by', '创建者', 'varchar(64)', 'String', 'createBy', '0', '0', '0', '0', NULL, NULL, NULL, 'EQ', 'input', '', 9, 'admin', '2025-01-10 16:09:03', '', '2025-01-10 16:18:15');
INSERT INTO `gen_table_column` VALUES (131, 16, 'create_time', '创建时间', 'timestamp', 'Date', 'createTime', '0', '0', '0', '0', NULL, NULL, NULL, 'EQ', 'datetime', '', 10, 'admin', '2025-01-10 16:09:03', '', '2025-01-10 16:18:15');
INSERT INTO `gen_table_column` VALUES (132, 16, 'update_by', '更新者', 'varchar(64)', 'String', 'updateBy', '0', '0', '0', '0', '0', NULL, NULL, 'EQ', 'input', '', 11, 'admin', '2025-01-10 16:09:03', '', '2025-01-10 16:18:15');
INSERT INTO `gen_table_column` VALUES (133, 16, 'update_time', '更新时间', 'timestamp', 'Date', 'updateTime', '0', '0', '0', '0', '0', NULL, NULL, 'EQ', 'datetime', '', 12, 'admin', '2025-01-10 16:09:03', '', '2025-01-10 16:18:15');
INSERT INTO `gen_table_column` VALUES (134, 16, 'deleted', '逻辑删除', 'tinyint', 'Long', 'deleted', '0', '0', '0', '0', '0', '0', '0', 'EQ', 'input', '', 13, 'admin', '2025-01-10 16:09:03', '', '2025-01-10 16:18:15');
INSERT INTO `gen_table_column` VALUES (135, 17, 'id', '知识点ID', 'bigint', 'Long', 'id', '1', '0', '0', '0', NULL, NULL, NULL, 'EQ', 'input', '', 1, 'admin', '2025-01-10 16:09:03', '', '2025-01-10 16:32:16');
INSERT INTO `gen_table_column` VALUES (136, 17, 'course_id', '关联课程ID', 'bigint', 'Long', 'courseId', '0', '0', '1', '1', '1', '1', '1', 'EQ', 'input', '', 2, 'admin', '2025-01-10 16:09:03', '', '2025-01-10 16:32:16');
INSERT INTO `gen_table_column` VALUES (137, 17, 'name', '知识点名称', 'varchar(255)', 'String', 'name', '0', '0', '1', '1', '1', '1', '1', 'LIKE', 'input', '', 3, 'admin', '2025-01-10 16:09:03', '', '2025-01-10 16:32:16');
INSERT INTO `gen_table_column` VALUES (138, 17, 'parent_id', '父级知识点ID', 'bigint', 'Long', 'parentId', '0', '0', '1', '1', '1', '1', '0', 'EQ', 'input', '', 4, 'admin', '2025-01-10 16:09:03', '', '2025-01-10 16:32:16');
INSERT INTO `gen_table_column` VALUES (139, 17, 'ancestors', '祖级列表', 'varchar(255)', 'String', 'ancestors', '0', '0', '0', '1', '1', '1', '0', 'EQ', 'input', '', 5, 'admin', '2025-01-10 16:09:03', '', '2025-01-10 16:32:16');
INSERT INTO `gen_table_column` VALUES (140, 17, 'description', '知识点描述', 'varchar(500)', 'String', 'description', '0', '0', '0', '1', '1', '1', '0', 'EQ', 'textarea', '', 6, 'admin', '2025-01-10 16:09:03', '', '2025-01-10 16:32:16');
INSERT INTO `gen_table_column` VALUES (141, 17, 'create_by', '创建者', 'varchar(64)', 'String', 'createBy', '0', '0', '0', '0', NULL, NULL, NULL, 'EQ', 'input', '', 7, 'admin', '2025-01-10 16:09:03', '', '2025-01-10 16:32:16');
INSERT INTO `gen_table_column` VALUES (142, 17, 'create_time', '创建时间', 'timestamp', 'Date', 'createTime', '0', '0', '0', '0', NULL, NULL, NULL, 'EQ', 'datetime', '', 8, 'admin', '2025-01-10 16:09:03', '', '2025-01-10 16:32:16');
INSERT INTO `gen_table_column` VALUES (143, 17, 'update_by', '更新者', 'varchar(64)', 'String', 'updateBy', '0', '0', '0', '0', '0', NULL, NULL, 'EQ', 'input', '', 9, 'admin', '2025-01-10 16:09:03', '', '2025-01-10 16:32:16');
INSERT INTO `gen_table_column` VALUES (144, 17, 'update_time', '更新时间', 'timestamp', 'Date', 'updateTime', '0', '0', '0', '0', '0', NULL, NULL, 'EQ', 'datetime', '', 10, 'admin', '2025-01-10 16:09:03', '', '2025-01-10 16:32:16');
INSERT INTO `gen_table_column` VALUES (145, 17, 'deleted', '逻辑删除字段', 'tinyint', 'Long', 'deleted', '0', '0', '0', '0', '0', '0', '0', 'EQ', 'input', '', 11, 'admin', '2025-01-10 16:09:03', '', '2025-01-10 16:32:16');
INSERT INTO `gen_table_column` VALUES (146, 18, 'id', '评论ID', 'bigint', 'Long', 'id', '1', '0', '0', '0', NULL, NULL, NULL, 'EQ', 'input', '', 1, 'admin', '2025-01-21 12:00:48', '', '2025-01-21 13:04:50');
INSERT INTO `gen_table_column` VALUES (147, 18, 'course_id', '课程ID', 'bigint', 'Long', 'courseId', '0', '0', '1', '1', '1', '1', '1', 'EQ', 'input', '', 2, 'admin', '2025-01-21 12:00:48', '', '2025-01-21 13:04:50');
INSERT INTO `gen_table_column` VALUES (148, 18, 'user_id', '用户ID', 'bigint', 'Long', 'userId', '0', '0', '1', '1', '1', '1', '1', 'EQ', 'input', '', 3, 'admin', '2025-01-21 12:00:48', '', '2025-01-21 13:04:50');
INSERT INTO `gen_table_column` VALUES (149, 18, 'content', '评论内容', 'text', 'String', 'content', '0', '0', '1', '1', '1', '1', '1', 'EQ', 'editor', '', 4, 'admin', '2025-01-21 12:00:48', '', '2025-01-21 13:04:50');
INSERT INTO `gen_table_column` VALUES (150, 18, 'parent_id', '父级评论ID', 'bigint', 'Long', 'parentId', '0', '0', '0', '1', '1', '1', '1', 'EQ', 'input', '', 5, 'admin', '2025-01-21 12:00:48', '', '2025-01-21 13:04:50');
INSERT INTO `gen_table_column` VALUES (151, 18, 'create_by', '创建者', 'varchar(64)', 'String', 'createBy', '0', '0', '0', '0', NULL, NULL, NULL, 'EQ', 'input', '', 6, 'admin', '2025-01-21 12:00:48', '', '2025-01-21 13:04:51');
INSERT INTO `gen_table_column` VALUES (152, 18, 'create_time', '创建时间', 'timestamp', 'Date', 'createTime', '0', '0', '0', '0', NULL, NULL, NULL, 'EQ', 'datetime', '', 7, 'admin', '2025-01-21 12:00:48', '', '2025-01-21 13:04:51');
INSERT INTO `gen_table_column` VALUES (153, 18, 'update_by', '更新者', 'varchar(64)', 'String', 'updateBy', '0', '0', '0', '0', '0', NULL, NULL, 'EQ', 'input', '', 8, 'admin', '2025-01-21 12:00:48', '', '2025-01-21 13:04:51');
INSERT INTO `gen_table_column` VALUES (154, 18, 'update_time', '更新时间', 'timestamp', 'Date', 'updateTime', '0', '0', '0', '0', '0', NULL, NULL, 'EQ', 'datetime', '', 9, 'admin', '2025-01-21 12:00:48', '', '2025-01-21 13:04:51');
INSERT INTO `gen_table_column` VALUES (155, 18, 'deleted', '逻辑删除字段', 'tinyint', 'Long', 'deleted', '0', '0', '0', '0', '0', '0', '0', 'EQ', 'input', '', 10, 'admin', '2025-01-21 12:00:48', '', '2025-01-21 13:04:51');
INSERT INTO `gen_table_column` VALUES (156, 19, 'id', 'ID', 'bigint', 'Long', 'id', '1', '0', '0', '0', NULL, NULL, NULL, 'EQ', 'input', '', 1, 'admin', '2025-01-21 12:00:48', '', '2025-01-21 13:06:15');
INSERT INTO `gen_table_column` VALUES (157, 19, 'name', '文件名', 'varchar(255)', 'String', 'name', '0', '0', '0', '1', '1', '1', '1', 'LIKE', 'input', '', 2, 'admin', '2025-01-21 12:00:48', '', '2025-01-21 13:06:15');
INSERT INTO `gen_table_column` VALUES (158, 19, 'suffix', '文件后缀名', 'varchar(255)', 'String', 'suffix', '0', '0', '0', '1', '1', '1', '1', 'EQ', 'input', '', 3, 'admin', '2025-01-21 12:00:48', '', '2025-01-21 13:06:15');
INSERT INTO `gen_table_column` VALUES (159, 19, 'path', '文件路径', 'varchar(255)', 'String', 'path', '0', '0', '0', '1', '1', '1', '1', 'EQ', 'input', '', 4, 'admin', '2025-01-21 12:00:48', '', '2025-01-21 13:06:15');
INSERT INTO `gen_table_column` VALUES (160, 19, 'type', '文件类型', 'varchar(255)', 'String', 'type', '0', '0', '0', '1', '1', '1', '1', 'EQ', 'select', '', 5, 'admin', '2025-01-21 12:00:48', '', '2025-01-21 13:06:15');
INSERT INTO `gen_table_column` VALUES (161, 19, 'size', '文件大小', 'bigint', 'Long', 'size', '0', '0', '0', '1', '1', '1', '1', 'EQ', 'input', '', 6, 'admin', '2025-01-21 12:00:48', '', '2025-01-21 13:06:15');
INSERT INTO `gen_table_column` VALUES (162, 19, 'deleted', '是否已删除', 'tinyint', 'Long', 'deleted', '0', '0', '0', '0', '0', '0', '0', 'EQ', 'input', '', 7, 'admin', '2025-01-21 12:00:48', '', '2025-01-21 13:06:15');
INSERT INTO `gen_table_column` VALUES (163, 19, 'create_by', '创建人', 'varchar(64)', 'String', 'createBy', '0', '0', '0', '0', NULL, NULL, NULL, 'EQ', 'input', '', 8, 'admin', '2025-01-21 12:00:48', '', '2025-01-21 13:06:15');
INSERT INTO `gen_table_column` VALUES (164, 19, 'create_time', '创建时间', 'timestamp', 'Date', 'createTime', '0', '0', '0', '0', NULL, NULL, NULL, 'EQ', 'datetime', '', 9, 'admin', '2025-01-21 12:00:48', '', '2025-01-21 13:06:15');
INSERT INTO `gen_table_column` VALUES (165, 19, 'update_by', '修改人', 'varchar(64)', 'String', 'updateBy', '0', '0', '0', '0', '0', NULL, NULL, 'EQ', 'input', '', 10, 'admin', '2025-01-21 12:00:48', '', '2025-01-21 13:06:15');
INSERT INTO `gen_table_column` VALUES (166, 19, 'update_time', '更新时间', 'timestamp', 'Date', 'updateTime', '0', '0', '0', '0', '0', NULL, NULL, 'EQ', 'datetime', '', 11, 'admin', '2025-01-21 12:00:48', '', '2025-01-21 13:06:15');
INSERT INTO `gen_table_column` VALUES (212, 24, 'id', '学习目标ID', 'bigint', 'Long', 'id', '1', '0', '0', '0', NULL, NULL, NULL, 'EQ', 'input', '', 1, 'admin', '2025-01-24 16:52:48', '', '2025-01-24 16:59:03');
INSERT INTO `gen_table_column` VALUES (213, 24, 'goal_name', '名称', 'varchar(100)', 'String', 'goalName', '0', '0', '1', '1', '1', '1', '1', 'LIKE', 'input', '', 2, 'admin', '2025-01-24 16:52:48', '', '2025-01-24 16:59:03');
INSERT INTO `gen_table_column` VALUES (214, 24, 'description', '目标描述', 'text', 'String', 'description', '0', '0', '0', '1', '1', '0', '0', 'EQ', 'textarea', '', 3, 'admin', '2025-01-24 16:52:48', '', '2025-01-24 16:59:03');
INSERT INTO `gen_table_column` VALUES (215, 24, 'deadline', '目标完成期限', 'date', 'Date', 'deadline', '0', '0', '1', '1', '1', '1', '0', 'EQ', 'datetime', '', 4, 'admin', '2025-01-24 16:52:48', '', '2025-01-24 16:59:03');
INSERT INTO `gen_table_column` VALUES (216, 24, 'progress', '学习进度(%)', 'decimal(5,2)', 'BigDecimal', 'progress', '0', '0', '1', '1', '1', '1', '0', 'EQ', 'input', '', 5, 'admin', '2025-01-24 16:52:48', '', '2025-01-24 16:59:03');
INSERT INTO `gen_table_column` VALUES (217, 24, 'status', '状态', 'tinyint', 'Long', 'status', '0', '0', '1', '1', '1', '1', '1', 'EQ', 'select', 'study_status', 6, 'admin', '2025-01-24 16:52:48', '', '2025-01-24 16:59:03');
INSERT INTO `gen_table_column` VALUES (218, 24, 'stu_id', '学习者', 'bigint', 'Long', 'stuId', '0', '0', '1', '1', '1', '1', '1', 'EQ', 'input', '', 7, 'admin', '2025-01-24 16:52:48', '', '2025-01-24 16:59:03');
INSERT INTO `gen_table_column` VALUES (219, 24, 'create_by', '创建者', 'varchar(64)', 'String', 'createBy', '0', '0', '0', '0', NULL, NULL, NULL, 'EQ', 'input', '', 8, 'admin', '2025-01-24 16:52:48', '', '2025-01-24 16:59:03');
INSERT INTO `gen_table_column` VALUES (220, 24, 'create_time', '创建时间', 'timestamp', 'Date', 'createTime', '0', '0', '0', '0', NULL, NULL, NULL, 'EQ', 'datetime', '', 9, 'admin', '2025-01-24 16:52:48', '', '2025-01-24 16:59:03');
INSERT INTO `gen_table_column` VALUES (221, 24, 'update_by', '更新者', 'varchar(64)', 'String', 'updateBy', '0', '0', '0', '0', '0', NULL, NULL, 'EQ', 'input', '', 10, 'admin', '2025-01-24 16:52:48', '', '2025-01-24 16:59:03');
INSERT INTO `gen_table_column` VALUES (222, 24, 'update_time', '更新时间', 'timestamp', 'Date', 'updateTime', '0', '0', '0', '0', '0', NULL, NULL, 'EQ', 'datetime', '', 11, 'admin', '2025-01-24 16:52:48', '', '2025-01-24 16:59:03');
INSERT INTO `gen_table_column` VALUES (223, 24, 'deleted', '逻辑删除字段', 'tinyint', 'Long', 'deleted', '0', '0', '0', '0', '0', '0', '0', 'EQ', 'input', '', 12, 'admin', '2025-01-24 16:52:48', '', '2025-01-24 16:59:03');
INSERT INTO `gen_table_column` VALUES (224, 25, 'id', '学习路线ID', 'bigint', 'Long', 'id', '1', '0', '0', '0', NULL, NULL, NULL, 'EQ', 'input', '', 1, 'admin', '2025-01-24 16:52:48', '', '2025-02-05 13:09:10');
INSERT INTO `gen_table_column` VALUES (225, 25, 'goal_id', '学习目标', 'bigint', 'Long', 'goalId', '0', '0', '1', '1', '1', '1', '1', 'EQ', 'input', '', 2, 'admin', '2025-01-24 16:52:48', '', '2025-02-05 13:09:10');
INSERT INTO `gen_table_column` VALUES (226, 25, 'course_id', '课程ID', 'bigint', 'Long', 'courseId', '0', '0', '1', '1', '1', '1', '0', 'EQ', 'select', '', 3, 'admin', '2025-01-24 16:52:48', '', '2025-02-05 13:09:10');
INSERT INTO `gen_table_column` VALUES (227, 25, 'order_num', '课程排序', 'int', 'Long', 'orderNum', '0', '0', '1', '1', '1', '1', '0', 'EQ', 'input', '', 4, 'admin', '2025-01-24 16:52:48', '', '2025-02-05 13:09:10');
INSERT INTO `gen_table_column` VALUES (228, 25, 'create_by', '创建者', 'varchar(64)', 'String', 'createBy', '0', '0', '0', '0', NULL, NULL, NULL, 'EQ', 'input', '', 5, 'admin', '2025-01-24 16:52:48', '', '2025-02-05 13:09:10');
INSERT INTO `gen_table_column` VALUES (229, 25, 'create_time', '更新时间', 'timestamp', 'Date', 'createTime', '0', '0', '0', '0', NULL, NULL, NULL, 'EQ', 'datetime', '', 6, 'admin', '2025-01-24 16:52:48', '', '2025-02-05 13:09:10');
INSERT INTO `gen_table_column` VALUES (230, 25, 'update_by', '更新者', 'varchar(64)', 'String', 'updateBy', '0', '0', '0', '0', '0', NULL, NULL, 'EQ', 'input', '', 7, 'admin', '2025-01-24 16:52:48', '', '2025-02-05 13:09:10');
INSERT INTO `gen_table_column` VALUES (231, 25, 'update_time', '更新时间', 'timestamp', 'Date', 'updateTime', '0', '0', '0', '0', '0', NULL, NULL, 'EQ', 'datetime', '', 8, 'admin', '2025-01-24 16:52:48', '', '2025-02-05 13:09:10');
INSERT INTO `gen_table_column` VALUES (232, 25, 'deleted', '逻辑删除字段', 'tinyint', 'Long', 'deleted', '0', '0', '0', '0', '0', '0', '0', 'EQ', 'input', '', 9, 'admin', '2025-01-24 16:52:48', '', '2025-02-05 13:09:10');
INSERT INTO `gen_table_column` VALUES (233, 26, 'id', '记录ID', 'bigint', 'Long', 'id', '1', '0', '0', '0', NULL, NULL, NULL, 'EQ', 'input', '', 1, 'admin', '2025-01-24 16:52:48', '', '2025-01-24 17:05:30');
INSERT INTO `gen_table_column` VALUES (234, 26, 'stu_id', '学习者ID', 'bigint', 'Long', 'stuId', '0', '0', '1', '1', '1', '1', '1', 'EQ', 'input', '', 2, 'admin', '2025-01-24 16:52:48', '', '2025-01-24 17:05:30');
INSERT INTO `gen_table_column` VALUES (235, 26, 'goal_id', '学习目标ID', 'bigint', 'Long', 'goalId', '0', '0', '1', '1', '1', '1', '0', 'EQ', 'input', '', 3, 'admin', '2025-01-24 16:52:48', '', '2025-01-24 17:05:30');
INSERT INTO `gen_table_column` VALUES (236, 26, 'route_id', '学习路线ID', 'bigint', 'Long', 'routeId', '0', '0', '1', '1', '1', '1', '0', 'EQ', 'input', '', 4, 'admin', '2025-01-24 16:52:48', '', '2025-01-24 17:05:30');
INSERT INTO `gen_table_column` VALUES (237, 26, 'course_id', '课程ID', 'bigint', 'Long', 'courseId', '0', '0', '1', '1', '1', '1', '1', 'EQ', 'input', '', 5, 'admin', '2025-01-24 16:52:48', '', '2025-01-24 17:05:30');
INSERT INTO `gen_table_column` VALUES (238, 26, 'completion_time', '完成时间', 'timestamp', 'Date', 'completionTime', '0', '0', '0', '1', '1', '1', '0', 'EQ', 'datetime', '', 6, 'admin', '2025-01-24 16:52:48', '', '2025-01-24 17:05:30');
INSERT INTO `gen_table_column` VALUES (239, 26, 'status', '状态', 'tinyint', 'Long', 'status', '0', '0', '1', '1', '1', '1', '1', 'EQ', 'radio', 'study_status', 7, 'admin', '2025-01-24 16:52:48', '', '2025-01-24 17:05:30');
INSERT INTO `gen_table_column` VALUES (240, 26, 'progress', '课程进度(%)', 'decimal(5,2)', 'BigDecimal', 'progress', '0', '0', '1', '1', '1', '1', '1', 'EQ', 'input', '', 8, 'admin', '2025-01-24 16:52:48', '', '2025-01-24 17:05:30');
INSERT INTO `gen_table_column` VALUES (241, 26, 'create_by', '创建者', 'varchar(64)', 'String', 'createBy', '0', '0', '0', '0', NULL, NULL, NULL, 'EQ', 'input', '', 9, 'admin', '2025-01-24 16:52:48', '', '2025-01-24 17:05:30');
INSERT INTO `gen_table_column` VALUES (242, 26, 'create_time', '创建时间', 'timestamp', 'Date', 'createTime', '0', '0', '0', '0', NULL, NULL, NULL, 'EQ', 'datetime', '', 10, 'admin', '2025-01-24 16:52:48', '', '2025-01-24 17:05:30');
INSERT INTO `gen_table_column` VALUES (243, 26, 'update_by', '更新者', 'varchar(64)', 'String', 'updateBy', '0', '0', '0', '0', '0', NULL, NULL, 'EQ', 'input', '', 11, 'admin', '2025-01-24 16:52:48', '', '2025-01-24 17:05:30');
INSERT INTO `gen_table_column` VALUES (244, 26, 'update_time', '更新时间', 'timestamp', 'Date', 'updateTime', '0', '0', '0', '0', '0', NULL, NULL, 'EQ', 'datetime', '', 12, 'admin', '2025-01-24 16:52:48', '', '2025-01-24 17:05:30');
INSERT INTO `gen_table_column` VALUES (245, 26, 'deleted', '逻辑删除字段', 'tinyint', 'Long', 'deleted', '0', '0', '0', '0', '0', '0', '0', 'EQ', 'input', '', 13, 'admin', '2025-01-24 16:52:48', '', '2025-01-24 17:05:30');
INSERT INTO `gen_table_column` VALUES (246, 27, 'id', '学习记录ID', 'bigint', 'Long', 'id', '1', '0', '0', '0', NULL, NULL, NULL, 'EQ', 'input', '', 1, 'admin', '2025-01-24 16:52:48', '', '2025-01-24 17:07:06');
INSERT INTO `gen_table_column` VALUES (247, 27, 'stu_id', '学习者', 'bigint', 'Long', 'stuId', '0', '0', '1', '1', '1', '1', '1', 'EQ', 'input', '', 2, 'admin', '2025-01-24 16:52:48', '', '2025-01-24 17:07:06');
INSERT INTO `gen_table_column` VALUES (248, 27, 'course_id', '课程', 'bigint', 'Long', 'courseId', '0', '0', '1', '1', '1', '1', '1', 'EQ', 'input', '', 3, 'admin', '2025-01-24 16:52:48', '', '2025-01-24 17:07:06');
INSERT INTO `gen_table_column` VALUES (249, 27, 'completion_time', '完成时间', 'timestamp', 'Date', 'completionTime', '0', '0', '0', '1', '1', '1', '0', 'EQ', 'datetime', '', 4, 'admin', '2025-01-24 16:52:48', '', '2025-01-24 17:07:06');
INSERT INTO `gen_table_column` VALUES (250, 27, 'status', '状态', 'tinyint', 'Long', 'status', '0', '0', '1', '1', '1', '1', '1', 'EQ', 'radio', 'study_status', 5, 'admin', '2025-01-24 16:52:48', '', '2025-01-24 17:07:06');
INSERT INTO `gen_table_column` VALUES (251, 27, 'progress', '课程进度百分比（0-100）', 'decimal(5,2)', 'BigDecimal', 'progress', '0', '0', '1', '1', '1', '1', '0', 'EQ', 'input', '', 6, 'admin', '2025-01-24 16:52:48', '', '2025-01-24 17:07:06');
INSERT INTO `gen_table_column` VALUES (252, 27, 'create_by', '创建者', 'varchar(64)', 'String', 'createBy', '0', '0', '0', '0', NULL, NULL, NULL, 'EQ', 'input', '', 7, 'admin', '2025-01-24 16:52:48', '', '2025-01-24 17:07:06');
INSERT INTO `gen_table_column` VALUES (253, 27, 'create_time', '创建时间', 'timestamp', 'Date', 'createTime', '0', '0', '0', '0', NULL, NULL, NULL, 'EQ', 'datetime', '', 8, 'admin', '2025-01-24 16:52:48', '', '2025-01-24 17:07:06');
INSERT INTO `gen_table_column` VALUES (254, 27, 'update_by', '更新者', 'varchar(64)', 'String', 'updateBy', '0', '0', '0', '0', '0', NULL, NULL, 'EQ', 'input', '', 9, 'admin', '2025-01-24 16:52:48', '', '2025-01-24 17:07:06');
INSERT INTO `gen_table_column` VALUES (255, 27, 'update_time', '更新时间', 'timestamp', 'Date', 'updateTime', '0', '0', '0', '0', '0', NULL, NULL, 'EQ', 'datetime', '', 10, 'admin', '2025-01-24 16:52:48', '', '2025-01-24 17:07:06');
INSERT INTO `gen_table_column` VALUES (256, 27, 'deleted', '逻辑删除字段', 'tinyint', 'Long', 'deleted', '0', '0', '0', '0', '0', '0', '0', 'EQ', 'input', '', 11, 'admin', '2025-01-24 16:52:48', '', '2025-01-24 17:07:06');
INSERT INTO `gen_table_column` VALUES (257, 28, 'id', '记录ID', 'bigint', 'Long', 'id', '1', '0', '0', '0', NULL, NULL, NULL, 'EQ', 'input', '', 1, 'admin', '2025-01-26 09:27:54', '', '2025-01-26 09:31:00');
INSERT INTO `gen_table_column` VALUES (258, 28, 'stu_id', '学生ID', 'bigint', 'Long', 'stuId', '0', '0', '1', '1', '1', '1', '1', 'EQ', 'input', '', 2, 'admin', '2025-01-26 09:27:54', '', '2025-01-26 09:31:00');
INSERT INTO `gen_table_column` VALUES (259, 28, 'course_id', '课程ID', 'bigint', 'Long', 'courseId', '0', '0', '1', '1', '1', '1', '1', 'EQ', 'input', '', 3, 'admin', '2025-01-26 09:27:54', '', '2025-01-26 09:31:00');
INSERT INTO `gen_table_column` VALUES (260, 28, 'progress', '学习进度(%)', 'decimal(5,2)', 'BigDecimal', 'progress', '0', '0', '1', '1', '1', '1', '1', 'EQ', 'input', '', 4, 'admin', '2025-01-26 09:27:54', '', '2025-01-26 09:31:00');
INSERT INTO `gen_table_column` VALUES (261, 28, 'create_by', '创建者', 'varchar(64)', 'String', 'createBy', '0', '0', '0', '0', NULL, NULL, NULL, 'EQ', 'input', '', 5, 'admin', '2025-01-26 09:27:54', '', '2025-01-26 09:31:00');
INSERT INTO `gen_table_column` VALUES (262, 28, 'create_time', '创建时间', 'timestamp', 'Date', 'createTime', '0', '0', '0', '0', NULL, NULL, NULL, 'EQ', 'datetime', '', 6, 'admin', '2025-01-26 09:27:54', '', '2025-01-26 09:31:00');
INSERT INTO `gen_table_column` VALUES (263, 28, 'update_by', '更新者', 'varchar(64)', 'String', 'updateBy', '0', '0', '0', '0', '0', NULL, NULL, 'EQ', 'input', '', 7, 'admin', '2025-01-26 09:27:54', '', '2025-01-26 09:31:00');
INSERT INTO `gen_table_column` VALUES (264, 28, 'update_time', '更新时间', 'timestamp', 'Date', 'updateTime', '0', '0', '0', '0', '0', NULL, NULL, 'EQ', 'datetime', '', 8, 'admin', '2025-01-26 09:27:54', '', '2025-01-26 09:31:00');
INSERT INTO `gen_table_column` VALUES (265, 28, 'deleted', '逻辑删除字段', 'tinyint', 'Long', 'deleted', '0', '0', '0', '0', '0', '0', '0', 'EQ', 'input', '', 9, 'admin', '2025-01-26 09:27:54', '', '2025-01-26 09:31:00');
INSERT INTO `gen_table_column` VALUES (266, 29, 'id', 'ID', 'bigint', 'Long', 'id', '1', '0', '0', '1', NULL, NULL, NULL, 'EQ', 'input', '', 1, 'admin', '2025-01-26 14:04:38', '', NULL);
INSERT INTO `gen_table_column` VALUES (267, 29, 'paper_id', '试卷ID', 'bigint', 'Long', 'paperId', '0', '0', '1', '1', '1', '1', '1', 'EQ', 'input', '', 2, 'admin', '2025-01-26 14:04:38', '', NULL);
INSERT INTO `gen_table_column` VALUES (268, 29, 'question_id', '题目ID', 'bigint', 'Long', 'questionId', '0', '0', '1', '1', '1', '1', '1', 'EQ', 'input', '', 3, 'admin', '2025-01-26 14:04:38', '', NULL);
INSERT INTO `gen_table_column` VALUES (269, 29, 'score', '分值', 'int', 'Long', 'score', '0', '0', '1', '1', '1', '1', '1', 'EQ', 'input', '', 4, 'admin', '2025-01-26 14:04:38', '', NULL);
INSERT INTO `gen_table_column` VALUES (270, 29, 'order_num', '题目顺序', 'int', 'Long', 'orderNum', '0', '0', '0', '1', '1', '1', '1', 'EQ', 'input', '', 5, 'admin', '2025-01-26 14:04:38', '', NULL);
INSERT INTO `gen_table_column` VALUES (271, 30, 'id', 'ID', 'bigint', 'Long', 'id', '1', '0', '0', '1', NULL, NULL, NULL, 'EQ', 'input', '', 1, 'admin', '2025-01-26 14:04:38', '', NULL);
INSERT INTO `gen_table_column` VALUES (272, 30, 'file_id', '关联Oss文件ID', 'bigint', 'Long', 'fileId', '0', '0', '1', '1', '1', '1', '1', 'EQ', 'input', '', 2, 'admin', '2025-01-26 14:04:38', '', NULL);
INSERT INTO `gen_table_column` VALUES (273, 30, 'path', '图片存储路径', 'varchar(255)', 'String', 'path', '0', '0', '1', '1', '1', '1', '1', 'EQ', 'input', '', 3, 'admin', '2025-01-26 14:04:38', '', NULL);
INSERT INTO `gen_table_column` VALUES (274, 30, 'page_number', '图片所处页面', 'int', 'Long', 'pageNumber', '0', '0', '0', '1', '1', '1', '1', 'EQ', 'input', '', 4, 'admin', '2025-01-26 14:04:38', '', NULL);
INSERT INTO `gen_table_column` VALUES (275, 31, 'id', 'ID', 'bigint', 'Long', 'id', '0', '0', '1', '0', NULL, NULL, NULL, 'EQ', 'input', '', 1, 'admin', '2025-01-26 14:04:38', '', '2025-01-26 14:06:35');
INSERT INTO `gen_table_column` VALUES (276, 31, 'user_id', '关联学生', 'bigint', 'Long', 'userId', '0', '0', '1', '1', '1', '1', '1', 'EQ', 'input', '', 2, 'admin', '2025-01-26 14:04:38', '', '2025-01-26 14:06:35');
INSERT INTO `gen_table_column` VALUES (277, 31, 'goal_id', '关联学习目标', 'bigint', 'Long', 'goalId', '0', '0', '1', '1', '1', '1', '0', 'EQ', 'input', '', 3, 'admin', '2025-01-26 14:04:38', '', '2025-01-26 14:06:35');
INSERT INTO `gen_table_column` VALUES (278, 31, 'status', '学习目标状态', 'tinyint', 'Long', 'status', '0', '0', '1', '1', '1', '1', '1', 'EQ', 'select', 'study_status', 4, 'admin', '2025-01-26 14:04:38', '', '2025-01-26 14:06:35');
INSERT INTO `gen_table_column` VALUES (279, 31, 'progress', '学习进度百分比', 'decimal(5,2)', 'BigDecimal', 'progress', '0', '0', '1', '1', '1', '1', '1', 'EQ', 'input', '', 5, 'admin', '2025-01-26 14:04:38', '', '2025-01-26 14:06:35');
INSERT INTO `gen_table_column` VALUES (280, 31, 'create_by', '创建者', 'varchar(64)', 'String', 'createBy', '0', '0', '0', '0', NULL, NULL, NULL, 'EQ', 'input', '', 6, 'admin', '2025-01-26 14:04:38', '', '2025-01-26 14:06:35');
INSERT INTO `gen_table_column` VALUES (281, 31, 'create_time', '创建时间', 'timestamp', 'Date', 'createTime', '0', '0', '0', '0', NULL, NULL, NULL, 'EQ', 'datetime', '', 7, 'admin', '2025-01-26 14:04:38', '', '2025-01-26 14:06:35');
INSERT INTO `gen_table_column` VALUES (282, 31, 'update_by', '更新者', 'varchar(64)', 'String', 'updateBy', '0', '0', '0', '0', '0', NULL, NULL, 'EQ', 'input', '', 8, 'admin', '2025-01-26 14:04:38', '', '2025-01-26 14:06:35');
INSERT INTO `gen_table_column` VALUES (283, 31, 'update_time', '更新时间', 'timestamp', 'Date', 'updateTime', '0', '0', '0', '0', '0', NULL, NULL, 'EQ', 'datetime', '', 9, 'admin', '2025-01-26 14:04:38', '', '2025-01-26 14:06:35');
INSERT INTO `gen_table_column` VALUES (284, 31, 'deleted', '逻辑删除字段', 'tinyint', 'Long', 'deleted', '0', '0', '0', '0', '0', '0', '0', 'EQ', 'input', '', 10, 'admin', '2025-01-26 14:04:38', '', '2025-01-26 14:06:35');
INSERT INTO `gen_table_column` VALUES (285, 32, 'id', '题库ID', 'bigint', 'Long', 'id', '0', '0', '0', '0', NULL, NULL, NULL, 'EQ', 'input', '', 1, 'admin', '2025-02-09 20:49:50', '', '2025-02-09 20:50:50');
INSERT INTO `gen_table_column` VALUES (286, 32, 'name', '题库名称', 'varchar(50)', 'String', 'name', '0', '0', '1', '1', '1', '1', '1', 'LIKE', 'input', '', 2, 'admin', '2025-02-09 20:49:50', '', '2025-02-09 20:50:50');
INSERT INTO `gen_table_column` VALUES (287, 32, 'course_id', '关联课程', 'bigint', 'Long', 'courseId', '0', '0', '1', '1', '1', '1', '1', 'EQ', 'input', '', 3, 'admin', '2025-02-09 20:49:50', '', '2025-02-09 20:50:50');
INSERT INTO `gen_table_column` VALUES (288, 32, 'create_by', '创建者', 'varchar(64)', 'String', 'createBy', '0', '0', '0', '0', NULL, NULL, NULL, 'EQ', 'input', '', 4, 'admin', '2025-02-09 20:49:50', '', '2025-02-09 20:50:50');
INSERT INTO `gen_table_column` VALUES (289, 32, 'create_time', '创建时间', 'timestamp', 'Date', 'createTime', '0', '0', '0', '0', NULL, NULL, NULL, 'EQ', 'datetime', '', 5, 'admin', '2025-02-09 20:49:50', '', '2025-02-09 20:50:50');
INSERT INTO `gen_table_column` VALUES (290, 32, 'update_by', '更新者', 'varchar(64)', 'String', 'updateBy', '0', '0', '0', '0', '0', NULL, NULL, 'EQ', 'input', '', 6, 'admin', '2025-02-09 20:49:50', '', '2025-02-09 20:50:50');
INSERT INTO `gen_table_column` VALUES (291, 32, 'update_time', '更新时间', 'timestamp', 'Date', 'updateTime', '0', '0', '0', '0', '0', NULL, NULL, 'EQ', 'datetime', '', 7, 'admin', '2025-02-09 20:49:50', '', '2025-02-09 20:50:50');
INSERT INTO `gen_table_column` VALUES (292, 32, 'deleted', '逻辑删除字段', 'tinyint', 'Long', 'deleted', '0', '0', '0', '0', NULL, NULL, NULL, 'EQ', 'input', '', 8, 'admin', '2025-02-09 20:49:50', '', '2025-02-09 20:50:50');
INSERT INTO `gen_table_column` VALUES (293, 33, 'id', '主键', 'bigint', 'Long', 'id', '1', '0', '0', '0', NULL, NULL, NULL, 'EQ', 'input', '', 1, 'admin', '2025-02-11 09:31:18', '', '2025-02-11 09:34:35');
INSERT INTO `gen_table_column` VALUES (294, 33, 'course_id', '关联课程ID', 'bigint', 'Long', 'courseId', '0', '0', '1', '1', '1', '1', '1', 'EQ', 'input', '', 2, 'admin', '2025-02-11 09:31:18', '', '2025-02-11 09:34:35');
INSERT INTO `gen_table_column` VALUES (295, 33, 'paper_id', '关联试卷ID', 'bigint', 'Long', 'paperId', '0', '0', '1', '1', '1', '1', '0', 'EQ', 'input', '', 3, 'admin', '2025-02-11 09:31:18', '', '2025-02-11 09:34:35');
INSERT INTO `gen_table_column` VALUES (296, 33, 'name', '考试名称', 'varchar(100)', 'String', 'name', '0', '0', '1', '1', '1', '1', '1', 'LIKE', 'input', '', 4, 'admin', '2025-02-11 09:31:18', '', '2025-02-11 09:34:35');
INSERT INTO `gen_table_column` VALUES (297, 33, 'total_score', '总分数', 'int', 'Long', 'totalScore', '0', '0', '1', '1', '1', '1', '0', 'EQ', 'input', '', 5, 'admin', '2025-02-11 09:31:18', '', '2025-02-11 09:34:35');
INSERT INTO `gen_table_column` VALUES (298, 33, 'pass_score', '及格分数', 'int', 'Long', 'passScore', '0', '0', '1', '1', '1', '1', '0', 'EQ', 'input', '', 6, 'admin', '2025-02-11 09:31:18', '', '2025-02-11 09:34:35');
INSERT INTO `gen_table_column` VALUES (299, 33, 'duration', '考试时长(分钟)', 'int', 'Long', 'duration', '0', '0', '1', '1', '1', '1', '0', 'EQ', 'input', '', 7, 'admin', '2025-02-11 09:31:18', '', '2025-02-11 09:34:35');
INSERT INTO `gen_table_column` VALUES (300, 33, 'limit', '是否限时(0-否 1-是)', 'tinyint', 'Long', 'limit', '0', '0', '1', '1', '1', '1', '0', 'EQ', 'input', '', 8, 'admin', '2025-02-11 09:31:18', '', '2025-02-11 09:34:35');
INSERT INTO `gen_table_column` VALUES (301, 33, 'start_time', '开始时间', 'date', 'Date', 'startTime', '0', '0', '0', '1', '1', '1', '0', 'EQ', 'datetime', '', 9, 'admin', '2025-02-11 09:31:18', '', '2025-02-11 09:34:35');
INSERT INTO `gen_table_column` VALUES (302, 33, 'end_time', '结束时间', 'date', 'Date', 'endTime', '0', '0', '0', '1', '1', '1', '0', 'EQ', 'datetime', '', 10, 'admin', '2025-02-11 09:31:18', '', '2025-02-11 09:34:35');
INSERT INTO `gen_table_column` VALUES (303, 33, 'create_by', '创建者', 'varchar(64)', 'String', 'createBy', '0', '0', '0', '0', NULL, NULL, NULL, 'EQ', 'input', '', 11, 'admin', '2025-02-11 09:31:18', '', '2025-02-11 09:34:35');
INSERT INTO `gen_table_column` VALUES (304, 33, 'create_time', '创建时间', 'timestamp', 'Date', 'createTime', '0', '0', '0', '0', NULL, NULL, NULL, 'EQ', 'datetime', '', 12, 'admin', '2025-02-11 09:31:18', '', '2025-02-11 09:34:35');
INSERT INTO `gen_table_column` VALUES (305, 33, 'update_by', '更新者', 'varchar(64)', 'String', 'updateBy', '0', '0', '0', '0', '0', NULL, NULL, 'EQ', 'input', '', 13, 'admin', '2025-02-11 09:31:18', '', '2025-02-11 09:34:35');
INSERT INTO `gen_table_column` VALUES (306, 33, 'update_time', '更新时间', 'timestamp', 'Date', 'updateTime', '0', '0', '0', '0', '0', NULL, NULL, 'EQ', 'datetime', '', 14, 'admin', '2025-02-11 09:31:18', '', '2025-02-11 09:34:35');
INSERT INTO `gen_table_column` VALUES (307, 33, 'deleted', '逻辑删除字段', 'tinyint', 'Long', 'deleted', '0', '0', '0', '0', NULL, NULL, NULL, 'EQ', 'input', '', 15, 'admin', '2025-02-11 09:31:18', '', '2025-02-11 09:34:35');
INSERT INTO `gen_table_column` VALUES (308, 34, 'id', '记录ID', 'bigint', 'Long', 'id', '1', '0', '0', '0', NULL, NULL, NULL, 'EQ', 'input', '', 1, 'admin', '2025-02-11 21:23:45', '', '2025-02-11 22:44:39');
INSERT INTO `gen_table_column` VALUES (309, 34, 'record_id', '考试记录ID', 'bigint', 'Long', 'recordId', '0', '0', '1', '1', '1', '1', '1', 'EQ', 'input', '', 2, 'admin', '2025-02-11 21:23:45', '', '2025-02-11 22:44:39');
INSERT INTO `gen_table_column` VALUES (310, 34, 'question_id', '题目ID', 'bigint', 'Long', 'questionId', '0', '0', '1', '1', '1', '1', '1', 'EQ', 'input', '', 3, 'admin', '2025-02-11 21:23:45', '', '2025-02-11 22:44:39');
INSERT INTO `gen_table_column` VALUES (311, 34, 'answer', '答案', 'varchar(255)', 'String', 'answer', '0', '0', '0', '1', '1', '1', '1', 'EQ', 'input', '', 4, 'admin', '2025-02-11 21:23:45', '', '2025-02-11 22:44:39');
INSERT INTO `gen_table_column` VALUES (312, 35, 'id', '记录ID', 'bigint', 'Long', 'id', '1', '0', '0', '0', NULL, NULL, NULL, 'EQ', 'input', '', 1, 'admin', '2025-02-11 21:23:45', '', '2025-02-11 21:24:43');
INSERT INTO `gen_table_column` VALUES (313, 35, 'exam_id', '考试ID', 'bigint', 'Long', 'examId', '0', '0', '1', '1', '1', '1', '1', 'EQ', 'input', '', 2, 'admin', '2025-02-11 21:23:45', '', '2025-02-11 21:24:43');
INSERT INTO `gen_table_column` VALUES (314, 35, 'user_id', '关联用户ID', 'bigint', 'Long', 'userId', '0', '0', '1', '1', '1', '1', '1', 'EQ', 'input', '', 3, 'admin', '2025-02-11 21:23:45', '', '2025-02-11 21:24:43');
INSERT INTO `gen_table_column` VALUES (315, 35, 'score', '分数', 'int', 'Long', 'score', '0', '0', '0', '1', '1', '1', '1', 'EQ', 'input', '', 4, 'admin', '2025-02-11 21:23:45', '', '2025-02-11 21:24:43');
INSERT INTO `gen_table_column` VALUES (316, 35, 'status', '考试状态', 'tinyint', 'Long', 'status', '0', '0', '1', '1', '1', '1', '1', 'EQ', 'radio', '', 5, 'admin', '2025-02-11 21:23:45', '', '2025-02-11 21:24:43');
INSERT INTO `gen_table_column` VALUES (317, 35, 'start_time', '开始时间', 'timestamp', 'Date', 'startTime', '0', '0', '0', '0', '0', '1', '0', 'EQ', 'datetime', '', 6, 'admin', '2025-02-11 21:23:45', '', '2025-02-11 21:24:43');
INSERT INTO `gen_table_column` VALUES (318, 35, 'end_time', '结束时间', 'timestamp', 'Date', 'endTime', '0', '0', '0', '0', '0', '1', '0', 'EQ', 'datetime', '', 7, 'admin', '2025-02-11 21:23:45', '', '2025-02-11 21:24:43');
INSERT INTO `gen_table_column` VALUES (319, 36, 'id', '主键', 'bigint', 'Long', 'id', '1', '0', '0', '1', NULL, NULL, NULL, 'EQ', 'input', '', 1, 'admin', '2025-02-12 23:46:39', '', '2025-02-12 23:49:13');
INSERT INTO `gen_table_column` VALUES (320, 36, 'name', '名称', 'varchar(50)', 'String', 'name', '0', '0', '1', '1', '1', '1', '1', 'LIKE', 'input', '', 2, 'admin', '2025-02-12 23:46:39', '', '2025-02-12 23:49:13');
INSERT INTO `gen_table_column` VALUES (321, 36, 'status', '启用状态(0-禁用 1-启用)', 'tinyint', 'Long', 'status', '0', '0', '1', '1', '1', '1', '1', 'EQ', 'input', '', 3, 'admin', '2025-02-12 23:46:39', '', '2025-02-12 23:49:13');
INSERT INTO `gen_table_column` VALUES (322, 36, 'create_by', '创建者', 'varchar(64)', 'String', 'createBy', '0', '0', '0', '1', NULL, NULL, NULL, 'EQ', 'input', '', 4, 'admin', '2025-02-12 23:46:39', '', '2025-02-12 23:49:13');
INSERT INTO `gen_table_column` VALUES (323, 36, 'create_time', '创建时间', 'timestamp', 'Date', 'createTime', '0', '0', '0', '1', NULL, NULL, NULL, 'EQ', 'datetime', '', 5, 'admin', '2025-02-12 23:46:39', '', '2025-02-12 23:49:13');
INSERT INTO `gen_table_column` VALUES (324, 36, 'update_by', '更新者', 'varchar(64)', 'String', 'updateBy', '0', '0', '0', '1', '1', NULL, NULL, 'EQ', 'input', '', 6, 'admin', '2025-02-12 23:46:39', '', '2025-02-12 23:49:13');
INSERT INTO `gen_table_column` VALUES (325, 36, 'update_time', '更新时间', 'timestamp', 'Date', 'updateTime', '0', '0', '0', '1', '1', NULL, NULL, 'EQ', 'datetime', '', 7, 'admin', '2025-02-12 23:46:39', '', '2025-02-12 23:49:13');
INSERT INTO `gen_table_column` VALUES (326, 36, 'deleted', '逻辑删除字段', 'tinyint', 'Long', 'deleted', '0', '0', '0', '1', NULL, NULL, NULL, 'EQ', 'input', '', 8, 'admin', '2025-02-12 23:46:39', '', '2025-02-12 23:49:13');
INSERT INTO `gen_table_column` VALUES (1948640203221110786, 1948640203174973441, 'id', 'ID', 'bigint', 'Long', 'id', '1', '0', '0', '1', NULL, NULL, NULL, 'EQ', 'input', '', 1, 'admin', NULL, '', NULL);
INSERT INTO `gen_table_column` VALUES (1948640203237888002, 1948640203174973441, 'paper_id', '关联试卷ID', 'bigint', 'Long', 'paperId', '0', '0', '1', '1', '1', '1', '1', 'EQ', 'input', '', 2, 'admin', NULL, '', NULL);
INSERT INTO `gen_table_column` VALUES (1948640203246276609, 1948640203174973441, 'repo_id', '关联题库ID', 'bigint', 'Long', 'repoId', '0', '0', '1', '1', '1', '1', '1', 'EQ', 'input', '', 3, 'admin', NULL, '', NULL);
INSERT INTO `gen_table_column` VALUES (1948640203254665218, 1948640203174973441, 'single_choice_count', '单选题数量', 'int', 'Long', 'singleChoiceCount', '0', '0', '0', '1', '1', '1', '1', 'EQ', 'input', '', 4, 'admin', NULL, '', NULL);
INSERT INTO `gen_table_column` VALUES (1948640203271442434, 1948640203174973441, 'single_choice_score', '单选题分数', 'int', 'Long', 'singleChoiceScore', '0', '0', '0', '1', '1', '1', '1', 'EQ', 'input', '', 5, 'admin', NULL, '', NULL);
INSERT INTO `gen_table_column` VALUES (1948640203284025346, 1948640203174973441, 'multiple_choice_count', '多选题数量', 'int', 'Long', 'multipleChoiceCount', '0', '0', '0', '1', '1', '1', '1', 'EQ', 'input', '', 6, 'admin', NULL, '', NULL);
INSERT INTO `gen_table_column` VALUES (1948640203288219650, 1948640203174973441, 'multiple_choice_score', '多选题分数', 'int', 'Long', 'multipleChoiceScore', '0', '0', '0', '1', '1', '1', '1', 'EQ', 'input', '', 7, 'admin', NULL, '', NULL);
INSERT INTO `gen_table_column` VALUES (1948640203300802562, 1948640203174973441, 'judge_count', '判断题数量', 'int', 'Long', 'judgeCount', '0', '0', '0', '1', '1', '1', '1', 'EQ', 'input', '', 8, 'admin', NULL, '', NULL);
INSERT INTO `gen_table_column` VALUES (1948640203317579778, 1948640203174973441, 'judge_score', '判断题分数', 'int', 'Long', 'judgeScore', '0', '0', '0', '1', '1', '1', '1', 'EQ', 'input', '', 9, 'admin', NULL, '', NULL);
INSERT INTO `gen_table_column` VALUES (1948640203325968386, 1948640203174973441, 'blank_count', '填空题数量', 'int', 'Long', 'blankCount', '0', '0', '0', '1', '1', '1', '1', 'EQ', 'input', '', 10, 'admin', NULL, '', NULL);
INSERT INTO `gen_table_column` VALUES (1948640203334356994, 1948640203174973441, 'blank_score', '填空题分数', 'int', 'Long', 'blankScore', '0', '0', '0', '1', '1', '1', '1', 'EQ', 'input', '', 11, 'admin', NULL, '', NULL);
INSERT INTO `gen_table_column` VALUES (1948640203338551297, 1948640203174973441, 'short_answer_count', '简单题数量', 'int', 'Long', 'shortAnswerCount', '0', '0', '0', '1', '1', '1', '1', 'EQ', 'input', '', 12, 'admin', NULL, '', NULL);
INSERT INTO `gen_table_column` VALUES (1948640203355328513, 1948640203174973441, 'short_answer_score', '简答题分数', 'int', 'Long', 'shortAnswerScore', '0', '0', '0', '1', '1', '1', '1', 'EQ', 'input', '', 13, 'admin', NULL, '', NULL);

-- ----------------------------
-- Table structure for qrtz_blob_triggers
-- ----------------------------
DROP TABLE IF EXISTS `qrtz_blob_triggers`;
CREATE TABLE `qrtz_blob_triggers`  (
  `sched_name` varchar(120) CHARACTER SET utf8mb4 COLLATE utf8mb4_0900_ai_ci NOT NULL COMMENT '调度名称',
  `trigger_name` varchar(200) CHARACTER SET utf8mb4 COLLATE utf8mb4_0900_ai_ci NOT NULL COMMENT 'qrtz_triggers表trigger_name的外键',
  `trigger_group` varchar(200) CHARACTER SET utf8mb4 COLLATE utf8mb4_0900_ai_ci NOT NULL COMMENT 'qrtz_triggers表trigger_group的外键',
  `blob_data` blob NULL COMMENT '存放持久化Trigger对象',
  PRIMARY KEY (`sched_name`, `trigger_name`, `trigger_group`) USING BTREE,
  CONSTRAINT `qrtz_blob_triggers_ibfk_1` FOREIGN KEY (`sched_name`, `trigger_name`, `trigger_group`) REFERENCES `qrtz_triggers` (`sched_name`, `trigger_name`, `trigger_group`) ON DELETE RESTRICT ON UPDATE RESTRICT
) ENGINE = InnoDB CHARACTER SET = utf8mb4 COLLATE = utf8mb4_0900_ai_ci COMMENT = 'Blob类型的触发器表' ROW_FORMAT = DYNAMIC;

-- ----------------------------
-- Records of qrtz_blob_triggers
-- ----------------------------

-- ----------------------------
-- Table structure for qrtz_calendars
-- ----------------------------
DROP TABLE IF EXISTS `qrtz_calendars`;
CREATE TABLE `qrtz_calendars`  (
  `sched_name` varchar(120) CHARACTER SET utf8mb4 COLLATE utf8mb4_0900_ai_ci NOT NULL COMMENT '调度名称',
  `calendar_name` varchar(200) CHARACTER SET utf8mb4 COLLATE utf8mb4_0900_ai_ci NOT NULL COMMENT '日历名称',
  `calendar` blob NOT NULL COMMENT '存放持久化calendar对象',
  PRIMARY KEY (`sched_name`, `calendar_name`) USING BTREE
) ENGINE = InnoDB CHARACTER SET = utf8mb4 COLLATE = utf8mb4_0900_ai_ci COMMENT = '日历信息表' ROW_FORMAT = DYNAMIC;

-- ----------------------------
-- Records of qrtz_calendars
-- ----------------------------

-- ----------------------------
-- Table structure for qrtz_cron_triggers
-- ----------------------------
DROP TABLE IF EXISTS `qrtz_cron_triggers`;
CREATE TABLE `qrtz_cron_triggers`  (
  `sched_name` varchar(120) CHARACTER SET utf8mb4 COLLATE utf8mb4_0900_ai_ci NOT NULL COMMENT '调度名称',
  `trigger_name` varchar(200) CHARACTER SET utf8mb4 COLLATE utf8mb4_0900_ai_ci NOT NULL COMMENT 'qrtz_triggers表trigger_name的外键',
  `trigger_group` varchar(200) CHARACTER SET utf8mb4 COLLATE utf8mb4_0900_ai_ci NOT NULL COMMENT 'qrtz_triggers表trigger_group的外键',
  `cron_expression` varchar(200) CHARACTER SET utf8mb4 COLLATE utf8mb4_0900_ai_ci NOT NULL COMMENT 'cron表达式',
  `time_zone_id` varchar(80) CHARACTER SET utf8mb4 COLLATE utf8mb4_0900_ai_ci NULL DEFAULT NULL COMMENT '时区',
  PRIMARY KEY (`sched_name`, `trigger_name`, `trigger_group`) USING BTREE,
  CONSTRAINT `qrtz_cron_triggers_ibfk_1` FOREIGN KEY (`sched_name`, `trigger_name`, `trigger_group`) REFERENCES `qrtz_triggers` (`sched_name`, `trigger_name`, `trigger_group`) ON DELETE RESTRICT ON UPDATE RESTRICT
) ENGINE = InnoDB CHARACTER SET = utf8mb4 COLLATE = utf8mb4_0900_ai_ci COMMENT = 'Cron类型的触发器表' ROW_FORMAT = DYNAMIC;

-- ----------------------------
-- Records of qrtz_cron_triggers
-- ----------------------------

-- ----------------------------
-- Table structure for qrtz_fired_triggers
-- ----------------------------
DROP TABLE IF EXISTS `qrtz_fired_triggers`;
CREATE TABLE `qrtz_fired_triggers`  (
  `sched_name` varchar(120) CHARACTER SET utf8mb4 COLLATE utf8mb4_0900_ai_ci NOT NULL COMMENT '调度名称',
  `entry_id` varchar(95) CHARACTER SET utf8mb4 COLLATE utf8mb4_0900_ai_ci NOT NULL COMMENT '调度器实例id',
  `trigger_name` varchar(200) CHARACTER SET utf8mb4 COLLATE utf8mb4_0900_ai_ci NOT NULL COMMENT 'qrtz_triggers表trigger_name的外键',
  `trigger_group` varchar(200) CHARACTER SET utf8mb4 COLLATE utf8mb4_0900_ai_ci NOT NULL COMMENT 'qrtz_triggers表trigger_group的外键',
  `instance_name` varchar(200) CHARACTER SET utf8mb4 COLLATE utf8mb4_0900_ai_ci NOT NULL COMMENT '调度器实例名',
  `fired_time` bigint NOT NULL COMMENT '触发的时间',
  `sched_time` bigint NOT NULL COMMENT '定时器制定的时间',
  `priority` int NOT NULL COMMENT '优先级',
  `state` varchar(16) CHARACTER SET utf8mb4 COLLATE utf8mb4_0900_ai_ci NOT NULL COMMENT '状态',
  `job_name` varchar(200) CHARACTER SET utf8mb4 COLLATE utf8mb4_0900_ai_ci NULL DEFAULT NULL COMMENT '任务名称',
  `job_group` varchar(200) CHARACTER SET utf8mb4 COLLATE utf8mb4_0900_ai_ci NULL DEFAULT NULL COMMENT '任务组名',
  `is_nonconcurrent` varchar(1) CHARACTER SET utf8mb4 COLLATE utf8mb4_0900_ai_ci NULL DEFAULT NULL COMMENT '是否并发',
  `requests_recovery` varchar(1) CHARACTER SET utf8mb4 COLLATE utf8mb4_0900_ai_ci NULL DEFAULT NULL COMMENT '是否接受恢复执行',
  PRIMARY KEY (`sched_name`, `entry_id`) USING BTREE
) ENGINE = InnoDB CHARACTER SET = utf8mb4 COLLATE = utf8mb4_0900_ai_ci COMMENT = '已触发的触发器表' ROW_FORMAT = DYNAMIC;

-- ----------------------------
-- Records of qrtz_fired_triggers
-- ----------------------------

-- ----------------------------
-- Table structure for qrtz_job_details
-- ----------------------------
DROP TABLE IF EXISTS `qrtz_job_details`;
CREATE TABLE `qrtz_job_details`  (
  `sched_name` varchar(120) CHARACTER SET utf8mb4 COLLATE utf8mb4_0900_ai_ci NOT NULL COMMENT '调度名称',
  `job_name` varchar(200) CHARACTER SET utf8mb4 COLLATE utf8mb4_0900_ai_ci NOT NULL COMMENT '任务名称',
  `job_group` varchar(200) CHARACTER SET utf8mb4 COLLATE utf8mb4_0900_ai_ci NOT NULL COMMENT '任务组名',
  `description` varchar(250) CHARACTER SET utf8mb4 COLLATE utf8mb4_0900_ai_ci NULL DEFAULT NULL COMMENT '相关介绍',
  `job_class_name` varchar(250) CHARACTER SET utf8mb4 COLLATE utf8mb4_0900_ai_ci NOT NULL COMMENT '执行任务类名称',
  `is_durable` varchar(1) CHARACTER SET utf8mb4 COLLATE utf8mb4_0900_ai_ci NOT NULL COMMENT '是否持久化',
  `is_nonconcurrent` varchar(1) CHARACTER SET utf8mb4 COLLATE utf8mb4_0900_ai_ci NOT NULL COMMENT '是否并发',
  `is_update_data` varchar(1) CHARACTER SET utf8mb4 COLLATE utf8mb4_0900_ai_ci NOT NULL COMMENT '是否更新数据',
  `requests_recovery` varchar(1) CHARACTER SET utf8mb4 COLLATE utf8mb4_0900_ai_ci NOT NULL COMMENT '是否接受恢复执行',
  `job_data` blob NULL COMMENT '存放持久化job对象',
  PRIMARY KEY (`sched_name`, `job_name`, `job_group`) USING BTREE
) ENGINE = InnoDB CHARACTER SET = utf8mb4 COLLATE = utf8mb4_0900_ai_ci COMMENT = '任务详细信息表' ROW_FORMAT = DYNAMIC;

-- ----------------------------
-- Records of qrtz_job_details
-- ----------------------------

-- ----------------------------
-- Table structure for qrtz_locks
-- ----------------------------
DROP TABLE IF EXISTS `qrtz_locks`;
CREATE TABLE `qrtz_locks`  (
  `sched_name` varchar(120) CHARACTER SET utf8mb4 COLLATE utf8mb4_0900_ai_ci NOT NULL COMMENT '调度名称',
  `lock_name` varchar(40) CHARACTER SET utf8mb4 COLLATE utf8mb4_0900_ai_ci NOT NULL COMMENT '悲观锁名称',
  PRIMARY KEY (`sched_name`, `lock_name`) USING BTREE
) ENGINE = InnoDB CHARACTER SET = utf8mb4 COLLATE = utf8mb4_0900_ai_ci COMMENT = '存储的悲观锁信息表' ROW_FORMAT = DYNAMIC;

-- ----------------------------
-- Records of qrtz_locks
-- ----------------------------

-- ----------------------------
-- Table structure for qrtz_paused_trigger_grps
-- ----------------------------
DROP TABLE IF EXISTS `qrtz_paused_trigger_grps`;
CREATE TABLE `qrtz_paused_trigger_grps`  (
  `sched_name` varchar(120) CHARACTER SET utf8mb4 COLLATE utf8mb4_0900_ai_ci NOT NULL COMMENT '调度名称',
  `trigger_group` varchar(200) CHARACTER SET utf8mb4 COLLATE utf8mb4_0900_ai_ci NOT NULL COMMENT 'qrtz_triggers表trigger_group的外键',
  PRIMARY KEY (`sched_name`, `trigger_group`) USING BTREE
) ENGINE = InnoDB CHARACTER SET = utf8mb4 COLLATE = utf8mb4_0900_ai_ci COMMENT = '暂停的触发器表' ROW_FORMAT = DYNAMIC;

-- ----------------------------
-- Records of qrtz_paused_trigger_grps
-- ----------------------------

-- ----------------------------
-- Table structure for qrtz_scheduler_state
-- ----------------------------
DROP TABLE IF EXISTS `qrtz_scheduler_state`;
CREATE TABLE `qrtz_scheduler_state`  (
  `sched_name` varchar(120) CHARACTER SET utf8mb4 COLLATE utf8mb4_0900_ai_ci NOT NULL COMMENT '调度名称',
  `instance_name` varchar(200) CHARACTER SET utf8mb4 COLLATE utf8mb4_0900_ai_ci NOT NULL COMMENT '实例名称',
  `last_checkin_time` bigint NOT NULL COMMENT '上次检查时间',
  `checkin_interval` bigint NOT NULL COMMENT '检查间隔时间',
  PRIMARY KEY (`sched_name`, `instance_name`) USING BTREE
) ENGINE = InnoDB CHARACTER SET = utf8mb4 COLLATE = utf8mb4_0900_ai_ci COMMENT = '调度器状态表' ROW_FORMAT = DYNAMIC;

-- ----------------------------
-- Records of qrtz_scheduler_state
-- ----------------------------

-- ----------------------------
-- Table structure for qrtz_simple_triggers
-- ----------------------------
DROP TABLE IF EXISTS `qrtz_simple_triggers`;
CREATE TABLE `qrtz_simple_triggers`  (
  `sched_name` varchar(120) CHARACTER SET utf8mb4 COLLATE utf8mb4_0900_ai_ci NOT NULL COMMENT '调度名称',
  `trigger_name` varchar(200) CHARACTER SET utf8mb4 COLLATE utf8mb4_0900_ai_ci NOT NULL COMMENT 'qrtz_triggers表trigger_name的外键',
  `trigger_group` varchar(200) CHARACTER SET utf8mb4 COLLATE utf8mb4_0900_ai_ci NOT NULL COMMENT 'qrtz_triggers表trigger_group的外键',
  `repeat_count` bigint NOT NULL COMMENT '重复的次数统计',
  `repeat_interval` bigint NOT NULL COMMENT '重复的间隔时间',
  `times_triggered` bigint NOT NULL COMMENT '已经触发的次数',
  PRIMARY KEY (`sched_name`, `trigger_name`, `trigger_group`) USING BTREE,
  CONSTRAINT `qrtz_simple_triggers_ibfk_1` FOREIGN KEY (`sched_name`, `trigger_name`, `trigger_group`) REFERENCES `qrtz_triggers` (`sched_name`, `trigger_name`, `trigger_group`) ON DELETE RESTRICT ON UPDATE RESTRICT
) ENGINE = InnoDB CHARACTER SET = utf8mb4 COLLATE = utf8mb4_0900_ai_ci COMMENT = '简单触发器的信息表' ROW_FORMAT = DYNAMIC;

-- ----------------------------
-- Records of qrtz_simple_triggers
-- ----------------------------

-- ----------------------------
-- Table structure for qrtz_simprop_triggers
-- ----------------------------
DROP TABLE IF EXISTS `qrtz_simprop_triggers`;
CREATE TABLE `qrtz_simprop_triggers`  (
  `sched_name` varchar(120) CHARACTER SET utf8mb4 COLLATE utf8mb4_0900_ai_ci NOT NULL COMMENT '调度名称',
  `trigger_name` varchar(200) CHARACTER SET utf8mb4 COLLATE utf8mb4_0900_ai_ci NOT NULL COMMENT 'qrtz_triggers表trigger_name的外键',
  `trigger_group` varchar(200) CHARACTER SET utf8mb4 COLLATE utf8mb4_0900_ai_ci NOT NULL COMMENT 'qrtz_triggers表trigger_group的外键',
  `str_prop_1` varchar(512) CHARACTER SET utf8mb4 COLLATE utf8mb4_0900_ai_ci NULL DEFAULT NULL COMMENT 'String类型的trigger的第一个参数',
  `str_prop_2` varchar(512) CHARACTER SET utf8mb4 COLLATE utf8mb4_0900_ai_ci NULL DEFAULT NULL COMMENT 'String类型的trigger的第二个参数',
  `str_prop_3` varchar(512) CHARACTER SET utf8mb4 COLLATE utf8mb4_0900_ai_ci NULL DEFAULT NULL COMMENT 'String类型的trigger的第三个参数',
  `int_prop_1` int NULL DEFAULT NULL COMMENT 'int类型的trigger的第一个参数',
  `int_prop_2` int NULL DEFAULT NULL COMMENT 'int类型的trigger的第二个参数',
  `long_prop_1` bigint NULL DEFAULT NULL COMMENT 'long类型的trigger的第一个参数',
  `long_prop_2` bigint NULL DEFAULT NULL COMMENT 'long类型的trigger的第二个参数',
  `dec_prop_1` decimal(13, 4) NULL DEFAULT NULL COMMENT 'decimal类型的trigger的第一个参数',
  `dec_prop_2` decimal(13, 4) NULL DEFAULT NULL COMMENT 'decimal类型的trigger的第二个参数',
  `bool_prop_1` varchar(1) CHARACTER SET utf8mb4 COLLATE utf8mb4_0900_ai_ci NULL DEFAULT NULL COMMENT 'Boolean类型的trigger的第一个参数',
  `bool_prop_2` varchar(1) CHARACTER SET utf8mb4 COLLATE utf8mb4_0900_ai_ci NULL DEFAULT NULL COMMENT 'Boolean类型的trigger的第二个参数',
  PRIMARY KEY (`sched_name`, `trigger_name`, `trigger_group`) USING BTREE,
  CONSTRAINT `qrtz_simprop_triggers_ibfk_1` FOREIGN KEY (`sched_name`, `trigger_name`, `trigger_group`) REFERENCES `qrtz_triggers` (`sched_name`, `trigger_name`, `trigger_group`) ON DELETE RESTRICT ON UPDATE RESTRICT
) ENGINE = InnoDB CHARACTER SET = utf8mb4 COLLATE = utf8mb4_0900_ai_ci COMMENT = '同步机制的行锁表' ROW_FORMAT = DYNAMIC;

-- ----------------------------
-- Records of qrtz_simprop_triggers
-- ----------------------------

-- ----------------------------
-- Table structure for qrtz_triggers
-- ----------------------------
DROP TABLE IF EXISTS `qrtz_triggers`;
CREATE TABLE `qrtz_triggers`  (
  `sched_name` varchar(120) CHARACTER SET utf8mb4 COLLATE utf8mb4_0900_ai_ci NOT NULL COMMENT '调度名称',
  `trigger_name` varchar(200) CHARACTER SET utf8mb4 COLLATE utf8mb4_0900_ai_ci NOT NULL COMMENT '触发器的名字',
  `trigger_group` varchar(200) CHARACTER SET utf8mb4 COLLATE utf8mb4_0900_ai_ci NOT NULL COMMENT '触发器所属组的名字',
  `job_name` varchar(200) CHARACTER SET utf8mb4 COLLATE utf8mb4_0900_ai_ci NOT NULL COMMENT 'qrtz_job_details表job_name的外键',
  `job_group` varchar(200) CHARACTER SET utf8mb4 COLLATE utf8mb4_0900_ai_ci NOT NULL COMMENT 'qrtz_job_details表job_group的外键',
  `description` varchar(250) CHARACTER SET utf8mb4 COLLATE utf8mb4_0900_ai_ci NULL DEFAULT NULL COMMENT '相关介绍',
  `next_fire_time` bigint NULL DEFAULT NULL COMMENT '上一次触发时间（毫秒）',
  `prev_fire_time` bigint NULL DEFAULT NULL COMMENT '下一次触发时间（默认为-1表示不触发）',
  `priority` int NULL DEFAULT NULL COMMENT '优先级',
  `trigger_state` varchar(16) CHARACTER SET utf8mb4 COLLATE utf8mb4_0900_ai_ci NOT NULL COMMENT '触发器状态',
  `trigger_type` varchar(8) CHARACTER SET utf8mb4 COLLATE utf8mb4_0900_ai_ci NOT NULL COMMENT '触发器的类型',
  `start_time` bigint NOT NULL COMMENT '开始时间',
  `end_time` bigint NULL DEFAULT NULL COMMENT '结束时间',
  `calendar_name` varchar(200) CHARACTER SET utf8mb4 COLLATE utf8mb4_0900_ai_ci NULL DEFAULT NULL COMMENT '日程表名称',
  `misfire_instr` smallint NULL DEFAULT NULL COMMENT '补偿执行的策略',
  `job_data` blob NULL COMMENT '存放持久化job对象',
  PRIMARY KEY (`sched_name`, `trigger_name`, `trigger_group`) USING BTREE,
  INDEX `sched_name`(`sched_name` ASC, `job_name` ASC, `job_group` ASC) USING BTREE,
  CONSTRAINT `qrtz_triggers_ibfk_1` FOREIGN KEY (`sched_name`, `job_name`, `job_group`) REFERENCES `qrtz_job_details` (`sched_name`, `job_name`, `job_group`) ON DELETE RESTRICT ON UPDATE RESTRICT
) ENGINE = InnoDB CHARACTER SET = utf8mb4 COLLATE = utf8mb4_0900_ai_ci COMMENT = '触发器详细信息表' ROW_FORMAT = DYNAMIC;

-- ----------------------------
-- Records of qrtz_triggers
-- ----------------------------

-- ----------------------------
-- Table structure for sys_config
-- ----------------------------
DROP TABLE IF EXISTS `sys_config`;
CREATE TABLE `sys_config`  (
  `config_id` int NOT NULL AUTO_INCREMENT COMMENT '参数主键',
  `config_name` varchar(100) CHARACTER SET utf8mb4 COLLATE utf8mb4_0900_ai_ci NULL DEFAULT '' COMMENT '参数名称',
  `config_key` varchar(100) CHARACTER SET utf8mb4 COLLATE utf8mb4_0900_ai_ci NULL DEFAULT '' COMMENT '参数键名',
  `config_value` varchar(500) CHARACTER SET utf8mb4 COLLATE utf8mb4_0900_ai_ci NULL DEFAULT '' COMMENT '参数键值',
  `config_type` char(1) CHARACTER SET utf8mb4 COLLATE utf8mb4_0900_ai_ci NULL DEFAULT 'N' COMMENT '系统内置（Y是 N否）',
  `create_by` varchar(64) CHARACTER SET utf8mb4 COLLATE utf8mb4_0900_ai_ci NULL DEFAULT '' COMMENT '创建者',
  `create_time` datetime NULL DEFAULT (now()) COMMENT '创建时间',
  `update_by` varchar(64) CHARACTER SET utf8mb4 COLLATE utf8mb4_0900_ai_ci NULL DEFAULT '' COMMENT '更新者',
  `update_time` datetime NULL DEFAULT NULL ON UPDATE CURRENT_TIMESTAMP COMMENT '更新时间',
  `remark` varchar(500) CHARACTER SET utf8mb4 COLLATE utf8mb4_0900_ai_ci NULL DEFAULT NULL COMMENT '备注',
  `deleted` tinyint NULL DEFAULT NULL COMMENT '逻辑删除',
  PRIMARY KEY (`config_id`) USING BTREE
) ENGINE = InnoDB AUTO_INCREMENT = 100 CHARACTER SET = utf8mb4 COLLATE = utf8mb4_0900_ai_ci COMMENT = '参数配置表' ROW_FORMAT = DYNAMIC;

-- ----------------------------
-- Records of sys_config
-- ----------------------------
INSERT INTO `sys_config` VALUES (1, '主框架页-默认皮肤样式名称', 'sys.index.skinName', 'skin-blue', 'Y', 'admin', '2025-07-28 17:56:03', '', NULL, '蓝色 skin-blue、绿色 skin-green、紫色 skin-purple、红色 skin-red、黄色 skin-yellow', 0);
INSERT INTO `sys_config` VALUES (2, '用户管理-账号初始密码', 'sys.user.initPassword', '123456', 'Y', 'admin', '2025-07-28 17:56:03', '', NULL, '初始化密码 123456', 0);
INSERT INTO `sys_config` VALUES (3, '主框架页-侧边栏主题', 'sys.index.sideTheme', 'theme-dark', 'Y', 'admin', '2025-07-28 17:56:03', '', NULL, '深色主题theme-dark，浅色主题theme-light', 0);
INSERT INTO `sys_config` VALUES (4, '账号自助-验证码开关', 'sys.account.captchaEnabled', 'true', 'Y', 'admin', '2025-07-28 17:56:03', '', NULL, '是否开启验证码功能（true开启，false关闭）', 0);
INSERT INTO `sys_config` VALUES (5, '账号自助-是否开启用户注册功能', 'sys.account.registerUser', 'false', 'Y', 'admin', '2025-07-28 17:56:03', '', NULL, '是否开启注册用户功能（true开启，false关闭）', 0);
INSERT INTO `sys_config` VALUES (6, '用户登录-黑名单列表', 'sys.login.blackIPList', '', 'Y', 'admin', '2025-07-28 17:56:03', '', NULL, '设置登录IP黑名单限制，多个匹配项以;分隔，支持匹配（*通配、网段）', 0);
INSERT INTO `sys_config` VALUES (7, '用户管理-初始密码修改策略', 'sys.account.initPasswordModify', '1', 'Y', 'admin', '2025-07-28 17:56:03', '', NULL, '0：初始密码修改策略关闭，没有任何提示，1：提醒用户，如果未修改初始密码，则在登录时就会提醒修改密码对话框', 0);
INSERT INTO `sys_config` VALUES (8, '用户管理-账号密码更新周期', 'sys.account.passwordValidateDays', '0', 'Y', 'admin', '2025-07-28 17:56:03', '', NULL, '密码更新周期（填写数字，数据初始化值为0不限制，若修改必须为大于0小于365的正整数），如果超过这个周期登录系统时，则在登录时就会提醒修改密码对话框', 0);

-- ----------------------------
-- Table structure for sys_dept
-- ----------------------------
DROP TABLE IF EXISTS `sys_dept`;
CREATE TABLE `sys_dept`  (
  `dept_id` bigint NOT NULL AUTO_INCREMENT COMMENT '部门id',
  `parent_id` bigint NULL DEFAULT 0 COMMENT '父部门id',
  `ancestors` varchar(50) CHARACTER SET utf8mb4 COLLATE utf8mb4_0900_ai_ci NULL DEFAULT '' COMMENT '祖级列表',
  `dept_name` varchar(30) CHARACTER SET utf8mb4 COLLATE utf8mb4_0900_ai_ci NULL DEFAULT '' COMMENT '部门名称',
  `order_num` int NULL DEFAULT 0 COMMENT '显示顺序',
  `leader` varchar(20) CHARACTER SET utf8mb4 COLLATE utf8mb4_0900_ai_ci NULL DEFAULT NULL COMMENT '负责人',
  `phone` varchar(11) CHARACTER SET utf8mb4 COLLATE utf8mb4_0900_ai_ci NULL DEFAULT NULL COMMENT '联系电话',
  `email` varchar(50) CHARACTER SET utf8mb4 COLLATE utf8mb4_0900_ai_ci NULL DEFAULT NULL COMMENT '邮箱',
  `status` char(1) CHARACTER SET utf8mb4 COLLATE utf8mb4_0900_ai_ci NULL DEFAULT '0' COMMENT '部门状态（0正常 1停用）',
  `deleted` tinyint NOT NULL DEFAULT 0 COMMENT '逻辑删除字段',
  `create_by` varchar(64) CHARACTER SET utf8mb4 COLLATE utf8mb4_0900_ai_ci NULL DEFAULT '' COMMENT '创建者',
  `create_time` datetime NULL DEFAULT NULL COMMENT '创建时间',
  `update_by` varchar(64) CHARACTER SET utf8mb4 COLLATE utf8mb4_0900_ai_ci NULL DEFAULT '' COMMENT '更新者',
  `update_time` datetime NULL DEFAULT NULL COMMENT '更新时间',
  PRIMARY KEY (`dept_id`) USING BTREE
) ENGINE = InnoDB AUTO_INCREMENT = 200 CHARACTER SET = utf8mb4 COLLATE = utf8mb4_0900_ai_ci COMMENT = '部门表' ROW_FORMAT = DYNAMIC;

-- ----------------------------
-- Records of sys_dept
-- ----------------------------
INSERT INTO `sys_dept` VALUES (100, 0, '0', '若依科技', 0, '若依', '15888888888', 'ry@qq.com', '0', 0, 'admin', '2024-10-05 13:28:48', '', NULL);
INSERT INTO `sys_dept` VALUES (101, 100, '0,100', '深圳总公司', 1, '若依', '15888888888', 'ry@qq.com', '0', 0, 'admin', '2024-10-05 13:28:48', '', NULL);
INSERT INTO `sys_dept` VALUES (102, 100, '0,100', '长沙分公司', 2, '若依', '15888888888', 'ry@qq.com', '0', 0, 'admin', '2024-10-05 13:28:48', '', NULL);
INSERT INTO `sys_dept` VALUES (103, 101, '0,100,101', '研发部门', 1, '若依', '15888888888', 'ry@qq.com', '0', 0, 'admin', '2024-10-05 13:28:48', '', NULL);
INSERT INTO `sys_dept` VALUES (104, 101, '0,100,101', '市场部门', 2, '若依', '15888888888', 'ry@qq.com', '0', 0, 'admin', '2024-10-05 13:28:48', '', NULL);
INSERT INTO `sys_dept` VALUES (105, 101, '0,100,101', '测试部门', 3, '若依', '15888888888', 'ry@qq.com', '0', 0, 'admin', '2024-10-05 13:28:48', '', NULL);
INSERT INTO `sys_dept` VALUES (106, 101, '0,100,101', '财务部门', 4, '若依', '15888888888', 'ry@qq.com', '0', 0, 'admin', '2024-10-05 13:28:48', '', NULL);
INSERT INTO `sys_dept` VALUES (107, 101, '0,100,101', '运维部门', 5, '若依', '15888888888', 'ry@qq.com', '0', 0, 'admin', '2024-10-05 13:28:48', '', NULL);
INSERT INTO `sys_dept` VALUES (108, 102, '0,100,102', '市场部门', 1, '若依', '15888888888', 'ry@qq.com', '0', 0, 'admin', '2024-10-05 13:28:48', '', NULL);
INSERT INTO `sys_dept` VALUES (109, 102, '0,100,102', '财务部门', 2, '若依', '15888888888', 'ry@qq.com', '0', 0, 'admin', '2024-10-05 13:28:48', '', NULL);

-- ----------------------------
-- Table structure for sys_dict_data
-- ----------------------------
DROP TABLE IF EXISTS `sys_dict_data`;
CREATE TABLE `sys_dict_data`  (
  `dict_code` bigint NOT NULL AUTO_INCREMENT COMMENT '字典编码',
  `dict_sort` int NULL DEFAULT 0 COMMENT '字典排序',
  `dict_label` varchar(100) CHARACTER SET utf8mb4 COLLATE utf8mb4_0900_ai_ci NULL DEFAULT '' COMMENT '字典标签',
  `dict_value` varchar(100) CHARACTER SET utf8mb4 COLLATE utf8mb4_0900_ai_ci NULL DEFAULT '' COMMENT '字典键值',
  `dict_type` varchar(100) CHARACTER SET utf8mb4 COLLATE utf8mb4_0900_ai_ci NULL DEFAULT '' COMMENT '字典类型',
  `css_class` varchar(100) CHARACTER SET utf8mb4 COLLATE utf8mb4_0900_ai_ci NULL DEFAULT NULL COMMENT '样式属性（其他样式扩展）',
  `list_class` varchar(100) CHARACTER SET utf8mb4 COLLATE utf8mb4_0900_ai_ci NULL DEFAULT NULL COMMENT '表格回显样式',
  `is_default` char(1) CHARACTER SET utf8mb4 COLLATE utf8mb4_0900_ai_ci NULL DEFAULT 'N' COMMENT '是否默认（Y是 N否）',
  `status` char(1) CHARACTER SET utf8mb4 COLLATE utf8mb4_0900_ai_ci NULL DEFAULT '0' COMMENT '状态（0正常 1停用）',
  `create_by` varchar(64) CHARACTER SET utf8mb4 COLLATE utf8mb4_0900_ai_ci NULL DEFAULT '' COMMENT '创建者',
  `create_time` datetime NULL DEFAULT (now()) COMMENT '创建时间',
  `update_by` varchar(64) CHARACTER SET utf8mb4 COLLATE utf8mb4_0900_ai_ci NULL DEFAULT '' COMMENT '更新者',
  `update_time` datetime NULL DEFAULT (now()) COMMENT '更新时间',
  `remark` varchar(500) CHARACTER SET utf8mb4 COLLATE utf8mb4_0900_ai_ci NULL DEFAULT NULL COMMENT '备注',
  `deleted` tinyint NULL DEFAULT 0 COMMENT '逻辑删除',
  PRIMARY KEY (`dict_code`) USING BTREE
) ENGINE = InnoDB AUTO_INCREMENT = 131 CHARACTER SET = utf8mb4 COLLATE = utf8mb4_0900_ai_ci COMMENT = '字典数据表' ROW_FORMAT = DYNAMIC;

-- ----------------------------
-- Records of sys_dict_data
-- ----------------------------
INSERT INTO `sys_dict_data` VALUES (1, 1, '男', '0', 'sys_user_sex', '', '', 'Y', '0', 'admin', '2024-10-05 13:28:49', '', NULL, '性别男', 0);
INSERT INTO `sys_dict_data` VALUES (2, 2, '女', '1', 'sys_user_sex', '', '', 'N', '0', 'admin', '2024-10-05 13:28:49', '', NULL, '性别女', 0);
INSERT INTO `sys_dict_data` VALUES (3, 3, '未知', '2', 'sys_user_sex', '', '', 'N', '0', 'admin', '2024-10-05 13:28:49', '', NULL, '性别未知', 0);
INSERT INTO `sys_dict_data` VALUES (4, 1, '显示', '0', 'sys_show_hide', '', 'primary', 'Y', '0', 'admin', '2024-10-05 13:28:49', '', NULL, '显示菜单', 0);
INSERT INTO `sys_dict_data` VALUES (5, 2, '隐藏', '1', 'sys_show_hide', '', 'danger', 'N', '0', 'admin', '2024-10-05 13:28:49', '', NULL, '隐藏菜单', 0);
INSERT INTO `sys_dict_data` VALUES (6, 1, '正常', '0', 'sys_normal_disable', '', 'primary', 'Y', '0', 'admin', '2024-10-05 13:28:49', '', NULL, '正常状态', 0);
INSERT INTO `sys_dict_data` VALUES (7, 2, '停用', '1', 'sys_normal_disable', '', 'danger', 'N', '0', 'admin', '2024-10-05 13:28:49', '', NULL, '停用状态', 0);
INSERT INTO `sys_dict_data` VALUES (8, 1, '正常', '0', 'sys_job_status', '', 'primary', 'Y', '0', 'admin', '2024-10-05 13:28:49', '', NULL, '正常状态', 0);
INSERT INTO `sys_dict_data` VALUES (9, 2, '暂停', '1', 'sys_job_status', '', 'danger', 'N', '0', 'admin', '2024-10-05 13:28:49', '', NULL, '停用状态', 0);
INSERT INTO `sys_dict_data` VALUES (10, 1, '默认', 'DEFAULT', 'sys_job_group', '', '', 'Y', '0', 'admin', '2024-10-05 13:28:49', '', NULL, '默认分组', 0);
INSERT INTO `sys_dict_data` VALUES (11, 2, '系统', 'SYSTEM', 'sys_job_group', '', '', 'N', '0', 'admin', '2024-10-05 13:28:49', '', NULL, '系统分组', 0);
INSERT INTO `sys_dict_data` VALUES (12, 1, '是', 'Y', 'sys_yes_no', '', 'primary', 'Y', '0', 'admin', '2024-10-05 13:28:49', '', NULL, '系统默认是', 0);
INSERT INTO `sys_dict_data` VALUES (13, 2, '否', 'N', 'sys_yes_no', '', 'danger', 'N', '0', 'admin', '2024-10-05 13:28:49', '', NULL, '系统默认否', 0);
INSERT INTO `sys_dict_data` VALUES (14, 1, '通知', '1', 'sys_notice_type', '', 'warning', 'Y', '0', 'admin', '2024-10-05 13:28:49', '', NULL, '通知', 0);
INSERT INTO `sys_dict_data` VALUES (15, 2, '公告', '2', 'sys_notice_type', '', 'success', 'N', '0', 'admin', '2024-10-05 13:28:49', '', NULL, '公告', 0);
INSERT INTO `sys_dict_data` VALUES (16, 1, '正常', '0', 'sys_notice_status', '', 'primary', 'Y', '0', 'admin', '2024-10-05 13:28:49', '', NULL, '正常状态', 0);
INSERT INTO `sys_dict_data` VALUES (17, 2, '关闭', '1', 'sys_notice_status', '', 'danger', 'N', '0', 'admin', '2024-10-05 13:28:49', '', NULL, '关闭状态', 0);
INSERT INTO `sys_dict_data` VALUES (18, 99, '其他', '0', 'sys_oper_type', '', 'info', 'N', '0', 'admin', '2024-10-05 13:28:49', '', NULL, '其他操作', 0);
INSERT INTO `sys_dict_data` VALUES (19, 1, '新增', '1', 'sys_oper_type', '', 'info', 'N', '0', 'admin', '2024-10-05 13:28:49', '', NULL, '新增操作', 0);
INSERT INTO `sys_dict_data` VALUES (20, 2, '修改', '2', 'sys_oper_type', '', 'info', 'N', '0', 'admin', '2024-10-05 13:28:49', '', NULL, '修改操作', 0);
INSERT INTO `sys_dict_data` VALUES (21, 3, '删除', '3', 'sys_oper_type', '', 'danger', 'N', '0', 'admin', '2024-10-05 13:28:49', '', NULL, '删除操作', 0);
INSERT INTO `sys_dict_data` VALUES (22, 4, '授权', '4', 'sys_oper_type', '', 'primary', 'N', '0', 'admin', '2024-10-05 13:28:49', '', NULL, '授权操作', 0);
INSERT INTO `sys_dict_data` VALUES (23, 5, '导出', '5', 'sys_oper_type', '', 'warning', 'N', '0', 'admin', '2024-10-05 13:28:49', '', NULL, '导出操作', 0);
INSERT INTO `sys_dict_data` VALUES (24, 6, '导入', '6', 'sys_oper_type', '', 'warning', 'N', '0', 'admin', '2024-10-05 13:28:49', '', NULL, '导入操作', 0);
INSERT INTO `sys_dict_data` VALUES (25, 7, '强退', '7', 'sys_oper_type', '', 'danger', 'N', '0', 'admin', '2024-10-05 13:28:49', '', NULL, '强退操作', 0);
INSERT INTO `sys_dict_data` VALUES (26, 8, '生成代码', '8', 'sys_oper_type', '', 'warning', 'N', '0', 'admin', '2024-10-05 13:28:49', '', NULL, '生成操作', 0);
INSERT INTO `sys_dict_data` VALUES (27, 9, '清空数据', '9', 'sys_oper_type', '', 'danger', 'N', '0', 'admin', '2024-10-05 13:28:49', '', NULL, '清空操作', 0);
INSERT INTO `sys_dict_data` VALUES (28, 1, '成功', '0', 'sys_common_status', '', 'primary', 'N', '0', 'admin', '2024-10-05 13:28:49', '', NULL, '正常状态', 0);
INSERT INTO `sys_dict_data` VALUES (29, 2, '失败', '1', 'sys_common_status', '', 'danger', 'N', '0', 'admin', '2024-10-05 13:28:49', '', NULL, '停用状态', 0);
INSERT INTO `sys_dict_data` VALUES (100, 1, '启用', '0', 'student_status', NULL, 'default', 'N', '0', 'admin', '2024-10-06 23:21:35', '', NULL, NULL, 0);
INSERT INTO `sys_dict_data` VALUES (101, 2, '停用', '1', 'student_status', NULL, 'default', 'N', '0', 'admin', '2024-10-06 23:21:41', '', NULL, NULL, 0);
INSERT INTO `sys_dict_data` VALUES (105, 3, '音视频', '3', 'material_type', NULL, 'info', 'N', '0', 'admin', '2024-10-16 10:41:16', 'admin', '2025-01-24 11:57:36', NULL, 0);
INSERT INTO `sys_dict_data` VALUES (106, 2, '图片', '2', 'material_type', NULL, 'success', 'N', '0', 'admin', '2024-10-16 10:41:23', 'admin', '2025-01-24 11:57:31', NULL, 0);
INSERT INTO `sys_dict_data` VALUES (107, 1, '纯文本', '1', 'material_type', NULL, 'default', 'N', '0', 'admin', '2024-10-16 10:41:39', 'admin', '2025-01-24 11:57:52', NULL, 0);
INSERT INTO `sys_dict_data` VALUES (108, 4, '幻灯片', '4', 'material_type', NULL, 'warning', 'N', '0', 'admin', '2024-10-16 10:41:52', 'admin', '2025-01-24 11:57:40', NULL, 0);
INSERT INTO `sys_dict_data` VALUES (109, 5, 'PDF文档', '5', 'material_type', NULL, 'primary', 'N', '0', 'admin', '2024-10-16 10:42:02', 'admin', '2025-01-22 17:18:56', NULL, 0);
INSERT INTO `sys_dict_data` VALUES (110, 1, '单选题', '1', 'question_type', NULL, 'primary', 'N', '0', 'admin', '2025-01-10 15:42:59', 'admin', '2025-02-11 00:05:55', NULL, 0);
INSERT INTO `sys_dict_data` VALUES (111, 2, '多选题', '2', 'question_type', NULL, 'primary', 'N', '0', 'admin', '2025-01-10 15:43:14', 'admin', '2025-02-11 00:05:59', NULL, 0);
INSERT INTO `sys_dict_data` VALUES (112, 3, '判断题', '3', 'question_type', NULL, 'primary', 'N', '0', 'admin', '2025-01-10 15:43:35', 'admin', '2025-02-11 00:06:02', NULL, 0);
INSERT INTO `sys_dict_data` VALUES (113, 4, '填空题', '4', 'question_type', NULL, 'primary', 'N', '0', 'admin', '2025-01-10 15:43:44', 'admin', '2025-02-11 00:06:04', NULL, 0);
INSERT INTO `sys_dict_data` VALUES (114, 5, '简答题', '5', 'question_type', NULL, 'primary', 'N', '0', 'admin', '2025-01-10 15:43:53', 'admin', '2025-02-11 00:06:07', NULL, 0);
INSERT INTO `sys_dict_data` VALUES (115, 1, '简单', '1', 'question_difficulty', NULL, 'primary', 'N', '0', 'admin', '2025-01-15 09:31:07', 'admin', '2025-01-15 09:31:15', NULL, 0);
INSERT INTO `sys_dict_data` VALUES (116, 2, '中等', '2', 'question_difficulty', NULL, 'warning', 'N', '0', 'admin', '2025-01-15 09:31:38', 'admin', '2025-01-15 09:34:10', NULL, 0);
INSERT INTO `sys_dict_data` VALUES (117, 3, '困难', '3', 'question_difficulty', NULL, 'danger', 'N', '0', 'admin', '2025-01-15 09:31:46', 'admin', '2025-01-15 09:34:04', NULL, 0);
INSERT INTO `sys_dict_data` VALUES (118, 1, '未发布', '0', 'paper_published', NULL, 'info', 'N', '0', 'admin', '2025-01-15 14:32:49', 'admin', '2025-01-15 14:33:02', NULL, 0);
INSERT INTO `sys_dict_data` VALUES (119, 2, '已发布', '1', 'paper_published', NULL, 'success', 'N', '0', 'admin', '2025-01-15 14:33:12', '', NULL, NULL, 0);
INSERT INTO `sys_dict_data` VALUES (120, 6, '其他文件', '6', 'material_type', NULL, 'danger', 'N', '0', 'admin', '2025-01-21 17:21:27', 'admin', '2025-01-24 11:57:46', '包括压缩包、安装包、应用程序等', 0);
INSERT INTO `sys_dict_data` VALUES (121, 1, '未开始', '0', 'common_status', NULL, 'info', 'N', '0', 'admin', '2025-01-24 16:55:35', 'admin', '2025-01-24 16:55:58', NULL, 0);
INSERT INTO `sys_dict_data` VALUES (122, 2, '进行中', '1', 'common_status', NULL, 'primary', 'N', '0', 'admin', '2025-01-24 16:55:52', '', NULL, NULL, 0);
INSERT INTO `sys_dict_data` VALUES (123, 3, '已完成', '2', 'common_status', NULL, 'success', 'N', '0', 'admin', '2025-01-24 16:56:07', '', NULL, NULL, 0);
INSERT INTO `sys_dict_data` VALUES (127, 1, '未发布', '0', 'exam_publish_status', NULL, 'info', 'N', '0', 'admin', '2025-02-11 12:34:25', '', NULL, NULL, 0);
INSERT INTO `sys_dict_data` VALUES (128, 2, '已发布', '1', 'exam_publish_status', NULL, 'success', 'N', '0', 'admin', '2025-02-11 12:34:35', '', NULL, NULL, 0);
INSERT INTO `sys_dict_data` VALUES (129, 1, '未通过', '0', 'exam_passed', '', 'danger', 'N', '0', 'admin', '2025-02-11 22:05:33', 'admin', '2025-02-11 22:05:42', NULL, 0);
INSERT INTO `sys_dict_data` VALUES (130, 2, '通过', '1', 'exam_passed', NULL, 'success', 'N', '0', 'admin', '2025-02-11 22:05:52', '', NULL, NULL, 0);

-- ----------------------------
-- Table structure for sys_dict_type
-- ----------------------------
DROP TABLE IF EXISTS `sys_dict_type`;
CREATE TABLE `sys_dict_type`  (
  `dict_id` bigint NOT NULL AUTO_INCREMENT COMMENT '字典主键',
  `dict_name` varchar(100) CHARACTER SET utf8mb4 COLLATE utf8mb4_0900_ai_ci NULL DEFAULT '' COMMENT '字典名称',
  `dict_type` varchar(100) CHARACTER SET utf8mb4 COLLATE utf8mb4_0900_ai_ci NULL DEFAULT '' COMMENT '字典类型',
  `status` char(1) CHARACTER SET utf8mb4 COLLATE utf8mb4_0900_ai_ci NULL DEFAULT '0' COMMENT '状态（0正常 1停用）',
  `create_by` varchar(64) CHARACTER SET utf8mb4 COLLATE utf8mb4_0900_ai_ci NULL DEFAULT '' COMMENT '创建者',
  `create_time` datetime NULL DEFAULT (now()) COMMENT '创建时间',
  `update_by` varchar(64) CHARACTER SET utf8mb4 COLLATE utf8mb4_0900_ai_ci NULL DEFAULT '' COMMENT '更新者',
  `update_time` datetime NULL DEFAULT (now()) COMMENT '更新时间',
  `remark` varchar(500) CHARACTER SET utf8mb4 COLLATE utf8mb4_0900_ai_ci NULL DEFAULT NULL COMMENT '备注',
  `deleted` tinyint NULL DEFAULT 0 COMMENT '逻辑删除',
  PRIMARY KEY (`dict_id`) USING BTREE,
  UNIQUE INDEX `dict_type`(`dict_type` ASC) USING BTREE
) ENGINE = InnoDB AUTO_INCREMENT = 110 CHARACTER SET = utf8mb4 COLLATE = utf8mb4_0900_ai_ci COMMENT = '字典类型表' ROW_FORMAT = DYNAMIC;

-- ----------------------------
-- Records of sys_dict_type
-- ----------------------------
INSERT INTO `sys_dict_type` VALUES (1, '用户性别', 'sys_user_sex', '0', 'admin', '2024-10-05 13:28:49', 'admin', NULL, '用户性别列表', 0);
INSERT INTO `sys_dict_type` VALUES (2, '菜单状态', 'sys_show_hide', '0', 'admin', '2024-10-05 13:28:49', '', NULL, '菜单状态列表', 0);
INSERT INTO `sys_dict_type` VALUES (3, '系统开关', 'sys_normal_disable', '0', 'admin', '2024-10-05 13:28:49', '', NULL, '系统开关列表', 0);
INSERT INTO `sys_dict_type` VALUES (4, '任务状态', 'sys_job_status', '0', 'admin', '2024-10-05 13:28:49', '', NULL, '任务状态列表', 0);
INSERT INTO `sys_dict_type` VALUES (5, '任务分组', 'sys_job_group', '0', 'admin', '2024-10-05 13:28:49', '', NULL, '任务分组列表', 0);
INSERT INTO `sys_dict_type` VALUES (6, '系统是否', 'sys_yes_no', '0', 'admin', '2024-10-05 13:28:49', '', NULL, '系统是否列表', 0);
INSERT INTO `sys_dict_type` VALUES (7, '通知类型', 'sys_notice_type', '0', 'admin', '2024-10-05 13:28:49', '', NULL, '通知类型列表', 0);
INSERT INTO `sys_dict_type` VALUES (8, '通知状态', 'sys_notice_status', '0', 'admin', '2024-10-05 13:28:49', '', NULL, '通知状态列表', 0);
INSERT INTO `sys_dict_type` VALUES (9, '操作类型', 'sys_oper_type', '0', 'admin', '2024-10-05 13:28:49', '', NULL, '操作类型列表', 0);
INSERT INTO `sys_dict_type` VALUES (10, '系统状态', 'sys_common_status', '0', 'admin', '2024-10-05 13:28:49', '', NULL, '登录状态列表', 0);
INSERT INTO `sys_dict_type` VALUES (100, '学生账号状态', 'student_status', '0', 'admin', '2024-10-06 23:21:06', '', NULL, NULL, 0);
INSERT INTO `sys_dict_type` VALUES (102, '资料类型', 'material_type', '0', 'admin', '2024-10-16 10:40:59', '', NULL, '资料类型', 0);
INSERT INTO `sys_dict_type` VALUES (103, '题目类型', 'question_type', '0', 'admin', '2025-01-10 15:40:32', '', NULL, '题目类型', 0);
INSERT INTO `sys_dict_type` VALUES (104, '题目难易程度', 'question_difficulty', '0', 'admin', '2025-01-15 09:30:52', 'admin', '2025-01-15 09:30:56', '题目难易程度', 0);
INSERT INTO `sys_dict_type` VALUES (105, '试卷发布状态', 'paper_published', '0', 'admin', '2025-01-15 14:32:24', '', NULL, '试卷发布状态', 0);
INSERT INTO `sys_dict_type` VALUES (106, '通用状态', 'common_status', '0', 'admin', '2025-01-24 16:55:13', 'admin', '2025-02-11 21:49:19', '通用状态', 0);
INSERT INTO `sys_dict_type` VALUES (108, '考试发布状态', 'exam_publish_status', '0', 'admin', '2025-02-11 12:32:48', 'admin', '2025-02-11 12:34:11', '考试发布状态', 0);
INSERT INTO `sys_dict_type` VALUES (109, '考试通过状态', 'exam_passed', '0', 'admin', '2025-02-11 22:04:42', '', NULL, '考试通过状态', 0);

-- ----------------------------
-- Table structure for sys_job
-- ----------------------------
DROP TABLE IF EXISTS `sys_job`;
CREATE TABLE `sys_job`  (
  `job_id` bigint NOT NULL AUTO_INCREMENT COMMENT '任务ID',
  `job_name` varchar(64) CHARACTER SET utf8mb4 COLLATE utf8mb4_0900_ai_ci NOT NULL DEFAULT '' COMMENT '任务名称',
  `job_group` varchar(64) CHARACTER SET utf8mb4 COLLATE utf8mb4_0900_ai_ci NOT NULL DEFAULT 'DEFAULT' COMMENT '任务组名',
  `invoke_target` varchar(500) CHARACTER SET utf8mb4 COLLATE utf8mb4_0900_ai_ci NOT NULL COMMENT '调用目标字符串',
  `cron_expression` varchar(255) CHARACTER SET utf8mb4 COLLATE utf8mb4_0900_ai_ci NULL DEFAULT '' COMMENT 'cron执行表达式',
  `misfire_policy` varchar(20) CHARACTER SET utf8mb4 COLLATE utf8mb4_0900_ai_ci NULL DEFAULT '3' COMMENT '计划执行错误策略（1立即执行 2执行一次 3放弃执行）',
  `concurrent` char(1) CHARACTER SET utf8mb4 COLLATE utf8mb4_0900_ai_ci NULL DEFAULT '1' COMMENT '是否并发执行（0允许 1禁止）',
  `status` char(1) CHARACTER SET utf8mb4 COLLATE utf8mb4_0900_ai_ci NULL DEFAULT '0' COMMENT '状态（0正常 1暂停）',
  `create_by` varchar(64) CHARACTER SET utf8mb4 COLLATE utf8mb4_0900_ai_ci NULL DEFAULT '' COMMENT '创建者',
  `create_time` datetime NULL DEFAULT (now()) COMMENT '创建时间',
  `update_by` varchar(64) CHARACTER SET utf8mb4 COLLATE utf8mb4_0900_ai_ci NULL DEFAULT '' COMMENT '更新者',
  `update_time` datetime NULL DEFAULT NULL ON UPDATE CURRENT_TIMESTAMP COMMENT '更新时间',
  `remark` varchar(500) CHARACTER SET utf8mb4 COLLATE utf8mb4_0900_ai_ci NULL DEFAULT '' COMMENT '备注信息',
  PRIMARY KEY (`job_id`, `job_name`, `job_group`) USING BTREE
) ENGINE = InnoDB AUTO_INCREMENT = 100 CHARACTER SET = utf8mb4 COLLATE = utf8mb4_0900_ai_ci COMMENT = '定时任务调度表' ROW_FORMAT = DYNAMIC;

-- ----------------------------
-- Records of sys_job
-- ----------------------------
INSERT INTO `sys_job` VALUES (1, '系统默认（无参）', 'DEFAULT', 'ryTask.ryNoParams', '0/10 * * * * ?', '3', '1', '1', 'admin', '2024-10-05 13:28:49', 'admin', NULL, '');
INSERT INTO `sys_job` VALUES (2, '系统默认（有参）', 'DEFAULT', 'ryTask.ryParams(\'ry\')', '0/15 * * * * ?', '3', '1', '1', 'admin', '2024-10-05 13:28:49', '', NULL, '');
INSERT INTO `sys_job` VALUES (3, '系统默认（多参）', 'DEFAULT', 'ryTask.ryMultipleParams(\'ry\', true, 2000L, 316.50D, 100)', '0/20 * * * * ?', '3', '1', '1', 'admin', '2024-10-05 13:28:49', '', NULL, '');

-- ----------------------------
-- Table structure for sys_job_log
-- ----------------------------
DROP TABLE IF EXISTS `sys_job_log`;
CREATE TABLE `sys_job_log`  (
  `job_log_id` bigint NOT NULL AUTO_INCREMENT COMMENT '任务日志ID',
  `job_name` varchar(64) CHARACTER SET utf8mb4 COLLATE utf8mb4_0900_ai_ci NOT NULL COMMENT '任务名称',
  `job_group` varchar(64) CHARACTER SET utf8mb4 COLLATE utf8mb4_0900_ai_ci NOT NULL COMMENT '任务组名',
  `invoke_target` varchar(500) CHARACTER SET utf8mb4 COLLATE utf8mb4_0900_ai_ci NOT NULL COMMENT '调用目标字符串',
  `job_message` varchar(500) CHARACTER SET utf8mb4 COLLATE utf8mb4_0900_ai_ci NULL DEFAULT NULL COMMENT '日志信息',
  `status` char(1) CHARACTER SET utf8mb4 COLLATE utf8mb4_0900_ai_ci NULL DEFAULT '0' COMMENT '执行状态（0正常 1失败）',
  `exception_info` varchar(2000) CHARACTER SET utf8mb4 COLLATE utf8mb4_0900_ai_ci NULL DEFAULT '' COMMENT '异常信息',
  `create_time` datetime NULL DEFAULT (now()) COMMENT '创建时间',
  PRIMARY KEY (`job_log_id`) USING BTREE
) ENGINE = InnoDB AUTO_INCREMENT = 1948660953089007619 CHARACTER SET = utf8mb4 COLLATE = utf8mb4_0900_ai_ci COMMENT = '定时任务调度日志表' ROW_FORMAT = DYNAMIC;

-- ----------------------------
-- Records of sys_job_log
-- ----------------------------
INSERT INTO `sys_job_log` VALUES (1948660366448484354, '系统默认（无参）', 'DEFAULT', 'ryTask.ryNoParams', '系统默认（无参） 总共耗时：2毫秒', '0', '', NULL);
INSERT INTO `sys_job_log` VALUES (1948660953089007618, '系统默认（无参）', 'DEFAULT', 'ryTask.ryNoParams', '系统默认（无参） 总共耗时：0毫秒', '0', '', '2025-07-25 16:25:50');

-- ----------------------------
-- Table structure for sys_logininfor
-- ----------------------------
DROP TABLE IF EXISTS `sys_logininfor`;
CREATE TABLE `sys_logininfor`  (
  `info_id` bigint NOT NULL AUTO_INCREMENT COMMENT '访问ID',
  `user_name` varchar(50) CHARACTER SET utf8mb4 COLLATE utf8mb4_0900_ai_ci NULL DEFAULT '' COMMENT '用户账号',
  `ipaddr` varchar(128) CHARACTER SET utf8mb4 COLLATE utf8mb4_0900_ai_ci NULL DEFAULT '' COMMENT '登录IP地址',
  `login_location` varchar(255) CHARACTER SET utf8mb4 COLLATE utf8mb4_0900_ai_ci NULL DEFAULT '' COMMENT '登录地点',
  `browser` varchar(50) CHARACTER SET utf8mb4 COLLATE utf8mb4_0900_ai_ci NULL DEFAULT '' COMMENT '浏览器类型',
  `os` varchar(50) CHARACTER SET utf8mb4 COLLATE utf8mb4_0900_ai_ci NULL DEFAULT '' COMMENT '操作系统',
  `status` char(1) CHARACTER SET utf8mb4 COLLATE utf8mb4_0900_ai_ci NULL DEFAULT '0' COMMENT '登录状态（0成功 1失败）',
  `msg` varchar(255) CHARACTER SET utf8mb4 COLLATE utf8mb4_0900_ai_ci NULL DEFAULT '' COMMENT '提示消息',
  `login_time` datetime NULL DEFAULT (now()) COMMENT '访问时间',
  PRIMARY KEY (`info_id`) USING BTREE,
  INDEX `idx_sys_logininfor_s`(`status` ASC) USING BTREE,
  INDEX `idx_sys_logininfor_lt`(`login_time` ASC) USING BTREE
) ENGINE = InnoDB AUTO_INCREMENT = 1949767159652253698 CHARACTER SET = utf8mb4 COLLATE = utf8mb4_0900_ai_ci COMMENT = '系统访问记录' ROW_FORMAT = DYNAMIC;

-- ----------------------------
-- Records of sys_logininfor
-- ----------------------------
INSERT INTO `sys_logininfor` VALUES (100, 'admin', '127.0.0.1', '内网IP', 'Chrome 12', 'Windows 10', '0', '登录成功', '2024-10-05 14:20:56');
INSERT INTO `sys_logininfor` VALUES (101, 'admin', '127.0.0.1', '内网IP', 'Chrome 12', 'Windows 10', '0', '登录成功', '2024-10-05 17:42:26');
INSERT INTO `sys_logininfor` VALUES (102, 'admin', '127.0.0.1', '内网IP', 'Chrome 12', 'Windows 10', '0', '登录成功', '2024-10-05 19:40:01');
INSERT INTO `sys_logininfor` VALUES (103, 'admin', '127.0.0.1', '内网IP', 'Chrome 12', 'Windows 10', '0', '登录成功', '2024-10-05 22:06:51');
INSERT INTO `sys_logininfor` VALUES (104, 'admin', '127.0.0.1', '内网IP', 'Chrome 12', 'Windows 10', '0', '登录成功', '2024-10-05 23:09:33');
INSERT INTO `sys_logininfor` VALUES (105, 'admin', '127.0.0.1', '内网IP', 'Chrome 12', 'Windows 10', '0', '登录成功', '2024-10-06 00:35:38');
INSERT INTO `sys_logininfor` VALUES (106, 'admin', '127.0.0.1', '内网IP', 'Chrome 12', 'Windows 10', '0', '登录成功', '2024-10-06 14:29:01');
INSERT INTO `sys_logininfor` VALUES (107, 'admin', '127.0.0.1', '内网IP', 'Chrome 12', 'Windows 10', '0', '登录成功', '2024-10-06 15:18:30');
INSERT INTO `sys_logininfor` VALUES (108, 'admin', '127.0.0.1', '内网IP', 'Chrome 12', 'Windows 10', '0', '登录成功', '2024-10-06 23:18:02');
INSERT INTO `sys_logininfor` VALUES (109, 'admin', '127.0.0.1', '内网IP', 'Chrome 12', 'Windows 10', '0', '登录成功', '2024-10-07 16:18:05');
INSERT INTO `sys_logininfor` VALUES (110, 'admin', '127.0.0.1', '内网IP', 'Chrome 12', 'Windows 10', '0', '登录成功', '2024-10-08 09:03:47');
INSERT INTO `sys_logininfor` VALUES (111, 'admin', '127.0.0.1', '内网IP', 'Chrome 12', 'Windows 10', '0', '登录成功', '2024-10-08 10:42:39');
INSERT INTO `sys_logininfor` VALUES (112, 'admin', '127.0.0.1', '内网IP', 'Chrome 12', 'Windows 10', '0', '登录成功', '2024-10-08 12:48:49');
INSERT INTO `sys_logininfor` VALUES (113, 'admin', '127.0.0.1', '内网IP', 'Chrome 12', 'Windows 10', '0', '登录成功', '2024-10-09 09:02:27');
INSERT INTO `sys_logininfor` VALUES (114, 'admin', '127.0.0.1', '内网IP', 'Chrome 12', 'Windows 10', '0', '登录成功', '2024-10-09 10:32:11');
INSERT INTO `sys_logininfor` VALUES (115, 'admin', '127.0.0.1', '内网IP', 'Chrome 12', 'Windows 10', '0', '登录成功', '2024-10-09 17:32:16');
INSERT INTO `sys_logininfor` VALUES (116, 'admin', '127.0.0.1', '内网IP', 'Chrome 12', 'Windows 10', '0', '登录成功', '2024-10-09 20:18:59');
INSERT INTO `sys_logininfor` VALUES (117, 'admin', '127.0.0.1', '内网IP', 'Chrome 12', 'Windows 10', '0', '登录成功', '2024-10-09 20:56:16');
INSERT INTO `sys_logininfor` VALUES (118, 'admin', '127.0.0.1', '内网IP', 'Chrome 12', 'Windows 10', '0', '登录成功', '2024-10-10 10:13:48');
INSERT INTO `sys_logininfor` VALUES (119, 'admin', '127.0.0.1', '内网IP', 'Chrome 12', 'Windows 10', '0', '登录成功', '2024-10-10 11:07:28');
INSERT INTO `sys_logininfor` VALUES (120, 'admin', '127.0.0.1', '内网IP', 'Chrome 12', 'Windows 10', '0', '登录成功', '2024-10-10 18:32:04');
INSERT INTO `sys_logininfor` VALUES (121, 'admin', '127.0.0.1', '内网IP', 'Chrome 12', 'Windows 10', '0', '登录成功', '2024-10-10 20:48:55');
INSERT INTO `sys_logininfor` VALUES (122, 'admin', '127.0.0.1', '内网IP', 'Chrome 12', 'Windows 10', '0', '登录成功', '2024-10-11 10:41:21');
INSERT INTO `sys_logininfor` VALUES (123, 'admin', '127.0.0.1', '内网IP', 'Chrome 12', 'Windows 10', '0', '登录成功', '2024-10-11 11:30:37');
INSERT INTO `sys_logininfor` VALUES (124, 'admin', '127.0.0.1', '内网IP', 'Chrome 12', 'Windows 10', '0', '登录成功', '2024-10-11 12:35:57');
INSERT INTO `sys_logininfor` VALUES (125, 'admin', '127.0.0.1', '内网IP', 'Chrome 12', 'Windows 10', '0', '登录成功', '2024-10-11 14:45:34');
INSERT INTO `sys_logininfor` VALUES (126, 'admin', '127.0.0.1', '内网IP', 'Chrome 12', 'Windows 10', '0', '退出成功', '2024-10-11 15:15:12');
INSERT INTO `sys_logininfor` VALUES (127, 'admin', '127.0.0.1', '内网IP', 'Chrome 12', 'Windows 10', '0', '登录成功', '2024-10-11 15:15:24');
INSERT INTO `sys_logininfor` VALUES (128, 'admin', '127.0.0.1', '内网IP', 'Chrome 12', 'Windows 10', '0', '登录成功', '2024-10-11 17:35:14');
INSERT INTO `sys_logininfor` VALUES (129, 'admin', '127.0.0.1', '内网IP', 'Chrome 12', 'Windows 10', '0', '登录成功', '2024-10-11 18:35:06');
INSERT INTO `sys_logininfor` VALUES (130, 'admin', '127.0.0.1', '内网IP', 'Chrome 12', 'Windows 10', '1', '验证码已失效', '2024-10-13 21:56:14');
INSERT INTO `sys_logininfor` VALUES (131, 'admin', '127.0.0.1', '内网IP', 'Chrome 12', 'Windows 10', '0', '登录成功', '2024-10-13 21:56:21');
INSERT INTO `sys_logininfor` VALUES (132, 'admin', '127.0.0.1', '内网IP', 'Chrome 12', 'Windows 10', '0', '登录成功', '2024-10-14 10:17:45');
INSERT INTO `sys_logininfor` VALUES (133, 'admin', '127.0.0.1', '内网IP', 'Chrome 12', 'Windows 10', '1', '验证码错误', '2024-10-14 11:11:58');
INSERT INTO `sys_logininfor` VALUES (134, 'admin', '127.0.0.1', '内网IP', 'Chrome 12', 'Windows 10', '1', '验证码错误', '2024-10-14 11:12:00');
INSERT INTO `sys_logininfor` VALUES (135, 'admin', '127.0.0.1', '内网IP', 'Chrome 12', 'Windows 10', '0', '登录成功', '2024-10-14 11:12:03');
INSERT INTO `sys_logininfor` VALUES (136, 'admin', '127.0.0.1', '内网IP', 'Chrome 12', 'Windows 10', '0', '登录成功', '2024-10-14 14:45:19');
INSERT INTO `sys_logininfor` VALUES (137, 'admin', '127.0.0.1', '内网IP', 'Chrome 12', 'Windows 10', '0', '登录成功', '2024-10-14 21:38:08');
INSERT INTO `sys_logininfor` VALUES (138, 'admin', '127.0.0.1', '内网IP', 'Chrome 12', 'Windows 10', '0', '登录成功', '2024-10-15 00:30:06');
INSERT INTO `sys_logininfor` VALUES (139, 'admin', '127.0.0.1', '内网IP', 'Chrome 12', 'Windows 10', '0', '登录成功', '2024-10-15 16:48:33');
INSERT INTO `sys_logininfor` VALUES (140, 'admin', '127.0.0.1', '内网IP', 'Chrome 12', 'Windows 10', '0', '登录成功', '2024-10-15 16:49:10');
INSERT INTO `sys_logininfor` VALUES (141, 'admin', '127.0.0.1', '内网IP', 'Chrome 12', 'Windows 10', '0', '登录成功', '2024-10-15 21:57:06');
INSERT INTO `sys_logininfor` VALUES (142, 'admin', '127.0.0.1', '内网IP', 'Chrome 12', 'Windows 10', '0', '登录成功', '2024-10-15 21:57:55');
INSERT INTO `sys_logininfor` VALUES (143, 'admin', '127.0.0.1', '内网IP', 'Chrome 12', 'Windows 10', '0', '登录成功', '2024-10-15 22:04:37');
INSERT INTO `sys_logininfor` VALUES (144, 'admin', '127.0.0.1', '内网IP', 'Chrome 12', 'Windows 10', '0', '登录成功', '2024-10-15 23:21:23');
INSERT INTO `sys_logininfor` VALUES (145, 'admin', '127.0.0.1', '内网IP', 'Chrome 12', 'Windows 10', '0', '登录成功', '2024-10-16 09:12:32');
INSERT INTO `sys_logininfor` VALUES (146, 'admin', '127.0.0.1', '内网IP', 'Chrome 12', 'Windows 10', '0', '登录成功', '2024-10-16 10:23:22');
INSERT INTO `sys_logininfor` VALUES (147, 'admin', '127.0.0.1', '内网IP', 'Chrome 12', 'Windows 10', '0', '登录成功', '2024-10-16 11:13:06');
INSERT INTO `sys_logininfor` VALUES (148, 'admin', '127.0.0.1', '内网IP', 'Chrome 12', 'Windows 10', '0', '登录成功', '2024-10-16 21:58:23');
INSERT INTO `sys_logininfor` VALUES (149, 'admin', '127.0.0.1', '内网IP', 'Chrome 12', 'Windows 10', '0', '登录成功', '2024-10-16 22:55:48');
INSERT INTO `sys_logininfor` VALUES (150, 'admin', '127.0.0.1', '内网IP', 'Chrome 12', 'Windows 10', '0', '退出成功', '2024-10-16 22:56:52');
INSERT INTO `sys_logininfor` VALUES (151, 'zhangsan', '127.0.0.1', '内网IP', 'Chrome 12', 'Windows 10', '0', '登录成功', '2024-10-16 22:56:57');
INSERT INTO `sys_logininfor` VALUES (152, 'zhangsan', '127.0.0.1', '内网IP', 'Chrome 12', 'Windows 10', '0', '退出成功', '2024-10-16 22:57:26');
INSERT INTO `sys_logininfor` VALUES (153, 'admin', '127.0.0.1', '内网IP', 'Chrome 12', 'Windows 10', '0', '登录成功', '2024-10-16 22:57:30');
INSERT INTO `sys_logininfor` VALUES (154, 'zhangsan', '127.0.0.1', '内网IP', 'Chrome 12', 'Windows 10', '0', '登录成功', '2024-10-16 22:59:12');
INSERT INTO `sys_logininfor` VALUES (155, 'zhangsan', '127.0.0.1', '内网IP', 'Chrome 12', 'Windows 10', '0', '登录成功', '2024-10-16 23:49:01');
INSERT INTO `sys_logininfor` VALUES (156, 'admin', '127.0.0.1', '内网IP', 'Chrome 13', 'Windows 10', '0', '登录成功', '2024-10-17 10:15:35');
INSERT INTO `sys_logininfor` VALUES (157, 'admin', '127.0.0.1', '内网IP', 'Chrome 13', 'Windows 10', '0', '登录成功', '2024-10-17 11:10:39');
INSERT INTO `sys_logininfor` VALUES (158, 'admin', '127.0.0.1', '内网IP', 'Chrome 13', 'Windows 10', '1', '验证码错误', '2024-10-17 16:39:25');
INSERT INTO `sys_logininfor` VALUES (159, 'admin', '127.0.0.1', '内网IP', 'Chrome 13', 'Windows 10', '0', '登录成功', '2024-10-17 16:39:31');
INSERT INTO `sys_logininfor` VALUES (160, 'admin', '127.0.0.1', '内网IP', 'Chrome 13', 'Windows 10', '0', '登录成功', '2024-10-17 18:30:08');
INSERT INTO `sys_logininfor` VALUES (161, 'admin', '127.0.0.1', '内网IP', 'Chrome 13', 'Windows 10', '0', '登录成功', '2024-10-17 21:48:02');
INSERT INTO `sys_logininfor` VALUES (162, 'admin', '127.0.0.1', '内网IP', 'Chrome 13', 'Windows 10', '0', '登录成功', '2024-10-17 22:40:55');
INSERT INTO `sys_logininfor` VALUES (163, 'admin', '127.0.0.1', '内网IP', 'Chrome 13', 'Windows 10', '0', '登录成功', '2024-10-18 19:51:52');
INSERT INTO `sys_logininfor` VALUES (164, 'admin', '127.0.0.1', '内网IP', 'Chrome 13', 'Windows 10', '0', '登录成功', '2024-10-27 14:29:01');
INSERT INTO `sys_logininfor` VALUES (165, 'admin', '127.0.0.1', '内网IP', 'Chrome 13', 'Windows 10', '0', '登录成功', '2024-11-23 16:26:55');
INSERT INTO `sys_logininfor` VALUES (166, 'admin', '127.0.0.1', '内网IP', 'Chrome 13', 'Windows 10', '0', '登录成功', '2024-11-23 16:36:43');
INSERT INTO `sys_logininfor` VALUES (167, 'admin', '127.0.0.1', '内网IP', 'Chrome 13', 'Windows 10', '0', '登录成功', '2024-11-23 21:51:58');
INSERT INTO `sys_logininfor` VALUES (168, 'admin', '127.0.0.1', '内网IP', 'Chrome 13', 'Windows 10', '0', '登录成功', '2024-12-01 21:09:43');
INSERT INTO `sys_logininfor` VALUES (169, 'admin', '127.0.0.1', '内网IP', 'Chrome 13', 'Windows 10', '0', '登录成功', '2024-12-01 22:24:02');
INSERT INTO `sys_logininfor` VALUES (170, 'admin', '127.0.0.1', '内网IP', 'Chrome 13', 'Windows 10', '0', '登录成功', '2024-12-03 22:17:51');
INSERT INTO `sys_logininfor` VALUES (171, 'admin', '127.0.0.1', '内网IP', 'Chrome 13', 'Windows 10', '0', '登录成功', '2024-12-06 21:57:30');
INSERT INTO `sys_logininfor` VALUES (172, 'admin', '127.0.0.1', '内网IP', 'Chrome 13', 'Windows 10', '0', '登录成功', '2024-12-07 13:21:51');
INSERT INTO `sys_logininfor` VALUES (173, 'admin', '127.0.0.1', '内网IP', 'Chrome 13', 'Windows 10', '1', '验证码已失效', '2024-12-07 23:06:09');
INSERT INTO `sys_logininfor` VALUES (174, 'admin', '127.0.0.1', '内网IP', 'Chrome 13', 'Windows 10', '0', '登录成功', '2024-12-07 23:06:12');
INSERT INTO `sys_logininfor` VALUES (175, 'admin', '127.0.0.1', '内网IP', 'Chrome 13', 'Windows 10', '1', '验证码错误', '2024-12-08 10:57:50');
INSERT INTO `sys_logininfor` VALUES (176, 'admin', '127.0.0.1', '内网IP', 'Chrome 13', 'Windows 10', '0', '登录成功', '2024-12-08 10:57:53');
INSERT INTO `sys_logininfor` VALUES (177, 'admin', '127.0.0.1', '内网IP', 'Chrome 13', 'Windows 10', '0', '登录成功', '2024-12-08 12:54:54');
INSERT INTO `sys_logininfor` VALUES (178, 'admin', '127.0.0.1', '内网IP', 'Chrome 13', 'Windows 10', '0', '登录成功', '2024-12-08 15:25:50');
INSERT INTO `sys_logininfor` VALUES (179, 'admin', '127.0.0.1', '内网IP', 'Chrome 13', 'Windows 10', '0', '登录成功', '2024-12-08 20:56:42');
INSERT INTO `sys_logininfor` VALUES (180, 'admin', '127.0.0.1', '内网IP', 'Chrome 13', 'Windows 10', '0', '登录成功', '2024-12-12 16:13:09');
INSERT INTO `sys_logininfor` VALUES (181, 'admin', '127.0.0.1', '内网IP', 'Chrome 13', 'Windows 10', '0', '登录成功', '2024-12-31 15:19:39');
INSERT INTO `sys_logininfor` VALUES (182, 'admin', '127.0.0.1', '内网IP', 'Chrome 13', 'Windows 10', '0', '登录成功', '2025-01-03 09:51:03');
INSERT INTO `sys_logininfor` VALUES (183, 'admin', '127.0.0.1', '内网IP', 'Chrome 13', 'Windows 10', '0', '登录成功', '2025-01-03 13:05:54');
INSERT INTO `sys_logininfor` VALUES (184, 'admin', '127.0.0.1', '内网IP', 'Chrome 13', 'Windows 10', '0', '登录成功', '2025-01-07 13:11:12');
INSERT INTO `sys_logininfor` VALUES (185, 'admin', '127.0.0.1', '内网IP', 'Chrome 13', 'Windows 10', '0', '登录成功', '2025-01-07 16:26:14');
INSERT INTO `sys_logininfor` VALUES (186, 'admin', '127.0.0.1', '内网IP', 'Chrome 13', 'Windows 10', '1', '验证码已失效', '2025-01-08 13:02:59');
INSERT INTO `sys_logininfor` VALUES (187, 'admin', '127.0.0.1', '内网IP', 'Chrome 13', 'Windows 10', '0', '登录成功', '2025-01-08 13:03:02');
INSERT INTO `sys_logininfor` VALUES (188, 'admin', '127.0.0.1', '内网IP', 'Chrome 13', 'Windows 10', '0', '登录成功', '2025-01-10 11:00:29');
INSERT INTO `sys_logininfor` VALUES (189, 'admin', '127.0.0.1', '内网IP', 'Chrome 13', 'Windows 10', '1', '验证码错误', '2025-01-10 13:03:12');
INSERT INTO `sys_logininfor` VALUES (190, 'admin', '127.0.0.1', '内网IP', 'Chrome 13', 'Windows 10', '0', '登录成功', '2025-01-10 13:03:35');
INSERT INTO `sys_logininfor` VALUES (191, 'admin', '127.0.0.1', '内网IP', 'Chrome 13', 'Windows 10', '0', '登录成功', '2025-01-10 15:34:46');
INSERT INTO `sys_logininfor` VALUES (192, 'admin', '127.0.0.1', '内网IP', 'Chrome 13', 'Windows 10', '0', '登录成功', '2025-01-10 16:08:47');
INSERT INTO `sys_logininfor` VALUES (193, 'admin', '127.0.0.1', '内网IP', 'Chrome 13', 'Windows 10', '0', '登录成功', '2025-01-10 17:08:48');
INSERT INTO `sys_logininfor` VALUES (194, 'admin', '127.0.0.1', '内网IP', 'Chrome 13', 'Windows 10', '1', '验证码错误', '2025-01-14 14:45:12');
INSERT INTO `sys_logininfor` VALUES (195, 'admin', '127.0.0.1', '内网IP', 'Chrome 13', 'Windows 10', '0', '登录成功', '2025-01-14 14:45:18');
INSERT INTO `sys_logininfor` VALUES (196, 'admin', '127.0.0.1', '内网IP', 'Chrome 13', 'Windows 10', '0', '登录成功', '2025-01-15 09:11:08');
INSERT INTO `sys_logininfor` VALUES (197, 'admin', '127.0.0.1', '内网IP', 'Chrome 13', 'Windows 10', '0', '登录成功', '2025-01-15 14:26:30');
INSERT INTO `sys_logininfor` VALUES (198, 'admin', '127.0.0.1', '内网IP', 'Chrome 13', 'Windows 10', '0', '登录成功', '2025-01-20 13:20:27');
INSERT INTO `sys_logininfor` VALUES (199, 'admin', '127.0.0.1', '内网IP', 'Chrome 13', 'Windows 10', '0', '登录成功', '2025-01-20 17:52:03');
INSERT INTO `sys_logininfor` VALUES (200, 'admin', '127.0.0.1', '内网IP', 'Chrome 13', 'Windows 10', '0', '登录成功', '2025-01-21 11:40:20');
INSERT INTO `sys_logininfor` VALUES (201, 'admin', '127.0.0.1', '内网IP', 'Chrome 13', 'Windows 10', '0', '登录成功', '2025-01-21 13:02:38');
INSERT INTO `sys_logininfor` VALUES (202, 'admin', '127.0.0.1', '内网IP', 'Chrome 13', 'Windows 10', '0', '登录成功', '2025-01-21 16:45:42');
INSERT INTO `sys_logininfor` VALUES (203, 'admin', '127.0.0.1', '内网IP', 'Chrome 13', 'Windows 10', '0', '登录成功', '2025-01-22 16:36:32');
INSERT INTO `sys_logininfor` VALUES (204, 'admin', '127.0.0.1', '内网IP', 'Chrome 13', 'Windows 10', '0', '登录成功', '2025-01-23 11:51:36');
INSERT INTO `sys_logininfor` VALUES (205, 'admin', '127.0.0.1', '内网IP', 'Chrome 13', 'Windows 10', '0', '登录成功', '2025-01-23 13:02:09');
INSERT INTO `sys_logininfor` VALUES (206, 'admin', '127.0.0.1', '内网IP', 'Chrome 13', 'Windows 10', '1', '验证码错误', '2025-01-23 17:54:10');
INSERT INTO `sys_logininfor` VALUES (207, 'admin', '127.0.0.1', '内网IP', 'Chrome 13', 'Windows 10', '0', '登录成功', '2025-01-23 17:54:12');
INSERT INTO `sys_logininfor` VALUES (208, 'admin', '127.0.0.1', '内网IP', 'Chrome 13', 'Windows 10', '0', '登录成功', '2025-01-24 09:29:14');
INSERT INTO `sys_logininfor` VALUES (209, 'admin', '127.0.0.1', '内网IP', 'Chrome 13', 'Windows 10', '0', '登录成功', '2025-01-24 10:40:47');
INSERT INTO `sys_logininfor` VALUES (210, 'admin', '127.0.0.1', '内网IP', 'Chrome 13', 'Windows 10', '0', '登录成功', '2025-01-24 13:15:00');
INSERT INTO `sys_logininfor` VALUES (211, 'admin', '127.0.0.1', '内网IP', 'Chrome 13', 'Windows 10', '0', '登录成功', '2025-01-24 16:41:08');
INSERT INTO `sys_logininfor` VALUES (212, 'admin', '127.0.0.1', '内网IP', 'Chrome 13', 'Windows 10', '0', '登录成功', '2025-01-26 09:19:01');
INSERT INTO `sys_logininfor` VALUES (213, 'admin', '127.0.0.1', '内网IP', 'Chrome 13', 'Windows 10', '0', '登录成功', '2025-01-26 13:06:40');
INSERT INTO `sys_logininfor` VALUES (214, 'admin', '127.0.0.1', '内网IP', 'Chrome 13', 'Windows 10', '1', '验证码错误', '2025-01-26 15:52:15');
INSERT INTO `sys_logininfor` VALUES (215, 'admin', '127.0.0.1', '内网IP', 'Chrome 13', 'Windows 10', '0', '登录成功', '2025-01-26 15:52:18');
INSERT INTO `sys_logininfor` VALUES (216, 'admin', '127.0.0.1', '内网IP', 'Chrome 13', 'Windows 10', '1', '验证码错误', '2025-01-26 16:41:23');
INSERT INTO `sys_logininfor` VALUES (217, 'admin', '127.0.0.1', '内网IP', 'Chrome 13', 'Windows 10', '0', '登录成功', '2025-01-26 16:41:25');
INSERT INTO `sys_logininfor` VALUES (218, 'admin', '127.0.0.1', '内网IP', 'Chrome 13', 'Windows 10', '0', '登录成功', '2025-02-05 09:15:49');
INSERT INTO `sys_logininfor` VALUES (219, 'admin', '127.0.0.1', '内网IP', 'Chrome 13', 'Windows 10', '0', '登录成功', '2025-02-05 13:02:45');
INSERT INTO `sys_logininfor` VALUES (220, 'admin', '127.0.0.1', '内网IP', 'Chrome 13', 'Windows 10', '0', '登录成功', '2025-02-05 16:09:51');
INSERT INTO `sys_logininfor` VALUES (221, 'admin', '127.0.0.1', '内网IP', 'Chrome 13', 'Windows 10', '0', '登录成功', '2025-02-05 17:14:51');
INSERT INTO `sys_logininfor` VALUES (222, 'admin', '127.0.0.1', '内网IP', 'Chrome 13', 'Windows 10', '0', '登录成功', '2025-02-05 17:45:52');
INSERT INTO `sys_logininfor` VALUES (223, 'admin', '127.0.0.1', '内网IP', 'Chrome 13', 'Windows 10', '0', '登录成功', '2025-02-06 09:11:49');
INSERT INTO `sys_logininfor` VALUES (224, 'admin', '127.0.0.1', '内网IP', 'Chrome 13', 'Windows 10', '0', '登录成功', '2025-02-06 09:55:36');
INSERT INTO `sys_logininfor` VALUES (225, 'admin', '127.0.0.1', '内网IP', 'Chrome 13', 'Windows 10', '0', '登录成功', '2025-02-06 11:18:57');
INSERT INTO `sys_logininfor` VALUES (226, 'admin', '127.0.0.1', '内网IP', 'Chrome 13', 'Windows 10', '1', '验证码错误', '2025-02-06 13:19:07');
INSERT INTO `sys_logininfor` VALUES (227, 'admin', '127.0.0.1', '内网IP', 'Chrome 13', 'Windows 10', '1', '验证码错误', '2025-02-06 13:19:49');
INSERT INTO `sys_logininfor` VALUES (228, 'admin', '127.0.0.1', '内网IP', 'Chrome 13', 'Windows 10', '0', '登录成功', '2025-02-06 13:21:48');
INSERT INTO `sys_logininfor` VALUES (229, 'admin', '127.0.0.1', '内网IP', 'Chrome 13', 'Windows 10', '0', '登录成功', '2025-02-06 16:08:07');
INSERT INTO `sys_logininfor` VALUES (230, 'admin', '127.0.0.1', '内网IP', 'Chrome 13', 'Windows 10', '0', '登录成功', '2025-02-07 09:27:16');
INSERT INTO `sys_logininfor` VALUES (231, 'admin', '127.0.0.1', '内网IP', 'Chrome 13', 'Windows 10', '0', '登录成功', '2025-02-07 10:58:13');
INSERT INTO `sys_logininfor` VALUES (232, 'admin', '127.0.0.1', '内网IP', 'Chrome 13', 'Windows 10', '0', '登录成功', '2025-02-07 13:07:48');
INSERT INTO `sys_logininfor` VALUES (233, 'admin', '127.0.0.1', '内网IP', 'Chrome 13', 'Windows 10', '0', '登录成功', '2025-02-07 15:04:46');
INSERT INTO `sys_logininfor` VALUES (234, 'admin', '127.0.0.1', '内网IP', 'Chrome 13', 'Windows 10', '0', '登录成功', '2025-02-07 16:50:14');
INSERT INTO `sys_logininfor` VALUES (235, 'admin', '127.0.0.1', '内网IP', 'Chrome 13', 'Windows 10', '0', '登录成功', '2025-02-10 14:04:49');
INSERT INTO `sys_logininfor` VALUES (236, 'admin', '127.0.0.1', '内网IP', 'Chrome 13', 'Windows 10', '0', '登录成功', '2025-02-10 16:13:32');
INSERT INTO `sys_logininfor` VALUES (237, 'admin', '127.0.0.1', '内网IP', 'Chrome 13', 'Windows 10', '0', '登录成功', '2025-02-10 20:32:03');
INSERT INTO `sys_logininfor` VALUES (238, 'admin', '127.0.0.1', '内网IP', 'Chrome 13', 'Windows 10', '0', '登录成功', '2025-02-11 09:07:44');
INSERT INTO `sys_logininfor` VALUES (239, 'admin', '127.0.0.1', '内网IP', 'Chrome 13', 'Windows 10', '0', '登录成功', '2025-02-11 12:31:46');
INSERT INTO `sys_logininfor` VALUES (240, 'admin', '127.0.0.1', '内网IP', 'Chrome 13', 'Windows 10', '0', '登录成功', '2025-02-11 17:14:55');
INSERT INTO `sys_logininfor` VALUES (241, 'admin', '127.0.0.1', '内网IP', 'Chrome 13', 'Windows 10', '0', '登录成功', '2025-02-11 20:28:52');
INSERT INTO `sys_logininfor` VALUES (242, 'admin', '127.0.0.1', '内网IP', 'Chrome 13', 'Windows 10', '0', '登录成功', '2025-02-11 21:10:21');
INSERT INTO `sys_logininfor` VALUES (243, 'admin', '127.0.0.1', '内网IP', 'Chrome 13', 'Windows 10', '0', '登录成功', '2025-02-12 19:17:25');
INSERT INTO `sys_logininfor` VALUES (244, 'admin', '127.0.0.1', '内网IP', 'Chrome 13', 'Windows 10', '0', '登录成功', '2025-02-12 20:15:39');
INSERT INTO `sys_logininfor` VALUES (245, 'admin', '127.0.0.1', '内网IP', 'Chrome 13', 'Windows 10', '0', '登录成功', '2025-02-12 21:12:24');
INSERT INTO `sys_logininfor` VALUES (246, 'admin', '127.0.0.1', '内网IP', 'Chrome 13', 'Windows 10', '0', '退出成功', '2025-02-12 21:18:44');
INSERT INTO `sys_logininfor` VALUES (247, 'wangbingbing', '127.0.0.1', '内网IP', 'Chrome 13', 'Windows 10', '0', '登录成功', '2025-02-12 21:18:53');
INSERT INTO `sys_logininfor` VALUES (248, 'wangbingbing', '127.0.0.1', '内网IP', 'Chrome 13', 'Windows 10', '0', '退出成功', '2025-02-12 21:19:13');
INSERT INTO `sys_logininfor` VALUES (249, 'admin', '127.0.0.1', '内网IP', 'Chrome 13', 'Windows 10', '0', '登录成功', '2025-02-12 21:19:18');
INSERT INTO `sys_logininfor` VALUES (250, 'admin', '127.0.0.1', '内网IP', 'Chrome 13', 'Windows 10', '0', '退出成功', '2025-02-12 21:23:00');
INSERT INTO `sys_logininfor` VALUES (251, 'wangbingbing', '127.0.0.1', '内网IP', 'Chrome 13', 'Windows 10', '0', '登录成功', '2025-02-12 21:23:09');
INSERT INTO `sys_logininfor` VALUES (252, 'wangbingbing', '127.0.0.1', '内网IP', 'Chrome 13', 'Windows 10', '0', '退出成功', '2025-02-12 21:23:57');
INSERT INTO `sys_logininfor` VALUES (253, 'wangbingbing', '127.0.0.1', '内网IP', 'Chrome 13', 'Windows 10', '0', '登录成功', '2025-02-12 21:24:01');
INSERT INTO `sys_logininfor` VALUES (254, 'wangbingbing', '127.0.0.1', '内网IP', 'Chrome 13', 'Windows 10', '0', '退出成功', '2025-02-12 21:24:10');
INSERT INTO `sys_logininfor` VALUES (255, 'admin', '127.0.0.1', '内网IP', 'Chrome 13', 'Windows 10', '1', '验证码错误', '2025-02-12 21:24:14');
INSERT INTO `sys_logininfor` VALUES (256, 'admin', '127.0.0.1', '内网IP', 'Chrome 13', 'Windows 10', '0', '登录成功', '2025-02-12 21:24:17');
INSERT INTO `sys_logininfor` VALUES (257, 'admin', '127.0.0.1', '内网IP', 'Chrome 13', 'Windows 10', '0', '退出成功', '2025-02-12 21:24:38');
INSERT INTO `sys_logininfor` VALUES (258, 'wangbingbing', '127.0.0.1', '内网IP', 'Chrome 13', 'Windows 10', '0', '登录成功', '2025-02-12 21:24:42');
INSERT INTO `sys_logininfor` VALUES (259, 'wangbingbing', '127.0.0.1', '内网IP', 'Chrome 13', 'Windows 10', '0', '退出成功', '2025-02-12 21:31:40');
INSERT INTO `sys_logininfor` VALUES (260, 'admin', '127.0.0.1', '内网IP', 'Chrome 13', 'Windows 10', '0', '登录成功', '2025-02-12 21:31:46');
INSERT INTO `sys_logininfor` VALUES (261, 'admin', '127.0.0.1', '内网IP', 'Chrome 13', 'Windows 10', '0', '退出成功', '2025-02-12 22:15:14');
INSERT INTO `sys_logininfor` VALUES (262, 'admin', '127.0.0.1', '内网IP', 'Chrome 13', 'Windows 10', '0', '登录成功', '2025-02-12 22:16:52');
INSERT INTO `sys_logininfor` VALUES (263, 'admin', '127.0.0.1', '内网IP', 'Chrome 13', 'Windows 10', '0', '退出成功', '2025-02-12 22:44:51');
INSERT INTO `sys_logininfor` VALUES (264, 'zhangsan', '127.0.0.1', '内网IP', 'Chrome 13', 'Windows 10', '0', '登录成功', '2025-02-12 22:44:55');
INSERT INTO `sys_logininfor` VALUES (265, 'zhangsan', '127.0.0.1', '内网IP', 'Chrome 13', 'Windows 10', '0', '退出成功', '2025-02-12 22:45:01');
INSERT INTO `sys_logininfor` VALUES (266, 'admin', '127.0.0.1', '内网IP', 'Chrome 13', 'Windows 10', '1', '验证码错误', '2025-02-12 22:45:05');
INSERT INTO `sys_logininfor` VALUES (267, 'admin', '127.0.0.1', '内网IP', 'Chrome 13', 'Windows 10', '0', '登录成功', '2025-02-12 22:45:07');
INSERT INTO `sys_logininfor` VALUES (268, 'admin', '127.0.0.1', '内网IP', 'Chrome 13', 'Windows 10', '0', '退出成功', '2025-02-12 22:46:20');
INSERT INTO `sys_logininfor` VALUES (269, 'admin', '127.0.0.1', '内网IP', 'Chrome 13', 'Windows 10', '0', '登录成功', '2025-02-12 22:46:23');
INSERT INTO `sys_logininfor` VALUES (270, 'admin', '127.0.0.1', '内网IP', 'Chrome 13', 'Windows 10', '0', '退出成功', '2025-02-12 22:46:23');
INSERT INTO `sys_logininfor` VALUES (271, 'admin', '127.0.0.1', '内网IP', 'Chrome 13', 'Windows 10', '0', '登录成功', '2025-02-12 22:46:34');
INSERT INTO `sys_logininfor` VALUES (272, 'admin', '127.0.0.1', '内网IP', 'Chrome 13', 'Windows 10', '0', '退出成功', '2025-02-12 22:49:16');
INSERT INTO `sys_logininfor` VALUES (273, '202325350123', '127.0.0.1', '内网IP', 'Chrome 13', 'Windows 10', '0', '登录成功', '2025-02-12 22:49:39');
INSERT INTO `sys_logininfor` VALUES (274, '202325350123', '127.0.0.1', '内网IP', 'Chrome 13', 'Windows 10', '0', '退出成功', '2025-02-12 22:50:37');
INSERT INTO `sys_logininfor` VALUES (275, '202325350123', '127.0.0.1', '内网IP', 'Chrome 13', 'Windows 10', '0', '登录成功', '2025-02-12 22:50:48');
INSERT INTO `sys_logininfor` VALUES (276, '202325350123', '127.0.0.1', '内网IP', 'Chrome 13', 'Windows 10', '0', '退出成功', '2025-02-12 22:50:48');
INSERT INTO `sys_logininfor` VALUES (277, '202325350123', '127.0.0.1', '内网IP', 'Chrome 13', 'Windows 10', '0', '登录成功', '2025-02-12 22:51:03');
INSERT INTO `sys_logininfor` VALUES (278, 'admin', '127.0.0.1', '内网IP', 'Chrome 13', 'Windows 10', '0', '登录成功', '2025-02-12 23:02:16');
INSERT INTO `sys_logininfor` VALUES (279, 'admin', '127.0.0.1', '内网IP', 'Chrome 13', 'Windows 10', '0', '退出成功', '2025-02-12 23:02:30');
INSERT INTO `sys_logininfor` VALUES (280, 'zhangsan', '127.0.0.1', '内网IP', 'Chrome 13', 'Windows 10', '0', '登录成功', '2025-02-12 23:23:15');
INSERT INTO `sys_logininfor` VALUES (281, 'zhangsan', '127.0.0.1', '内网IP', 'Chrome 13', 'Windows 10', '0', '退出成功', '2025-02-12 23:24:56');
INSERT INTO `sys_logininfor` VALUES (282, '202325350123', '127.0.0.1', '内网IP', 'Chrome 13', 'Windows 10', '1', '用户不存在/密码错误', '2025-02-12 23:25:13');
INSERT INTO `sys_logininfor` VALUES (283, '202325350123', '127.0.0.1', '内网IP', 'Chrome 13', 'Windows 10', '0', '登录成功', '2025-02-12 23:25:21');
INSERT INTO `sys_logininfor` VALUES (284, 'admin', '127.0.0.1', '内网IP', 'Chrome 13', 'Windows 10', '0', '登录成功', '2025-02-12 23:26:51');
INSERT INTO `sys_logininfor` VALUES (285, 'admin', '127.0.0.1', '内网IP', 'Chrome 13', 'Windows 10', '0', '退出成功', '2025-02-12 23:32:58');
INSERT INTO `sys_logininfor` VALUES (286, 'admin', '127.0.0.1', '内网IP', 'Chrome 13', 'Windows 10', '1', '验证码已失效', '2025-02-12 23:46:07');
INSERT INTO `sys_logininfor` VALUES (287, 'admin', '127.0.0.1', '内网IP', 'Chrome 13', 'Windows 10', '1', '验证码错误', '2025-02-12 23:46:09');
INSERT INTO `sys_logininfor` VALUES (288, 'admin', '127.0.0.1', '内网IP', 'Chrome 13', 'Windows 10', '0', '登录成功', '2025-02-12 23:46:12');
INSERT INTO `sys_logininfor` VALUES (289, 'admin', '127.0.0.1', '内网IP', 'Chrome 13', 'Windows 10', '0', '登录成功', '2025-02-13 21:03:03');
INSERT INTO `sys_logininfor` VALUES (290, 'admin', '127.0.0.1', '内网IP', 'Chrome 13', 'Windows 10', '0', '退出成功', '2025-02-13 21:09:48');
INSERT INTO `sys_logininfor` VALUES (291, 'admin', '127.0.0.1', '内网IP', 'Chrome 13', 'Windows 10', '0', '退出成功', '2025-02-13 21:09:48');
INSERT INTO `sys_logininfor` VALUES (292, 'admin', '127.0.0.1', '内网IP', 'Chrome 13', 'Windows 10', '0', '退出成功', '2025-02-13 21:09:48');
INSERT INTO `sys_logininfor` VALUES (293, 'admin', '127.0.0.1', '内网IP', 'Chrome 13', 'Windows 10', '0', '登录成功', '2025-02-13 21:09:59');
INSERT INTO `sys_logininfor` VALUES (294, 'admin', '127.0.0.1', '内网IP', 'Chrome 13', 'Windows 10', '0', '退出成功', '2025-02-13 21:14:02');
INSERT INTO `sys_logininfor` VALUES (295, '202325350123', '127.0.0.1', '内网IP', 'Chrome 13', 'Windows 10', '1', '验证码错误', '2025-02-13 21:56:06');
INSERT INTO `sys_logininfor` VALUES (296, '202325350123', '127.0.0.1', '内网IP', 'Chrome 13', 'Windows 10', '0', '登录成功', '2025-02-13 21:56:08');
INSERT INTO `sys_logininfor` VALUES (297, '202325350123', '127.0.0.1', '内网IP', 'Chrome 13', 'Windows 10', '0', '登录成功', '2025-02-13 22:42:41');
INSERT INTO `sys_logininfor` VALUES (298, 'admin', '127.0.0.1', '内网IP', 'Chrome 13', 'Windows 10', '0', '登录成功', '2025-02-14 00:11:42');
INSERT INTO `sys_logininfor` VALUES (299, 'admin', '127.0.0.1', '内网IP', 'Chrome 13', 'Windows 10', '0', '登录成功', '2025-02-14 21:28:29');
INSERT INTO `sys_logininfor` VALUES (300, 'admin', '127.0.0.1', '内网IP', 'Chrome 13', 'Windows 10', '0', '登录成功', '2025-02-15 15:12:04');
INSERT INTO `sys_logininfor` VALUES (301, 'admin', '127.0.0.1', '内网IP', 'Chrome 13', 'Windows 10', '0', '退出成功', '2025-02-15 15:12:24');
INSERT INTO `sys_logininfor` VALUES (302, 'admin', '127.0.0.1', '内网IP', 'Chrome 13', 'Windows 10', '0', '登录成功', '2025-02-16 13:42:41');
INSERT INTO `sys_logininfor` VALUES (303, '202325350123', '127.0.0.1', '内网IP', 'Chrome 13', 'Windows 10', '0', '登录成功', '2025-02-16 15:43:10');
INSERT INTO `sys_logininfor` VALUES (304, '202325350123', '127.0.0.1', '内网IP', 'Chrome 13', 'Windows 10', '0', '登录成功', '2025-02-16 17:27:16');
INSERT INTO `sys_logininfor` VALUES (305, 'admin', '127.0.0.1', '内网IP', 'Chrome 13', 'Windows 10', '1', '验证码错误', '2025-02-16 18:22:54');
INSERT INTO `sys_logininfor` VALUES (306, 'admin', '127.0.0.1', '内网IP', 'Chrome 13', 'Windows 10', '0', '登录成功', '2025-02-16 18:22:58');
INSERT INTO `sys_logininfor` VALUES (307, '202325350123', '127.0.0.1', '内网IP', 'Chrome 13', 'Windows 10', '0', '退出成功', '2025-02-16 18:24:57');
INSERT INTO `sys_logininfor` VALUES (308, 'admin', '127.0.0.1', '内网IP', 'Chrome 13', 'Windows 10', '0', '登录成功', '2025-02-16 18:25:02');
INSERT INTO `sys_logininfor` VALUES (309, 'admin', '127.0.0.1', '内网IP', 'Chrome 13', 'Windows 10', '0', '登录成功', '2025-02-16 19:27:22');
INSERT INTO `sys_logininfor` VALUES (310, 'admin', '127.0.0.1', '内网IP', 'Chrome 13', 'Windows 10', '0', '退出成功', '2025-02-16 19:27:49');
INSERT INTO `sys_logininfor` VALUES (311, 'admin', '127.0.0.1', '内网IP', 'Chrome 13', 'Windows 10', '0', '登录成功', '2025-02-16 19:33:52');
INSERT INTO `sys_logininfor` VALUES (312, 'admin', '127.0.0.1', '内网IP', 'Chrome 13', 'Windows 10', '0', '退出成功', '2025-02-16 19:33:56');
INSERT INTO `sys_logininfor` VALUES (313, '202325350123', '127.0.0.1', '内网IP', 'Chrome 13', 'Windows 10', '0', '登录成功', '2025-02-16 19:35:35');
INSERT INTO `sys_logininfor` VALUES (314, 'admin', '127.0.0.1', '内网IP', 'Chrome 13', 'Windows 10', '0', '登录成功', '2025-02-16 19:36:39');
INSERT INTO `sys_logininfor` VALUES (315, 'admin', '127.0.0.1', '内网IP', 'Chrome 13', 'Windows 10', '0', '登录成功', '2025-02-16 22:32:44');
INSERT INTO `sys_logininfor` VALUES (316, '202325350123', '127.0.0.1', '内网IP', 'Chrome 13', 'Windows 10', '0', '登录成功', '2025-02-16 23:54:48');
INSERT INTO `sys_logininfor` VALUES (317, 'admin', '127.0.0.1', '内网IP', 'Chrome 13', 'Windows 10', '1', '验证码错误', '2025-02-17 00:28:25');
INSERT INTO `sys_logininfor` VALUES (318, 'admin', '127.0.0.1', '内网IP', 'Chrome 13', 'Windows 10', '0', '登录成功', '2025-02-17 00:28:28');
INSERT INTO `sys_logininfor` VALUES (319, '202325350123', '127.0.0.1', '内网IP', 'Chrome 13', 'Windows 10', '0', '退出成功', '2025-02-17 00:36:41');
INSERT INTO `sys_logininfor` VALUES (320, 'admin', '127.0.0.1', '内网IP', 'Chrome 13', 'Windows 10', '1', 'Error attempting to get column \'avatar\' from result set.  Cause: java.sql.SQLException: Error\n; uncategorized SQLException; SQL state [null]; error code [0]; Error; nested exception is java.sql.SQLException: Error', '2025-07-25 11:13:46');
INSERT INTO `sys_logininfor` VALUES (321, 'admin', '127.0.0.1', '内网IP', 'Chrome 13', 'Windows 10', '1', '验证码错误', '2025-07-25 11:14:01');
INSERT INTO `sys_logininfor` VALUES (322, 'admin', '127.0.0.1', '内网IP', 'Chrome 13', 'Windows 10', '1', 'Error attempting to get column \'avatar\' from result set.  Cause: java.sql.SQLException: Error\n; uncategorized SQLException; SQL state [null]; error code [0]; Error; nested exception is java.sql.SQLException: Error', '2025-07-25 11:14:03');
INSERT INTO `sys_logininfor` VALUES (323, 'admin', '127.0.0.1', '内网IP', 'Chrome 13', 'Windows 10', '1', 'Error attempting to get column \'avatar\' from result set.  Cause: java.sql.SQLException: Error\n; uncategorized SQLException; SQL state [null]; error code [0]; Error; nested exception is java.sql.SQLException: Error', '2025-07-25 11:14:09');
INSERT INTO `sys_logininfor` VALUES (324, 'admin', '127.0.0.1', '内网IP', 'Chrome 13', 'Windows 10', '0', '登录成功', '2025-07-25 11:15:21');
INSERT INTO `sys_logininfor` VALUES (325, 'admin', '127.0.0.1', '内网IP', 'Chrome 13', 'Windows 10', '0', '登录成功', '2025-07-25 14:46:48');
INSERT INTO `sys_logininfor` VALUES (326, 'admin', '127.0.0.1', '内网IP', 'Chrome 13', 'Windows 10', '0', '登录成功', '2025-07-25 16:17:52');
INSERT INTO `sys_logininfor` VALUES (1948670545458024450, 'admin', '127.0.0.1', '内网IP', 'Chrome 13', 'Windows 10', '0', '退出成功', '2025-07-25 17:05:05');
INSERT INTO `sys_logininfor` VALUES (1948670573035573250, 'admin', '127.0.0.1', '内网IP', 'Chrome 13', 'Windows 10', '1', '验证码错误', '2025-07-25 17:05:09');
INSERT INTO `sys_logininfor` VALUES (1948670588961345537, 'admin', '127.0.0.1', '内网IP', 'Chrome 13', 'Windows 10', '0', '登录成功', '2025-07-25 17:05:10');
INSERT INTO `sys_logininfor` VALUES (1949639654802882562, 'admin', '127.0.0.1', '内网IP', 'Chrome 13', 'Windows 10', '0', '登录成功', '2025-07-28 09:14:51');
INSERT INTO `sys_logininfor` VALUES (1949659391263932417, 'admin', '127.0.0.1', '内网IP', 'Chrome 13', 'Windows 10', '0', '登录成功', '2025-07-28 10:33:16');
INSERT INTO `sys_logininfor` VALUES (1949670916678725634, 'admin', '127.0.0.1', '内网IP', 'Chrome 13', 'Windows 10', '0', '登录成功', '2025-07-28 11:19:04');
INSERT INTO `sys_logininfor` VALUES (1949724216748916738, 'admin', '127.0.0.1', '内网IP', 'Chrome 13', 'Windows 10', '0', '登录成功', '2025-07-28 14:50:52');
INSERT INTO `sys_logininfor` VALUES (1949767137737015297, 'admin', '127.0.0.1', '内网IP', 'Chrome 13', 'Windows 10', '1', '验证码错误', '2025-07-28 17:41:25');
INSERT INTO `sys_logininfor` VALUES (1949767159652253697, 'admin', '127.0.0.1', '内网IP', 'Chrome 13', 'Windows 10', '0', '登录成功', '2025-07-28 17:41:30');

-- ----------------------------
-- Table structure for sys_menu
-- ----------------------------
DROP TABLE IF EXISTS `sys_menu`;
CREATE TABLE `sys_menu`  (
  `menu_id` bigint NOT NULL AUTO_INCREMENT COMMENT '菜单ID',
  `menu_name` varchar(50) CHARACTER SET utf8mb4 COLLATE utf8mb4_0900_ai_ci NOT NULL COMMENT '菜单名称',
  `parent_id` bigint NULL DEFAULT 0 COMMENT '父菜单ID',
  `order_num` int NULL DEFAULT 0 COMMENT '显示顺序',
  `path` varchar(200) CHARACTER SET utf8mb4 COLLATE utf8mb4_0900_ai_ci NULL DEFAULT '' COMMENT '路由地址',
  `component` varchar(255) CHARACTER SET utf8mb4 COLLATE utf8mb4_0900_ai_ci NULL DEFAULT NULL COMMENT '组件路径',
  `query` varchar(255) CHARACTER SET utf8mb4 COLLATE utf8mb4_0900_ai_ci NULL DEFAULT NULL COMMENT '路由参数',
  `route_name` varchar(50) CHARACTER SET utf8mb4 COLLATE utf8mb4_0900_ai_ci NULL DEFAULT '' COMMENT '路由名称',
  `is_frame` int NULL DEFAULT 1 COMMENT '是否为外链（0是 1否）',
  `is_cache` int NULL DEFAULT 0 COMMENT '是否缓存（0缓存 1不缓存）',
  `menu_type` char(1) CHARACTER SET utf8mb4 COLLATE utf8mb4_0900_ai_ci NULL DEFAULT '' COMMENT '菜单类型（M目录 C菜单 F按钮）',
  `visible` char(1) CHARACTER SET utf8mb4 COLLATE utf8mb4_0900_ai_ci NULL DEFAULT '0' COMMENT '菜单状态（0显示 1隐藏）',
  `status` char(1) CHARACTER SET utf8mb4 COLLATE utf8mb4_0900_ai_ci NULL DEFAULT '0' COMMENT '菜单状态（0正常 1停用）',
  `perms` varchar(100) CHARACTER SET utf8mb4 COLLATE utf8mb4_0900_ai_ci NULL DEFAULT NULL COMMENT '权限标识',
  `icon` varchar(100) CHARACTER SET utf8mb4 COLLATE utf8mb4_0900_ai_ci NULL DEFAULT '#' COMMENT '菜单图标',
  `create_by` varchar(64) CHARACTER SET utf8mb4 COLLATE utf8mb4_0900_ai_ci NULL DEFAULT '' COMMENT '创建者',
  `create_time` datetime NULL DEFAULT (now()) COMMENT '创建时间',
  `update_by` varchar(64) CHARACTER SET utf8mb4 COLLATE utf8mb4_0900_ai_ci NULL DEFAULT '' COMMENT '更新者',
  `update_time` datetime NULL DEFAULT NULL ON UPDATE CURRENT_TIMESTAMP COMMENT '更新时间',
  `remark` varchar(500) CHARACTER SET utf8mb4 COLLATE utf8mb4_0900_ai_ci NULL DEFAULT '' COMMENT '备注',
  `deleted` tinyint NULL DEFAULT 0 COMMENT '逻辑删除',
  PRIMARY KEY (`menu_id`) USING BTREE
) ENGINE = InnoDB AUTO_INCREMENT = 2156 CHARACTER SET = utf8mb4 COLLATE = utf8mb4_0900_ai_ci COMMENT = '菜单权限表' ROW_FORMAT = DYNAMIC;

-- ----------------------------
-- Records of sys_menu
-- ----------------------------
INSERT INTO `sys_menu` VALUES (1, '系统管理', 0, 7, 'admin/system', NULL, '', '', 1, 0, 'M', '0', '0', '', 'system', 'admin', '2024-10-05 13:28:48', 'admin', '2025-02-16 14:32:07', '系统管理目录', 0);
INSERT INTO `sys_menu` VALUES (2, '系统监控', 0, 8, 'admin/monitor', NULL, '', '', 1, 0, 'M', '0', '0', '', 'monitor', 'admin', '2024-10-05 13:28:48', 'admin', '2025-02-13 21:13:16', '系统监控目录', 0);
INSERT INTO `sys_menu` VALUES (3, '系统工具', 0, 9, 'admin/tool', NULL, '', '', 1, 0, 'M', '0', '0', '', 'tool', 'admin', '2024-10-05 13:28:48', 'admin', '2025-02-13 21:13:21', '系统工具目录', 0);
INSERT INTO `sys_menu` VALUES (4, '若依官网', 0, 10, 'http://ruoyi.vip', NULL, '', '', 0, 0, 'M', '1', '0', '', 'guide', 'admin', '2024-10-05 13:28:48', 'admin', '2025-01-24 16:58:03', '若依官网地址', 0);
INSERT INTO `sys_menu` VALUES (100, '用户管理', 1, 1, 'user', 'system/user/index', '', '', 1, 0, 'C', '0', '0', 'system:user:list', 'user', 'admin', '2024-10-05 13:28:48', '', NULL, '用户管理菜单', 0);
INSERT INTO `sys_menu` VALUES (101, '角色管理', 1, 2, 'role', 'system/role/index', '', '', 1, 0, 'C', '0', '0', 'system:role:list', 'peoples', 'admin', '2024-10-05 13:28:48', '', NULL, '角色管理菜单', 0);
INSERT INTO `sys_menu` VALUES (102, '菜单管理', 1, 3, 'menu', 'system/menu/index', '', '', 1, 0, 'C', '0', '0', 'system:menu:list', 'tree-table', 'admin', '2024-10-05 13:28:48', '', NULL, '菜单管理菜单', 0);
INSERT INTO `sys_menu` VALUES (103, '部门管理', 1, 4, 'dept', 'system/dept/index', '', '', 1, 0, 'C', '0', '0', 'system:dept:list', 'tree', 'admin', '2024-10-05 13:28:48', '', NULL, '部门管理菜单', 0);
INSERT INTO `sys_menu` VALUES (104, '岗位管理', 1, 5, 'post', 'system/post/index', '', '', 1, 0, 'C', '0', '0', 'system:post:list', 'post', 'admin', '2024-10-05 13:28:48', '', NULL, '岗位管理菜单', 0);
INSERT INTO `sys_menu` VALUES (105, '字典管理', 1, 6, 'dict', 'system/dict/index', '', '', 1, 0, 'C', '0', '0', 'system:dict:list', 'dict', 'admin', '2024-10-05 13:28:48', '', NULL, '字典管理菜单', 0);
INSERT INTO `sys_menu` VALUES (106, '参数设置', 1, 7, 'config', 'system/config/index', '', '', 1, 0, 'C', '0', '0', 'system:config:list', 'edit', 'admin', '2024-10-05 13:28:48', '', NULL, '参数设置菜单', 0);
INSERT INTO `sys_menu` VALUES (107, '通知公告', 1, 8, 'notice', 'system/notice/index', '', '', 1, 0, 'C', '0', '0', 'system:notice:list', 'message', 'admin', '2024-10-05 13:28:48', '', NULL, '通知公告菜单', 0);
INSERT INTO `sys_menu` VALUES (108, '日志管理', 1, 9, 'log', '', '', '', 1, 0, 'M', '0', '0', '', 'log', 'admin', '2024-10-05 13:28:48', '', NULL, '日志管理菜单', 0);
INSERT INTO `sys_menu` VALUES (109, '在线用户', 2, 1, 'online', 'monitor/online/index', '', '', 1, 0, 'C', '0', '0', 'monitor:online:list', 'online', 'admin', '2024-10-05 13:28:48', '', NULL, '在线用户菜单', 0);
INSERT INTO `sys_menu` VALUES (110, '定时任务', 2, 2, 'job', 'monitor/job/index', '', '', 1, 0, 'C', '0', '0', 'monitor:job:list', 'job', 'admin', '2024-10-05 13:28:48', '', NULL, '定时任务菜单', 0);
INSERT INTO `sys_menu` VALUES (111, '数据监控', 2, 3, 'druid', 'monitor/druid/index', '', '', 1, 0, 'C', '0', '0', 'monitor:druid:list', 'druid', 'admin', '2024-10-05 13:28:48', '', NULL, '数据监控菜单', 0);
INSERT INTO `sys_menu` VALUES (112, '服务监控', 2, 4, 'server', 'monitor/server/index', '', '', 1, 0, 'C', '0', '0', 'monitor:server:list', 'server', 'admin', '2024-10-05 13:28:48', '', NULL, '服务监控菜单', 0);
INSERT INTO `sys_menu` VALUES (113, '缓存监控', 2, 5, 'cache', 'monitor/cache/index', '', '', 1, 0, 'C', '0', '0', 'monitor:cache:list', 'redis', 'admin', '2024-10-05 13:28:48', '', NULL, '缓存监控菜单', 0);
INSERT INTO `sys_menu` VALUES (114, '缓存列表', 2, 6, 'cacheList', 'monitor/cache/list', '', '', 1, 0, 'C', '0', '0', 'monitor:cache:list', 'redis-list', 'admin', '2024-10-05 13:28:48', '', NULL, '缓存列表菜单', 0);
INSERT INTO `sys_menu` VALUES (115, '表单构建', 3, 1, 'build', 'tool/build/index', '', '', 1, 0, 'C', '0', '0', 'tool:build:list', 'build', 'admin', '2024-10-05 13:28:48', '', NULL, '表单构建菜单', 0);
INSERT INTO `sys_menu` VALUES (116, '代码生成', 3, 2, 'gen', 'tool/gen/index', '', '', 1, 0, 'C', '0', '0', 'tool:gen:list', 'code', 'admin', '2024-10-05 13:28:48', '', NULL, '代码生成菜单', 0);
INSERT INTO `sys_menu` VALUES (117, '系统接口', 3, 3, 'swagger', 'tool/swagger/index', '', '', 1, 0, 'C', '0', '0', 'tool:swagger:list', 'swagger', 'admin', '2024-10-05 13:28:48', '', NULL, '系统接口菜单', 0);
INSERT INTO `sys_menu` VALUES (500, '操作日志', 108, 1, 'operlog', 'monitor/operlog/index', '', '', 1, 0, 'C', '0', '0', 'monitor:operlog:list', 'form', 'admin', '2024-10-05 13:28:48', '', NULL, '操作日志菜单', 0);
INSERT INTO `sys_menu` VALUES (501, '登录日志', 108, 2, 'logininfor', 'monitor/logininfor/index', '', '', 1, 0, 'C', '0', '0', 'monitor:logininfor:list', 'logininfor', 'admin', '2024-10-05 13:28:48', '', NULL, '登录日志菜单', 0);
INSERT INTO `sys_menu` VALUES (1000, '用户查询', 100, 1, '', '', '', '', 1, 0, 'F', '0', '0', 'system:user:query', '#', 'admin', '2024-10-05 13:28:48', '', NULL, '', 0);
INSERT INTO `sys_menu` VALUES (1001, '用户新增', 100, 2, '', '', '', '', 1, 0, 'F', '0', '0', 'system:user:add', '#', 'admin', '2024-10-05 13:28:48', '', NULL, '', 0);
INSERT INTO `sys_menu` VALUES (1002, '用户修改', 100, 3, '', '', '', '', 1, 0, 'F', '0', '0', 'system:user:edit', '#', 'admin', '2024-10-05 13:28:48', '', NULL, '', 0);
INSERT INTO `sys_menu` VALUES (1003, '用户删除', 100, 4, '', '', '', '', 1, 0, 'F', '0', '0', 'system:user:remove', '#', 'admin', '2024-10-05 13:28:48', '', NULL, '', 0);
INSERT INTO `sys_menu` VALUES (1004, '用户导出', 100, 5, '', '', '', '', 1, 0, 'F', '0', '0', 'system:user:export', '#', 'admin', '2024-10-05 13:28:48', '', NULL, '', 0);
INSERT INTO `sys_menu` VALUES (1005, '用户导入', 100, 6, '', '', '', '', 1, 0, 'F', '0', '0', 'system:user:import', '#', 'admin', '2024-10-05 13:28:48', '', NULL, '', 0);
INSERT INTO `sys_menu` VALUES (1006, '重置密码', 100, 7, '', '', '', '', 1, 0, 'F', '0', '0', 'system:user:resetPwd', '#', 'admin', '2024-10-05 13:28:48', '', NULL, '', 0);
INSERT INTO `sys_menu` VALUES (1007, '角色查询', 101, 1, '', '', '', '', 1, 0, 'F', '0', '0', 'system:role:query', '#', 'admin', '2024-10-05 13:28:48', '', NULL, '', 0);
INSERT INTO `sys_menu` VALUES (1008, '角色新增', 101, 2, '', '', '', '', 1, 0, 'F', '0', '0', 'system:role:add', '#', 'admin', '2024-10-05 13:28:48', '', NULL, '', 0);
INSERT INTO `sys_menu` VALUES (1009, '角色修改', 101, 3, '', '', '', '', 1, 0, 'F', '0', '0', 'system:role:edit', '#', 'admin', '2024-10-05 13:28:48', '', NULL, '', 0);
INSERT INTO `sys_menu` VALUES (1010, '角色删除', 101, 4, '', '', '', '', 1, 0, 'F', '0', '0', 'system:role:remove', '#', 'admin', '2024-10-05 13:28:48', '', NULL, '', 0);
INSERT INTO `sys_menu` VALUES (1011, '角色导出', 101, 5, '', '', '', '', 1, 0, 'F', '0', '0', 'system:role:export', '#', 'admin', '2024-10-05 13:28:48', '', NULL, '', 0);
INSERT INTO `sys_menu` VALUES (1012, '菜单查询', 102, 1, '', '', '', '', 1, 0, 'F', '0', '0', 'system:menu:query', '#', 'admin', '2024-10-05 13:28:48', '', NULL, '', 0);
INSERT INTO `sys_menu` VALUES (1013, '菜单新增', 102, 2, '', '', '', '', 1, 0, 'F', '0', '0', 'system:menu:add', '#', 'admin', '2024-10-05 13:28:48', '', NULL, '', 0);
INSERT INTO `sys_menu` VALUES (1014, '菜单修改', 102, 3, '', '', '', '', 1, 0, 'F', '0', '0', 'system:menu:edit', '#', 'admin', '2024-10-05 13:28:48', '', NULL, '', 0);
INSERT INTO `sys_menu` VALUES (1015, '菜单删除', 102, 4, '', '', '', '', 1, 0, 'F', '0', '0', 'system:menu:remove', '#', 'admin', '2024-10-05 13:28:48', '', NULL, '', 0);
INSERT INTO `sys_menu` VALUES (1016, '部门查询', 103, 1, '', '', '', '', 1, 0, 'F', '0', '0', 'system:dept:query', '#', 'admin', '2024-10-05 13:28:48', '', NULL, '', 0);
INSERT INTO `sys_menu` VALUES (1017, '部门新增', 103, 2, '', '', '', '', 1, 0, 'F', '0', '0', 'system:dept:add', '#', 'admin', '2024-10-05 13:28:48', '', NULL, '', 0);
INSERT INTO `sys_menu` VALUES (1018, '部门修改', 103, 3, '', '', '', '', 1, 0, 'F', '0', '0', 'system:dept:edit', '#', 'admin', '2024-10-05 13:28:48', '', NULL, '', 0);
INSERT INTO `sys_menu` VALUES (1019, '部门删除', 103, 4, '', '', '', '', 1, 0, 'F', '0', '0', 'system:dept:remove', '#', 'admin', '2024-10-05 13:28:48', '', NULL, '', 0);
INSERT INTO `sys_menu` VALUES (1020, '岗位查询', 104, 1, '', '', '', '', 1, 0, 'F', '0', '0', 'system:post:query', '#', 'admin', '2024-10-05 13:28:48', '', NULL, '', 0);
INSERT INTO `sys_menu` VALUES (1021, '岗位新增', 104, 2, '', '', '', '', 1, 0, 'F', '0', '0', 'system:post:add', '#', 'admin', '2024-10-05 13:28:48', '', NULL, '', 0);
INSERT INTO `sys_menu` VALUES (1022, '岗位修改', 104, 3, '', '', '', '', 1, 0, 'F', '0', '0', 'system:post:edit', '#', 'admin', '2024-10-05 13:28:48', '', NULL, '', 0);
INSERT INTO `sys_menu` VALUES (1023, '岗位删除', 104, 4, '', '', '', '', 1, 0, 'F', '0', '0', 'system:post:remove', '#', 'admin', '2024-10-05 13:28:48', '', NULL, '', 0);
INSERT INTO `sys_menu` VALUES (1024, '岗位导出', 104, 5, '', '', '', '', 1, 0, 'F', '0', '0', 'system:post:export', '#', 'admin', '2024-10-05 13:28:48', '', NULL, '', 0);
INSERT INTO `sys_menu` VALUES (1025, '字典查询', 105, 1, '#', '', '', '', 1, 0, 'F', '0', '0', 'system:dict:query', '#', 'admin', '2024-10-05 13:28:48', '', NULL, '', 0);
INSERT INTO `sys_menu` VALUES (1026, '字典新增', 105, 2, '#', '', '', '', 1, 0, 'F', '0', '0', 'system:dict:add', '#', 'admin', '2024-10-05 13:28:48', '', NULL, '', 0);
INSERT INTO `sys_menu` VALUES (1027, '字典修改', 105, 3, '#', '', '', '', 1, 0, 'F', '0', '0', 'system:dict:edit', '#', 'admin', '2024-10-05 13:28:48', '', NULL, '', 0);
INSERT INTO `sys_menu` VALUES (1028, '字典删除', 105, 4, '#', '', '', '', 1, 0, 'F', '0', '0', 'system:dict:remove', '#', 'admin', '2024-10-05 13:28:48', '', NULL, '', 0);
INSERT INTO `sys_menu` VALUES (1029, '字典导出', 105, 5, '#', '', '', '', 1, 0, 'F', '0', '0', 'system:dict:export', '#', 'admin', '2024-10-05 13:28:48', '', NULL, '', 0);
INSERT INTO `sys_menu` VALUES (1030, '参数查询', 106, 1, '#', '', '', '', 1, 0, 'F', '0', '0', 'system:config:query', '#', 'admin', '2024-10-05 13:28:48', '', NULL, '', 0);
INSERT INTO `sys_menu` VALUES (1031, '参数新增', 106, 2, '#', '', '', '', 1, 0, 'F', '0', '0', 'system:config:add', '#', 'admin', '2024-10-05 13:28:48', '', NULL, '', 0);
INSERT INTO `sys_menu` VALUES (1032, '参数修改', 106, 3, '#', '', '', '', 1, 0, 'F', '0', '0', 'system:config:edit', '#', 'admin', '2024-10-05 13:28:48', '', NULL, '', 0);
INSERT INTO `sys_menu` VALUES (1033, '参数删除', 106, 4, '#', '', '', '', 1, 0, 'F', '0', '0', 'system:config:remove', '#', 'admin', '2024-10-05 13:28:48', '', NULL, '', 0);
INSERT INTO `sys_menu` VALUES (1034, '参数导出', 106, 5, '#', '', '', '', 1, 0, 'F', '0', '0', 'system:config:export', '#', 'admin', '2024-10-05 13:28:48', '', NULL, '', 0);
INSERT INTO `sys_menu` VALUES (1035, '公告查询', 107, 1, '#', '', '', '', 1, 0, 'F', '0', '0', 'system:notice:query', '#', 'admin', '2024-10-05 13:28:48', '', NULL, '', 0);
INSERT INTO `sys_menu` VALUES (1036, '公告新增', 107, 2, '#', '', '', '', 1, 0, 'F', '0', '0', 'system:notice:add', '#', 'admin', '2024-10-05 13:28:48', '', NULL, '', 0);
INSERT INTO `sys_menu` VALUES (1037, '公告修改', 107, 3, '#', '', '', '', 1, 0, 'F', '0', '0', 'system:notice:edit', '#', 'admin', '2024-10-05 13:28:48', '', NULL, '', 0);
INSERT INTO `sys_menu` VALUES (1038, '公告删除', 107, 4, '#', '', '', '', 1, 0, 'F', '0', '0', 'system:notice:remove', '#', 'admin', '2024-10-05 13:28:48', '', NULL, '', 0);
INSERT INTO `sys_menu` VALUES (1039, '操作查询', 500, 1, '#', '', '', '', 1, 0, 'F', '0', '0', 'monitor:operlog:query', '#', 'admin', '2024-10-05 13:28:48', '', NULL, '', 0);
INSERT INTO `sys_menu` VALUES (1040, '操作删除', 500, 2, '#', '', '', '', 1, 0, 'F', '0', '0', 'monitor:operlog:remove', '#', 'admin', '2024-10-05 13:28:48', '', NULL, '', 0);
INSERT INTO `sys_menu` VALUES (1041, '日志导出', 500, 3, '#', '', '', '', 1, 0, 'F', '0', '0', 'monitor:operlog:export', '#', 'admin', '2024-10-05 13:28:48', '', NULL, '', 0);
INSERT INTO `sys_menu` VALUES (1042, '登录查询', 501, 1, '#', '', '', '', 1, 0, 'F', '0', '0', 'monitor:logininfor:query', '#', 'admin', '2024-10-05 13:28:48', '', NULL, '', 0);
INSERT INTO `sys_menu` VALUES (1043, '登录删除', 501, 2, '#', '', '', '', 1, 0, 'F', '0', '0', 'monitor:logininfor:remove', '#', 'admin', '2024-10-05 13:28:48', '', NULL, '', 0);
INSERT INTO `sys_menu` VALUES (1044, '日志导出', 501, 3, '#', '', '', '', 1, 0, 'F', '0', '0', 'monitor:logininfor:export', '#', 'admin', '2024-10-05 13:28:48', '', NULL, '', 0);
INSERT INTO `sys_menu` VALUES (1045, '账户解锁', 501, 4, '#', '', '', '', 1, 0, 'F', '0', '0', 'monitor:logininfor:unlock', '#', 'admin', '2024-10-05 13:28:48', '', NULL, '', 0);
INSERT INTO `sys_menu` VALUES (1046, '在线查询', 109, 1, '#', '', '', '', 1, 0, 'F', '0', '0', 'monitor:online:query', '#', 'admin', '2024-10-05 13:28:48', '', NULL, '', 0);
INSERT INTO `sys_menu` VALUES (1047, '批量强退', 109, 2, '#', '', '', '', 1, 0, 'F', '0', '0', 'monitor:online:batchLogout', '#', 'admin', '2024-10-05 13:28:48', '', NULL, '', 0);
INSERT INTO `sys_menu` VALUES (1048, '单条强退', 109, 3, '#', '', '', '', 1, 0, 'F', '0', '0', 'monitor:online:forceLogout', '#', 'admin', '2024-10-05 13:28:48', '', NULL, '', 0);
INSERT INTO `sys_menu` VALUES (1049, '任务查询', 110, 1, '#', '', '', '', 1, 0, 'F', '0', '0', 'monitor:job:query', '#', 'admin', '2024-10-05 13:28:48', '', NULL, '', 0);
INSERT INTO `sys_menu` VALUES (1050, '任务新增', 110, 2, '#', '', '', '', 1, 0, 'F', '0', '0', 'monitor:job:add', '#', 'admin', '2024-10-05 13:28:48', '', NULL, '', 0);
INSERT INTO `sys_menu` VALUES (1051, '任务修改', 110, 3, '#', '', '', '', 1, 0, 'F', '0', '0', 'monitor:job:edit', '#', 'admin', '2024-10-05 13:28:48', '', NULL, '', 0);
INSERT INTO `sys_menu` VALUES (1052, '任务删除', 110, 4, '#', '', '', '', 1, 0, 'F', '0', '0', 'monitor:job:remove', '#', 'admin', '2024-10-05 13:28:48', '', NULL, '', 0);
INSERT INTO `sys_menu` VALUES (1053, '状态修改', 110, 5, '#', '', '', '', 1, 0, 'F', '0', '0', 'monitor:job:changeStatus', '#', 'admin', '2024-10-05 13:28:48', '', NULL, '', 0);
INSERT INTO `sys_menu` VALUES (1054, '任务导出', 110, 6, '#', '', '', '', 1, 0, 'F', '0', '0', 'monitor:job:export', '#', 'admin', '2024-10-05 13:28:48', '', NULL, '', 0);
INSERT INTO `sys_menu` VALUES (1055, '生成查询', 116, 1, '#', '', '', '', 1, 0, 'F', '0', '0', 'tool:gen:query', '#', 'admin', '2024-10-05 13:28:48', '', NULL, '', 0);
INSERT INTO `sys_menu` VALUES (1056, '生成修改', 116, 2, '#', '', '', '', 1, 0, 'F', '0', '0', 'tool:gen:edit', '#', 'admin', '2024-10-05 13:28:48', '', NULL, '', 0);
INSERT INTO `sys_menu` VALUES (1057, '生成删除', 116, 3, '#', '', '', '', 1, 0, 'F', '0', '0', 'tool:gen:remove', '#', 'admin', '2024-10-05 13:28:48', '', NULL, '', 0);
INSERT INTO `sys_menu` VALUES (1058, '导入代码', 116, 4, '#', '', '', '', 1, 0, 'F', '0', '0', 'tool:gen:import', '#', 'admin', '2024-10-05 13:28:48', '', NULL, '', 0);
INSERT INTO `sys_menu` VALUES (1059, '预览代码', 116, 5, '#', '', '', '', 1, 0, 'F', '0', '0', 'tool:gen:preview', '#', 'admin', '2024-10-05 13:28:48', '', NULL, '', 0);
INSERT INTO `sys_menu` VALUES (1060, '生成代码', 116, 6, '#', '', '', '', 1, 0, 'F', '0', '0', 'tool:gen:code', '#', 'admin', '2024-10-05 13:28:48', '', NULL, '', 0);
INSERT INTO `sys_menu` VALUES (2000, '用户管理', 0, 2, 'admin/base', NULL, NULL, '', 1, 0, 'M', '0', '0', '', '基础管理', 'admin', '2024-10-05 14:55:21', 'admin', '2025-02-14 00:12:23', '', 0);
INSERT INTO `sys_menu` VALUES (2019, '教师管理', 2000, 1, 'teacher', 'manage/teacher/index', NULL, '', 1, 0, 'C', '0', '0', 'manage:teacher:list', '教师管理', 'admin', '2024-10-05 23:35:45', 'admin', '2025-02-12 23:29:42', '教师管理菜单', 0);
INSERT INTO `sys_menu` VALUES (2020, '教师管理查询', 2019, 1, '#', '', NULL, '', 1, 0, 'F', '0', '0', 'manage:teacher:query', '#', 'admin', '2024-10-05 23:35:45', '', NULL, '', 0);
INSERT INTO `sys_menu` VALUES (2021, '教师管理新增', 2019, 2, '#', '', NULL, '', 1, 0, 'F', '0', '0', 'manage:teacher:add', '#', 'admin', '2024-10-05 23:35:45', '', NULL, '', 0);
INSERT INTO `sys_menu` VALUES (2022, '教师管理修改', 2019, 3, '#', '', NULL, '', 1, 0, 'F', '0', '0', 'manage:teacher:edit', '#', 'admin', '2024-10-05 23:35:45', '', NULL, '', 0);
INSERT INTO `sys_menu` VALUES (2023, '教师管理删除', 2019, 4, '#', '', NULL, '', 1, 0, 'F', '0', '0', 'manage:teacher:remove', '#', 'admin', '2024-10-05 23:35:45', '', NULL, '', 0);
INSERT INTO `sys_menu` VALUES (2024, '教师管理导出', 2019, 5, '#', '', NULL, '', 1, 0, 'F', '0', '0', 'manage:teacher:export', '#', 'admin', '2024-10-05 23:35:45', '', NULL, '', 0);
INSERT INTO `sys_menu` VALUES (2025, '学生管理', 2000, 1, 'student', 'manage/student/index', NULL, '', 1, 0, 'C', '0', '0', 'manage:student:list', '学生管理', 'admin', '2024-10-06 23:28:13', 'admin', '2024-10-09 09:43:01', '学生管理菜单', 0);
INSERT INTO `sys_menu` VALUES (2026, '学生管理查询', 2025, 1, '#', '', NULL, '', 1, 0, 'F', '0', '0', 'manage:student:query', '#', 'admin', '2024-10-06 23:28:13', '', NULL, '', 0);
INSERT INTO `sys_menu` VALUES (2027, '学生管理新增', 2025, 2, '#', '', NULL, '', 1, 0, 'F', '0', '0', 'manage:student:add', '#', 'admin', '2024-10-06 23:28:13', '', NULL, '', 0);
INSERT INTO `sys_menu` VALUES (2028, '学生管理修改', 2025, 3, '#', '', NULL, '', 1, 0, 'F', '0', '0', 'manage:student:edit', '#', 'admin', '2024-10-06 23:28:13', '', NULL, '', 0);
INSERT INTO `sys_menu` VALUES (2029, '学生管理删除', 2025, 4, '#', '', NULL, '', 1, 0, 'F', '0', '0', 'manage:student:remove', '#', 'admin', '2024-10-06 23:28:13', '', NULL, '', 0);
INSERT INTO `sys_menu` VALUES (2030, '学生管理导出', 2025, 5, '#', '', NULL, '', 1, 0, 'F', '0', '0', 'manage:student:export', '#', 'admin', '2024-10-06 23:28:13', '', NULL, '', 0);
INSERT INTO `sys_menu` VALUES (2031, '课程管理', 0, 2, 'admin/course', NULL, NULL, '', 1, 0, 'M', '0', '0', '', '课程管理', 'admin', '2024-10-10 18:47:36', 'admin', '2025-02-13 21:12:44', '', 0);
INSERT INTO `sys_menu` VALUES (2032, '课程管理', 2031, 1, 'course', 'manage/course/index', NULL, '', 1, 0, 'C', '0', '0', 'manage:course:list', '课程管理', 'admin', '2024-10-10 20:58:03', 'admin', '2024-10-10 21:02:06', '课程管理菜单', 0);
INSERT INTO `sys_menu` VALUES (2033, '课程管理查询', 2032, 1, '#', '', NULL, '', 1, 0, 'F', '0', '0', 'manage:course:query', '#', 'admin', '2024-10-10 20:58:03', '', NULL, '', 0);
INSERT INTO `sys_menu` VALUES (2034, '课程管理新增', 2032, 2, '#', '', NULL, '', 1, 0, 'F', '0', '0', 'manage:course:add', '#', 'admin', '2024-10-10 20:58:03', '', NULL, '', 0);
INSERT INTO `sys_menu` VALUES (2035, '课程管理修改', 2032, 3, '#', '', NULL, '', 1, 0, 'F', '0', '0', 'manage:course:edit', '#', 'admin', '2024-10-10 20:58:03', '', NULL, '', 0);
INSERT INTO `sys_menu` VALUES (2036, '课程管理删除', 2032, 4, '#', '', NULL, '', 1, 0, 'F', '0', '0', 'manage:course:remove', '#', 'admin', '2024-10-10 20:58:03', '', NULL, '', 0);
INSERT INTO `sys_menu` VALUES (2037, '课程管理导出', 2032, 5, '#', '', NULL, '', 1, 0, 'F', '0', '0', 'manage:course:export', '#', 'admin', '2024-10-10 20:58:03', '', NULL, '', 0);
INSERT INTO `sys_menu` VALUES (2044, '课程内容章节管理', 2031, 5, 'chapter', 'manage/chapter/index', NULL, '', 1, 0, 'C', '1', '0', 'manage:chapter:list', '#', 'admin', '2024-10-16 23:05:06', 'admin', '2025-01-26 11:30:29', '课程内容章节管理菜单', 0);
INSERT INTO `sys_menu` VALUES (2045, '课程内容章节管理查询', 2044, 1, '#', '', NULL, '', 1, 0, 'F', '0', '0', 'manage:chapter:query', '#', 'admin', '2024-10-16 23:05:06', '', NULL, '', 0);
INSERT INTO `sys_menu` VALUES (2046, '课程内容章节管理新增', 2044, 2, '#', '', NULL, '', 1, 0, 'F', '0', '0', 'manage:chapter:add', '#', 'admin', '2024-10-16 23:05:06', '', NULL, '', 0);
INSERT INTO `sys_menu` VALUES (2047, '课程内容章节管理修改', 2044, 3, '#', '', NULL, '', 1, 0, 'F', '0', '0', 'manage:chapter:edit', '#', 'admin', '2024-10-16 23:05:06', '', NULL, '', 0);
INSERT INTO `sys_menu` VALUES (2048, '课程内容章节管理删除', 2044, 4, '#', '', NULL, '', 1, 0, 'F', '0', '0', 'manage:chapter:remove', '#', 'admin', '2024-10-16 23:05:06', '', NULL, '', 0);
INSERT INTO `sys_menu` VALUES (2049, '课程内容章节管理导出', 2044, 5, '#', '', NULL, '', 1, 0, 'F', '0', '0', 'manage:chapter:export', '#', 'admin', '2024-10-16 23:05:06', '', NULL, '', 0);
INSERT INTO `sys_menu` VALUES (2050, '课程资料', 2031, 6, 'material', 'manage/material/index', NULL, '', 1, 0, 'C', '1', '0', 'manage:material:list', '#', 'admin', '2024-10-16 23:05:51', 'admin', '2025-01-26 11:30:25', '课程资料菜单', 0);
INSERT INTO `sys_menu` VALUES (2051, '课程资料查询', 2050, 1, '#', '', NULL, '', 1, 0, 'F', '0', '0', 'manage:material:query', '#', 'admin', '2024-10-16 23:05:51', '', NULL, '', 0);
INSERT INTO `sys_menu` VALUES (2052, '课程资料新增', 2050, 2, '#', '', NULL, '', 1, 0, 'F', '0', '0', 'manage:material:add', '#', 'admin', '2024-10-16 23:05:51', '', NULL, '', 0);
INSERT INTO `sys_menu` VALUES (2053, '课程资料修改', 2050, 3, '#', '', NULL, '', 1, 0, 'F', '0', '0', 'manage:material:edit', '#', 'admin', '2024-10-16 23:05:51', '', NULL, '', 0);
INSERT INTO `sys_menu` VALUES (2054, '课程资料删除', 2050, 4, '#', '', NULL, '', 1, 0, 'F', '0', '0', 'manage:material:remove', '#', 'admin', '2024-10-16 23:05:51', '', NULL, '', 0);
INSERT INTO `sys_menu` VALUES (2055, '课程资料导出', 2050, 5, '#', '', NULL, '', 1, 0, 'F', '0', '0', 'manage:material:export', '#', 'admin', '2024-10-16 23:05:51', '', NULL, '', 0);
INSERT INTO `sys_menu` VALUES (2056, '作业管理', 2031, 3, 'homework', 'manage/homework/index', NULL, '', 1, 0, 'C', '0', '0', 'manage:homework:list', '作业管理', 'admin', '2024-11-23 21:55:57', 'admin', '2025-01-26 11:30:36', '作业管理菜单', 0);
INSERT INTO `sys_menu` VALUES (2057, '作业管理查询', 2056, 1, '#', '', NULL, '', 1, 0, 'F', '0', '0', 'manage:homework:query', '#', 'admin', '2024-11-23 21:55:57', '', NULL, '', 0);
INSERT INTO `sys_menu` VALUES (2058, '作业管理新增', 2056, 2, '#', '', NULL, '', 1, 0, 'F', '0', '0', 'manage:homework:add', '#', 'admin', '2024-11-23 21:55:57', '', NULL, '', 0);
INSERT INTO `sys_menu` VALUES (2059, '作业管理修改', 2056, 3, '#', '', NULL, '', 1, 0, 'F', '0', '0', 'manage:homework:edit', '#', 'admin', '2024-11-23 21:55:57', '', NULL, '', 0);
INSERT INTO `sys_menu` VALUES (2060, '作业管理删除', 2056, 4, '#', '', NULL, '', 1, 0, 'F', '0', '0', 'manage:homework:remove', '#', 'admin', '2024-11-23 21:55:57', '', NULL, '', 0);
INSERT INTO `sys_menu` VALUES (2061, '作业管理导出', 2056, 5, '#', '', NULL, '', 1, 0, 'F', '0', '0', 'manage:homework:export', '#', 'admin', '2024-11-23 21:55:57', '', NULL, '', 0);
INSERT INTO `sys_menu` VALUES (2062, '课程分类', 2031, 4, 'category', 'manage/category/index', NULL, '', 1, 0, 'C', '0', '0', 'manage:category:list', '分类管理', 'admin', '2024-12-08 21:40:07', 'admin', '2025-01-26 11:30:33', '课程分类菜单', 0);
INSERT INTO `sys_menu` VALUES (2063, '课程分类查询', 2062, 1, '#', '', NULL, '', 1, 0, 'F', '0', '0', 'manage:category:query', '#', 'admin', '2024-12-08 21:40:07', '', NULL, '', 0);
INSERT INTO `sys_menu` VALUES (2064, '课程分类新增', 2062, 2, '#', '', NULL, '', 1, 0, 'F', '0', '0', 'manage:category:add', '#', 'admin', '2024-12-08 21:40:07', '', NULL, '', 0);
INSERT INTO `sys_menu` VALUES (2065, '课程分类修改', 2062, 3, '#', '', NULL, '', 1, 0, 'F', '0', '0', 'manage:category:edit', '#', 'admin', '2024-12-08 21:40:07', '', NULL, '', 0);
INSERT INTO `sys_menu` VALUES (2066, '课程分类删除', 2062, 4, '#', '', NULL, '', 1, 0, 'F', '0', '0', 'manage:category:remove', '#', 'admin', '2024-12-08 21:40:07', '', NULL, '', 0);
INSERT INTO `sys_menu` VALUES (2067, '课程分类导出', 2062, 5, '#', '', NULL, '', 1, 0, 'F', '0', '0', 'manage:category:export', '#', 'admin', '2024-12-08 21:40:07', '', NULL, '', 0);
INSERT INTO `sys_menu` VALUES (2068, '考试管理', 0, 3, 'admin/exams', NULL, NULL, '', 1, 0, 'M', '0', '0', '', '题库管理', 'admin', '2025-01-10 15:38:50', 'admin', '2025-02-13 21:12:52', '', 0);
INSERT INTO `sys_menu` VALUES (2075, '试卷管理', 2068, 2, 'paper', 'manage/paper/index', NULL, '', 1, 0, 'C', '0', '0', 'manage:paper:list', '试卷管理', 'admin', '2025-01-10 16:32:58', 'admin', '2025-02-11 15:36:43', '试卷管理菜单', 0);
INSERT INTO `sys_menu` VALUES (2076, '试卷管理查询', 2075, 1, '#', '', NULL, '', 1, 0, 'F', '0', '0', 'manage:paper:query', '#', 'admin', '2025-01-10 16:32:58', '', NULL, '', 0);
INSERT INTO `sys_menu` VALUES (2077, '试卷管理新增', 2075, 2, '#', '', NULL, '', 1, 0, 'F', '0', '0', 'manage:paper:add', '#', 'admin', '2025-01-10 16:32:58', '', NULL, '', 0);
INSERT INTO `sys_menu` VALUES (2078, '试卷管理修改', 2075, 3, '#', '', NULL, '', 1, 0, 'F', '0', '0', 'manage:paper:edit', '#', 'admin', '2025-01-10 16:32:58', '', NULL, '', 0);
INSERT INTO `sys_menu` VALUES (2079, '试卷管理删除', 2075, 4, '#', '', NULL, '', 1, 0, 'F', '0', '0', 'manage:paper:remove', '#', 'admin', '2025-01-10 16:32:58', '', NULL, '', 0);
INSERT INTO `sys_menu` VALUES (2080, '试卷管理导出', 2075, 5, '#', '', NULL, '', 1, 0, 'F', '0', '0', 'manage:paper:export', '#', 'admin', '2025-01-10 16:32:58', '', NULL, '', 0);
INSERT INTO `sys_menu` VALUES (2081, '题目管理', 2068, 4, 'question', 'manage/question/index', NULL, '', 1, 0, 'C', '0', '0', 'manage:question:list', '题目管理', 'admin', '2025-01-10 16:32:58', 'admin', '2025-02-11 15:36:49', '题目管理菜单', 0);
INSERT INTO `sys_menu` VALUES (2082, '题目管理查询', 2081, 1, '#', '', NULL, '', 1, 0, 'F', '0', '0', 'manage:question:query', '#', 'admin', '2025-01-10 16:32:58', '', NULL, '', 0);
INSERT INTO `sys_menu` VALUES (2083, '题目管理新增', 2081, 2, '#', '', NULL, '', 1, 0, 'F', '0', '0', 'manage:question:add', '#', 'admin', '2025-01-10 16:32:58', '', NULL, '', 0);
INSERT INTO `sys_menu` VALUES (2084, '题目管理修改', 2081, 3, '#', '', NULL, '', 1, 0, 'F', '0', '0', 'manage:question:edit', '#', 'admin', '2025-01-10 16:32:58', '', NULL, '', 0);
INSERT INTO `sys_menu` VALUES (2085, '题目管理删除', 2081, 4, '#', '', NULL, '', 1, 0, 'F', '0', '0', 'manage:question:remove', '#', 'admin', '2025-01-10 16:32:58', '', NULL, '', 0);
INSERT INTO `sys_menu` VALUES (2086, '题目管理导出', 2081, 5, '#', '', NULL, '', 1, 0, 'F', '0', '0', 'manage:question:export', '#', 'admin', '2025-01-10 16:32:58', '', NULL, '', 0);
INSERT INTO `sys_menu` VALUES (2088, '评论管理', 0, 4, 'admin/comment', 'manage/comment/index', NULL, '', 1, 0, 'C', '0', '0', 'manage:comment:list', '评论管理', 'admin', '2025-01-21 13:07:21', 'admin', '2025-02-13 21:13:05', '评论管理菜单', 0);
INSERT INTO `sys_menu` VALUES (2089, '评论管理查询', 2088, 1, '#', '', NULL, '', 1, 0, 'F', '0', '0', 'manage:comment:query', '#', 'admin', '2025-01-21 13:07:21', '', NULL, '', 0);
INSERT INTO `sys_menu` VALUES (2090, '评论管理新增', 2088, 2, '#', '', NULL, '', 1, 0, 'F', '0', '0', 'manage:comment:add', '#', 'admin', '2025-01-21 13:07:21', '', NULL, '', 0);
INSERT INTO `sys_menu` VALUES (2091, '评论管理修改', 2088, 3, '#', '', NULL, '', 1, 0, 'F', '0', '0', 'manage:comment:edit', '#', 'admin', '2025-01-21 13:07:21', '', NULL, '', 0);
INSERT INTO `sys_menu` VALUES (2092, '评论管理删除', 2088, 4, '#', '', NULL, '', 1, 0, 'F', '0', '0', 'manage:comment:remove', '#', 'admin', '2025-01-21 13:07:21', '', NULL, '', 0);
INSERT INTO `sys_menu` VALUES (2093, '评论管理导出', 2088, 5, '#', '', NULL, '', 1, 0, 'F', '0', '0', 'manage:comment:export', '#', 'admin', '2025-01-21 13:07:21', '', NULL, '', 0);
INSERT INTO `sys_menu` VALUES (2094, '资源管理', 0, 6, 'admin/file', 'manage/file/index', NULL, '', 1, 0, 'C', '0', '0', 'manage:file:list', '资源管理', 'admin', '2025-01-21 13:07:21', 'admin', '2025-02-13 21:13:11', '资源管理菜单', 0);
INSERT INTO `sys_menu` VALUES (2095, '资源管理查询', 2094, 1, '#', '', NULL, '', 1, 0, 'F', '0', '0', 'manage:file:query', '#', 'admin', '2025-01-21 13:07:21', '', NULL, '', 0);
INSERT INTO `sys_menu` VALUES (2096, '资源管理新增', 2094, 2, '#', '', NULL, '', 1, 0, 'F', '0', '0', 'manage:file:add', '#', 'admin', '2025-01-21 13:07:21', '', NULL, '', 0);
INSERT INTO `sys_menu` VALUES (2097, '资源管理修改', 2094, 3, '#', '', NULL, '', 1, 0, 'F', '0', '0', 'manage:file:edit', '#', 'admin', '2025-01-21 13:07:21', '', NULL, '', 0);
INSERT INTO `sys_menu` VALUES (2098, '资源管理删除', 2094, 4, '#', '', NULL, '', 1, 0, 'F', '0', '0', 'manage:file:remove', '#', 'admin', '2025-01-21 13:07:21', '', NULL, '', 0);
INSERT INTO `sys_menu` VALUES (2099, '资源管理导出', 2094, 5, '#', '', NULL, '', 1, 0, 'F', '0', '0', 'manage:file:export', '#', 'admin', '2025-01-21 13:07:21', '', NULL, '', 0);
INSERT INTO `sys_menu` VALUES (2100, '学习管理', 0, 5, 'admin/study', NULL, NULL, '', 1, 0, 'M', '0', '0', '', '#', 'admin', '2025-01-24 16:58:37', 'admin', '2025-02-13 21:12:58', '', 0);
INSERT INTO `sys_menu` VALUES (2101, '学习目标管理', 2100, 1, 'goal', 'manage/goal/index', NULL, '', 1, 0, 'C', '0', '0', 'manage:goal:list', '#', 'admin', '2025-01-24 17:07:42', '', NULL, '学习目标管理菜单', 0);
INSERT INTO `sys_menu` VALUES (2102, '学习目标管理查询', 2101, 1, '#', '', NULL, '', 1, 0, 'F', '0', '0', 'manage:goal:query', '#', 'admin', '2025-01-24 17:07:42', '', NULL, '', 0);
INSERT INTO `sys_menu` VALUES (2103, '学习目标管理新增', 2101, 2, '#', '', NULL, '', 1, 0, 'F', '0', '0', 'manage:goal:add', '#', 'admin', '2025-01-24 17:07:42', '', NULL, '', 0);
INSERT INTO `sys_menu` VALUES (2104, '学习目标管理修改', 2101, 3, '#', '', NULL, '', 1, 0, 'F', '0', '0', 'manage:goal:edit', '#', 'admin', '2025-01-24 17:07:42', '', NULL, '', 0);
INSERT INTO `sys_menu` VALUES (2105, '学习目标管理删除', 2101, 4, '#', '', NULL, '', 1, 0, 'F', '0', '0', 'manage:goal:remove', '#', 'admin', '2025-01-24 17:07:42', '', NULL, '', 0);
INSERT INTO `sys_menu` VALUES (2106, '学习目标管理导出', 2101, 5, '#', '', NULL, '', 1, 0, 'F', '0', '0', 'manage:goal:export', '#', 'admin', '2025-01-24 17:07:42', '', NULL, '', 0);
INSERT INTO `sys_menu` VALUES (2107, '学习记录管理', 2100, 1, 'record', 'manage/record/index', NULL, '', 1, 0, 'C', '0', '0', 'manage:record:list', '#', 'admin', '2025-01-24 17:07:42', '', NULL, '学习记录管理菜单', 0);
INSERT INTO `sys_menu` VALUES (2108, '学习记录管理查询', 2107, 1, '#', '', NULL, '', 1, 0, 'F', '0', '0', 'manage:record:query', '#', 'admin', '2025-01-24 17:07:42', '', NULL, '', 0);
INSERT INTO `sys_menu` VALUES (2109, '学习记录管理新增', 2107, 2, '#', '', NULL, '', 1, 0, 'F', '0', '0', 'manage:record:add', '#', 'admin', '2025-01-24 17:07:42', '', NULL, '', 0);
INSERT INTO `sys_menu` VALUES (2110, '学习记录管理修改', 2107, 3, '#', '', NULL, '', 1, 0, 'F', '0', '0', 'manage:record:edit', '#', 'admin', '2025-01-24 17:07:42', '', NULL, '', 0);
INSERT INTO `sys_menu` VALUES (2111, '学习记录管理删除', 2107, 4, '#', '', NULL, '', 1, 0, 'F', '0', '0', 'manage:record:remove', '#', 'admin', '2025-01-24 17:07:42', '', NULL, '', 0);
INSERT INTO `sys_menu` VALUES (2112, '学习记录管理导出', 2107, 5, '#', '', NULL, '', 1, 0, 'F', '0', '0', 'manage:record:export', '#', 'admin', '2025-01-24 17:07:42', '', NULL, '', 0);
INSERT INTO `sys_menu` VALUES (2119, '学习路线管理', 2100, 1, 'route', 'manage/route/index', NULL, '', 1, 0, 'C', '0', '0', 'manage:route:list', '#', 'admin', '2025-01-24 17:07:42', '', NULL, '学习路线管理菜单', 0);
INSERT INTO `sys_menu` VALUES (2120, '学习路线管理查询', 2119, 1, '#', '', NULL, '', 1, 0, 'F', '0', '0', 'manage:route:query', '#', 'admin', '2025-01-24 17:07:42', '', NULL, '', 0);
INSERT INTO `sys_menu` VALUES (2121, '学习路线管理新增', 2119, 2, '#', '', NULL, '', 1, 0, 'F', '0', '0', 'manage:route:add', '#', 'admin', '2025-01-24 17:07:42', '', NULL, '', 0);
INSERT INTO `sys_menu` VALUES (2122, '学习路线管理修改', 2119, 3, '#', '', NULL, '', 1, 0, 'F', '0', '0', 'manage:route:edit', '#', 'admin', '2025-01-24 17:07:42', '', NULL, '', 0);
INSERT INTO `sys_menu` VALUES (2123, '学习路线管理删除', 2119, 4, '#', '', NULL, '', 1, 0, 'F', '0', '0', 'manage:route:remove', '#', 'admin', '2025-01-24 17:07:42', '', NULL, '', 0);
INSERT INTO `sys_menu` VALUES (2124, '学习路线管理导出', 2119, 5, '#', '', NULL, '', 1, 0, 'F', '0', '0', 'manage:route:export', '#', 'admin', '2025-01-24 17:07:42', '', NULL, '', 0);
INSERT INTO `sys_menu` VALUES (2125, '学生选课', 2031, 2, 'student_course', 'manage/student_course/index', NULL, '', 1, 0, 'C', '0', '0', 'manage:student_course:list', '已选课程', 'admin', '2025-01-26 09:44:22', 'admin', '2025-01-26 11:30:40', '学生选课菜单', 0);
INSERT INTO `sys_menu` VALUES (2126, '学生选课查询', 2125, 1, '#', '', NULL, '', 1, 0, 'F', '0', '0', 'manage:student_course:query', '#', 'admin', '2025-01-26 09:44:22', '', NULL, '', 0);
INSERT INTO `sys_menu` VALUES (2127, '学生选课新增', 2125, 2, '#', '', NULL, '', 1, 0, 'F', '0', '0', 'manage:student_course:add', '#', 'admin', '2025-01-26 09:44:22', '', NULL, '', 0);
INSERT INTO `sys_menu` VALUES (2128, '学生选课修改', 2125, 3, '#', '', NULL, '', 1, 0, 'F', '0', '0', 'manage:student_course:edit', '#', 'admin', '2025-01-26 09:44:22', '', NULL, '', 0);
INSERT INTO `sys_menu` VALUES (2129, '学生选课删除', 2125, 4, '#', '', NULL, '', 1, 0, 'F', '0', '0', 'manage:student_course:remove', '#', 'admin', '2025-01-26 09:44:22', '', NULL, '', 0);
INSERT INTO `sys_menu` VALUES (2130, '学生选课导出', 2125, 5, '#', '', NULL, '', 1, 0, 'F', '0', '0', 'manage:student_course:export', '#', 'admin', '2025-01-26 09:44:22', '', NULL, '', 0);
INSERT INTO `sys_menu` VALUES (2131, '题库管理', 2068, 3, 'repo', 'manage/repo/index', NULL, '', 1, 0, 'C', '0', '0', 'manage:repo:list', '#', 'admin', '2025-02-09 20:51:22', 'admin', '2025-02-11 15:36:46', '题库管理菜单', 0);
INSERT INTO `sys_menu` VALUES (2132, '题库管理查询', 2131, 1, '#', '', NULL, '', 1, 0, 'F', '0', '0', 'manage:repo:query', '#', 'admin', '2025-02-09 20:51:22', '', NULL, '', 0);
INSERT INTO `sys_menu` VALUES (2133, '题库管理新增', 2131, 2, '#', '', NULL, '', 1, 0, 'F', '0', '0', 'manage:repo:add', '#', 'admin', '2025-02-09 20:51:22', '', NULL, '', 0);
INSERT INTO `sys_menu` VALUES (2134, '题库管理修改', 2131, 3, '#', '', NULL, '', 1, 0, 'F', '0', '0', 'manage:repo:edit', '#', 'admin', '2025-02-09 20:51:22', '', NULL, '', 0);
INSERT INTO `sys_menu` VALUES (2135, '题库管理删除', 2131, 4, '#', '', NULL, '', 1, 0, 'F', '0', '0', 'manage:repo:remove', '#', 'admin', '2025-02-09 20:51:22', '', NULL, '', 0);
INSERT INTO `sys_menu` VALUES (2136, '题库管理导出', 2131, 5, '#', '', NULL, '', 1, 0, 'F', '0', '0', 'manage:repo:export', '#', 'admin', '2025-02-09 20:51:22', '', NULL, '', 0);
INSERT INTO `sys_menu` VALUES (2143, '考试管理', 2068, 1, 'exam', 'manage/exam/index', NULL, '', 1, 0, 'C', '0', '0', 'manage:exam:list', '#', 'admin', '2025-02-11 12:51:33', 'admin', '2025-02-11 12:57:34', '考试管理菜单', 0);
INSERT INTO `sys_menu` VALUES (2144, '考试管理查询', 2143, 1, '#', '', NULL, '', 1, 0, 'F', '0', '0', 'manage:exam:query', '#', 'admin', '2025-02-11 12:51:33', '', NULL, '', 0);
INSERT INTO `sys_menu` VALUES (2145, '考试管理新增', 2143, 2, '#', '', NULL, '', 1, 0, 'F', '0', '0', 'manage:exam:add', '#', 'admin', '2025-02-11 12:51:33', '', NULL, '', 0);
INSERT INTO `sys_menu` VALUES (2146, '考试管理修改', 2143, 3, '#', '', NULL, '', 1, 0, 'F', '0', '0', 'manage:exam:edit', '#', 'admin', '2025-02-11 12:51:33', '', NULL, '', 0);
INSERT INTO `sys_menu` VALUES (2147, '考试管理删除', 2143, 4, '#', '', NULL, '', 1, 0, 'F', '0', '0', 'manage:exam:remove', '#', 'admin', '2025-02-11 12:51:33', '', NULL, '', 0);
INSERT INTO `sys_menu` VALUES (2148, '考试管理导出', 2143, 5, '#', '', NULL, '', 1, 0, 'F', '0', '0', 'manage:exam:export', '#', 'admin', '2025-02-11 12:51:33', '', NULL, '', 0);
INSERT INTO `sys_menu` VALUES (2149, '首页', 0, 1, 'admin/index', 'index', NULL, '', 1, 0, 'C', '0', '0', '', 'dashboard', 'admin', '2025-02-12 22:26:40', 'admin', '2025-02-16 18:25:20', '', 0);
INSERT INTO `sys_menu` VALUES (2150, '课程方向', 2031, 1, 'direction', 'manage/direction/index', NULL, '', 1, 0, 'C', '0', '0', 'manage:direction:list', '#', 'admin', '2025-02-12 23:51:04', '', NULL, '课程方向菜单', 0);
INSERT INTO `sys_menu` VALUES (2151, '课程方向查询', 2150, 1, '#', '', NULL, '', 1, 0, 'F', '0', '0', 'manage:direction:query', '#', 'admin', '2025-02-12 23:51:05', '', NULL, '', 0);
INSERT INTO `sys_menu` VALUES (2152, '课程方向新增', 2150, 2, '#', '', NULL, '', 1, 0, 'F', '0', '0', 'manage:direction:add', '#', 'admin', '2025-02-12 23:51:05', '', NULL, '', 0);
INSERT INTO `sys_menu` VALUES (2153, '课程方向修改', 2150, 3, '#', '', NULL, '', 1, 0, 'F', '0', '0', 'manage:direction:edit', '#', 'admin', '2025-02-12 23:51:05', '', NULL, '', 0);
INSERT INTO `sys_menu` VALUES (2154, '课程方向删除', 2150, 4, '#', '', NULL, '', 1, 0, 'F', '0', '0', 'manage:direction:remove', '#', 'admin', '2025-02-12 23:51:05', '', NULL, '', 0);
INSERT INTO `sys_menu` VALUES (2155, '课程方向导出', 2150, 5, '#', '', NULL, '', 1, 0, 'F', '0', '0', 'manage:direction:export', '#', 'admin', '2025-02-12 23:51:05', '', NULL, '', 0);

-- ----------------------------
-- Table structure for sys_notice
-- ----------------------------
DROP TABLE IF EXISTS `sys_notice`;
CREATE TABLE `sys_notice`  (
  `notice_id` int NOT NULL AUTO_INCREMENT COMMENT '公告ID',
  `notice_title` varchar(50) CHARACTER SET utf8mb4 COLLATE utf8mb4_0900_ai_ci NOT NULL COMMENT '公告标题',
  `notice_type` char(1) CHARACTER SET utf8mb4 COLLATE utf8mb4_0900_ai_ci NOT NULL COMMENT '公告类型（1通知 2公告）',
  `notice_content` longblob NULL COMMENT '公告内容',
  `status` char(1) CHARACTER SET utf8mb4 COLLATE utf8mb4_0900_ai_ci NULL DEFAULT '0' COMMENT '公告状态（0正常 1关闭）',
  `create_by` varchar(64) CHARACTER SET utf8mb4 COLLATE utf8mb4_0900_ai_ci NULL DEFAULT '' COMMENT '创建者',
  `create_time` datetime NULL DEFAULT (now()) COMMENT '创建时间',
  `update_by` varchar(64) CHARACTER SET utf8mb4 COLLATE utf8mb4_0900_ai_ci NULL DEFAULT '' COMMENT '更新者',
  `update_time` datetime NULL DEFAULT NULL ON UPDATE CURRENT_TIMESTAMP COMMENT '更新时间',
  `remark` varchar(255) CHARACTER SET utf8mb4 COLLATE utf8mb4_0900_ai_ci NULL DEFAULT NULL COMMENT '备注',
  `deleted` tinyint NULL DEFAULT NULL COMMENT '逻辑删除',
  PRIMARY KEY (`notice_id`) USING BTREE
) ENGINE = InnoDB AUTO_INCREMENT = 10 CHARACTER SET = utf8mb4 COLLATE = utf8mb4_0900_ai_ci COMMENT = '通知公告表' ROW_FORMAT = DYNAMIC;

-- ----------------------------
-- Records of sys_notice
-- ----------------------------
INSERT INTO `sys_notice` VALUES (1, '温馨提醒：2018-07-01 若依新版本发布啦', '2', 0xE696B0E78988E69CACE58685E5AEB9, '0', 'admin', '2024-10-05 13:28:49', '', '2025-07-25 17:36:38', '管理员', 0);
INSERT INTO `sys_notice` VALUES (2, '维护通知：2018-07-01 若依系统凌晨维护', '1', 0xE7BBB4E68AA4E58685E5AEB9, '0', 'admin', '2024-10-05 13:28:49', '', '2025-07-25 17:36:38', '管理员', 0);

-- ----------------------------
-- Table structure for sys_oper_log
-- ----------------------------
DROP TABLE IF EXISTS `sys_oper_log`;
CREATE TABLE `sys_oper_log`  (
  `oper_id` bigint NOT NULL AUTO_INCREMENT COMMENT '日志主键',
  `title` varchar(50) CHARACTER SET utf8mb4 COLLATE utf8mb4_0900_ai_ci NULL DEFAULT '' COMMENT '模块标题',
  `business_type` int NULL DEFAULT 0 COMMENT '业务类型（0其它 1新增 2修改 3删除）',
  `method` varchar(200) CHARACTER SET utf8mb4 COLLATE utf8mb4_0900_ai_ci NULL DEFAULT '' COMMENT '方法名称',
  `request_method` varchar(10) CHARACTER SET utf8mb4 COLLATE utf8mb4_0900_ai_ci NULL DEFAULT '' COMMENT '请求方式',
  `operator_type` int NULL DEFAULT 0 COMMENT '操作类别（0其它 1后台用户 2手机端用户）',
  `oper_name` varchar(50) CHARACTER SET utf8mb4 COLLATE utf8mb4_0900_ai_ci NULL DEFAULT '' COMMENT '操作人员',
  `dept_name` varchar(50) CHARACTER SET utf8mb4 COLLATE utf8mb4_0900_ai_ci NULL DEFAULT '' COMMENT '部门名称',
  `oper_url` varchar(255) CHARACTER SET utf8mb4 COLLATE utf8mb4_0900_ai_ci NULL DEFAULT '' COMMENT '请求URL',
  `oper_ip` varchar(128) CHARACTER SET utf8mb4 COLLATE utf8mb4_0900_ai_ci NULL DEFAULT '' COMMENT '主机地址',
  `oper_location` varchar(255) CHARACTER SET utf8mb4 COLLATE utf8mb4_0900_ai_ci NULL DEFAULT '' COMMENT '操作地点',
  `oper_param` varchar(2000) CHARACTER SET utf8mb4 COLLATE utf8mb4_0900_ai_ci NULL DEFAULT '' COMMENT '请求参数',
  `json_result` varchar(2000) CHARACTER SET utf8mb4 COLLATE utf8mb4_0900_ai_ci NULL DEFAULT '' COMMENT '返回参数',
  `status` int NULL DEFAULT 0 COMMENT '操作状态（0正常 1异常）',
  `error_msg` varchar(2000) CHARACTER SET utf8mb4 COLLATE utf8mb4_0900_ai_ci NULL DEFAULT '' COMMENT '错误消息',
  `oper_time` datetime NULL DEFAULT (now()) COMMENT '操作时间',
  `cost_time` bigint NULL DEFAULT 0 COMMENT '消耗时间',
  PRIMARY KEY (`oper_id`) USING BTREE,
  INDEX `idx_sys_oper_log_bt`(`business_type` ASC) USING BTREE,
  INDEX `idx_sys_oper_log_s`(`status` ASC) USING BTREE,
  INDEX `idx_sys_oper_log_ot`(`oper_time` ASC) USING BTREE
) ENGINE = InnoDB AUTO_INCREMENT = 1949731326920441858 CHARACTER SET = utf8mb4 COLLATE = utf8mb4_0900_ai_ci COMMENT = '操作日志记录' ROW_FORMAT = DYNAMIC;

-- ----------------------------
-- Records of sys_oper_log
-- ----------------------------
INSERT INTO `sys_oper_log` VALUES (100, '菜单管理', 1, 'com.eduflex.web.controller.system.SysMenuController.add()', 'POST', 1, 'admin', '研发部门', '/system/menu', '127.0.0.1', '内网IP', '{\"children\":[],\"createBy\":\"admin\",\"isCache\":\"0\",\"isFrame\":\"1\",\"menuName\":\"基础管理\",\"menuType\":\"M\",\"orderNum\":1,\"params\":{},\"parentId\":0,\"path\":\"base\",\"status\":\"0\",\"visible\":\"0\"}', '{\"msg\":\"操作成功\",\"code\":200}', 0, NULL, '2024-10-05 14:55:21', 22);
INSERT INTO `sys_oper_log` VALUES (101, '菜单管理', 2, 'com.eduflex.web.controller.system.SysMenuController.edit()', 'PUT', 1, 'admin', '研发部门', '/system/menu', '127.0.0.1', '内网IP', '{\"children\":[],\"createTime\":\"2024-10-05 13:28:48\",\"icon\":\"system\",\"isCache\":\"0\",\"isFrame\":\"1\",\"menuId\":1,\"menuName\":\"系统管理\",\"menuType\":\"M\",\"orderNum\":3,\"params\":{},\"parentId\":0,\"path\":\"system\",\"perms\":\"\",\"query\":\"\",\"routeName\":\"\",\"status\":\"0\",\"updateBy\":\"admin\",\"visible\":\"0\"}', '{\"msg\":\"操作成功\",\"code\":200}', 0, NULL, '2024-10-05 14:55:30', 13);
INSERT INTO `sys_oper_log` VALUES (102, '菜单管理', 2, 'com.eduflex.web.controller.system.SysMenuController.edit()', 'PUT', 1, 'admin', '研发部门', '/system/menu', '127.0.0.1', '内网IP', '{\"children\":[],\"createTime\":\"2024-10-05 13:28:48\",\"icon\":\"monitor\",\"isCache\":\"0\",\"isFrame\":\"1\",\"menuId\":2,\"menuName\":\"系统监控\",\"menuType\":\"M\",\"orderNum\":4,\"params\":{},\"parentId\":0,\"path\":\"monitor\",\"perms\":\"\",\"query\":\"\",\"routeName\":\"\",\"status\":\"0\",\"updateBy\":\"admin\",\"visible\":\"0\"}', '{\"msg\":\"操作成功\",\"code\":200}', 0, NULL, '2024-10-05 14:55:35', 9);
INSERT INTO `sys_oper_log` VALUES (103, '菜单管理', 2, 'com.eduflex.web.controller.system.SysMenuController.edit()', 'PUT', 1, 'admin', '研发部门', '/system/menu', '127.0.0.1', '内网IP', '{\"children\":[],\"createTime\":\"2024-10-05 13:28:48\",\"icon\":\"monitor\",\"isCache\":\"0\",\"isFrame\":\"1\",\"menuId\":2,\"menuName\":\"系统监控\",\"menuType\":\"M\",\"orderNum\":5,\"params\":{},\"parentId\":0,\"path\":\"monitor\",\"perms\":\"\",\"query\":\"\",\"routeName\":\"\",\"status\":\"0\",\"updateBy\":\"admin\",\"visible\":\"0\"}', '{\"msg\":\"操作成功\",\"code\":200}', 0, NULL, '2024-10-05 14:55:37', 10);
INSERT INTO `sys_oper_log` VALUES (104, '菜单管理', 2, 'com.eduflex.web.controller.system.SysMenuController.edit()', 'PUT', 1, 'admin', '研发部门', '/system/menu', '127.0.0.1', '内网IP', '{\"children\":[],\"createTime\":\"2024-10-05 13:28:48\",\"icon\":\"monitor\",\"isCache\":\"0\",\"isFrame\":\"1\",\"menuId\":2,\"menuName\":\"系统监控\",\"menuType\":\"M\",\"orderNum\":6,\"params\":{},\"parentId\":0,\"path\":\"monitor\",\"perms\":\"\",\"query\":\"\",\"routeName\":\"\",\"status\":\"0\",\"updateBy\":\"admin\",\"visible\":\"0\"}', '{\"msg\":\"操作成功\",\"code\":200}', 0, NULL, '2024-10-05 14:55:40', 8);
INSERT INTO `sys_oper_log` VALUES (105, '菜单管理', 2, 'com.eduflex.web.controller.system.SysMenuController.edit()', 'PUT', 1, 'admin', '研发部门', '/system/menu', '127.0.0.1', '内网IP', '{\"children\":[],\"createTime\":\"2024-10-05 13:28:48\",\"icon\":\"guide\",\"isCache\":\"0\",\"isFrame\":\"0\",\"menuId\":4,\"menuName\":\"若依官网\",\"menuType\":\"M\",\"orderNum\":6,\"params\":{},\"parentId\":0,\"path\":\"http://ruoyi.vip\",\"perms\":\"\",\"query\":\"\",\"routeName\":\"\",\"status\":\"0\",\"updateBy\":\"admin\",\"visible\":\"0\"}', '{\"msg\":\"操作成功\",\"code\":200}', 0, NULL, '2024-10-05 14:55:52', 11);
INSERT INTO `sys_oper_log` VALUES (106, '菜单管理', 2, 'com.eduflex.web.controller.system.SysMenuController.edit()', 'PUT', 1, 'admin', '研发部门', '/system/menu', '127.0.0.1', '内网IP', '{\"children\":[],\"createTime\":\"2024-10-05 13:28:48\",\"icon\":\"monitor\",\"isCache\":\"0\",\"isFrame\":\"1\",\"menuId\":2,\"menuName\":\"系统监控\",\"menuType\":\"M\",\"orderNum\":5,\"params\":{},\"parentId\":0,\"path\":\"monitor\",\"perms\":\"\",\"query\":\"\",\"routeName\":\"\",\"status\":\"0\",\"updateBy\":\"admin\",\"visible\":\"0\"}', '{\"msg\":\"操作成功\",\"code\":200}', 0, NULL, '2024-10-05 14:55:56', 8);
INSERT INTO `sys_oper_log` VALUES (107, '菜单管理', 2, 'com.eduflex.web.controller.system.SysMenuController.edit()', 'PUT', 1, 'admin', '研发部门', '/system/menu', '127.0.0.1', '内网IP', '{\"children\":[],\"createTime\":\"2024-10-05 13:28:48\",\"icon\":\"tool\",\"isCache\":\"0\",\"isFrame\":\"1\",\"menuId\":3,\"menuName\":\"系统工具\",\"menuType\":\"M\",\"orderNum\":4,\"params\":{},\"parentId\":0,\"path\":\"tool\",\"perms\":\"\",\"query\":\"\",\"routeName\":\"\",\"status\":\"0\",\"updateBy\":\"admin\",\"visible\":\"0\"}', '{\"msg\":\"操作成功\",\"code\":200}', 0, NULL, '2024-10-05 14:56:03', 10);
INSERT INTO `sys_oper_log` VALUES (108, '菜单管理', 2, 'com.eduflex.web.controller.system.SysMenuController.edit()', 'PUT', 1, 'admin', '研发部门', '/system/menu', '127.0.0.1', '内网IP', '{\"children\":[],\"createTime\":\"2024-10-05 13:28:48\",\"icon\":\"monitor\",\"isCache\":\"0\",\"isFrame\":\"1\",\"menuId\":2,\"menuName\":\"系统监控\",\"menuType\":\"M\",\"orderNum\":4,\"params\":{},\"parentId\":0,\"path\":\"monitor\",\"perms\":\"\",\"query\":\"\",\"routeName\":\"\",\"status\":\"0\",\"updateBy\":\"admin\",\"visible\":\"0\"}', '{\"msg\":\"操作成功\",\"code\":200}', 0, NULL, '2024-10-05 14:56:16', 9);
INSERT INTO `sys_oper_log` VALUES (109, '菜单管理', 2, 'com.eduflex.web.controller.system.SysMenuController.edit()', 'PUT', 1, 'admin', '研发部门', '/system/menu', '127.0.0.1', '内网IP', '{\"children\":[],\"createTime\":\"2024-10-05 13:28:48\",\"icon\":\"tool\",\"isCache\":\"0\",\"isFrame\":\"1\",\"menuId\":3,\"menuName\":\"系统工具\",\"menuType\":\"M\",\"orderNum\":5,\"params\":{},\"parentId\":0,\"path\":\"tool\",\"perms\":\"\",\"query\":\"\",\"routeName\":\"\",\"status\":\"0\",\"updateBy\":\"admin\",\"visible\":\"0\"}', '{\"msg\":\"操作成功\",\"code\":200}', 0, NULL, '2024-10-05 14:56:21', 8);
INSERT INTO `sys_oper_log` VALUES (110, '菜单管理', 3, 'com.eduflex.web.controller.system.SysMenuController.remove()', 'DELETE', 1, 'admin', '研发部门', '/system/menu/4', '127.0.0.1', '内网IP', '{}', '{\"msg\":\"菜单已分配,不允许删除\",\"code\":601}', 0, NULL, '2024-10-05 14:56:29', 11);
INSERT INTO `sys_oper_log` VALUES (111, '菜单管理', 3, 'com.eduflex.web.controller.system.SysMenuController.remove()', 'DELETE', 1, 'admin', '研发部门', '/system/menu/4', '127.0.0.1', '内网IP', '{}', '{\"msg\":\"菜单已分配,不允许删除\",\"code\":601}', 0, NULL, '2024-10-05 14:56:35', 5);
INSERT INTO `sys_oper_log` VALUES (112, '菜单管理', 2, 'com.eduflex.web.controller.system.SysMenuController.edit()', 'PUT', 1, 'admin', '研发部门', '/system/menu', '127.0.0.1', '内网IP', '{\"children\":[],\"createTime\":\"2024-10-05 13:28:48\",\"icon\":\"guide\",\"isCache\":\"0\",\"isFrame\":\"0\",\"menuId\":4,\"menuName\":\"若依官网\",\"menuType\":\"M\",\"orderNum\":6,\"params\":{},\"parentId\":0,\"path\":\"http://ruoyi.vip\",\"perms\":\"\",\"query\":\"\",\"routeName\":\"\",\"status\":\"1\",\"updateBy\":\"admin\",\"visible\":\"0\"}', '{\"msg\":\"操作成功\",\"code\":200}', 0, NULL, '2024-10-05 14:56:47', 9);
INSERT INTO `sys_oper_log` VALUES (113, '菜单管理', 3, 'com.eduflex.web.controller.system.SysMenuController.remove()', 'DELETE', 1, 'admin', '研发部门', '/system/menu/4', '127.0.0.1', '内网IP', '{}', '{\"msg\":\"菜单已分配,不允许删除\",\"code\":601}', 0, NULL, '2024-10-05 14:56:49', 7);
INSERT INTO `sys_oper_log` VALUES (114, '菜单管理', 2, 'com.eduflex.web.controller.system.SysMenuController.edit()', 'PUT', 1, 'admin', '研发部门', '/system/menu', '127.0.0.1', '内网IP', '{\"children\":[],\"createTime\":\"2024-10-05 13:28:48\",\"icon\":\"guide\",\"isCache\":\"0\",\"isFrame\":\"0\",\"menuId\":4,\"menuName\":\"若依官网\",\"menuType\":\"M\",\"orderNum\":6,\"params\":{},\"parentId\":0,\"path\":\"http://ruoyi.vip\",\"perms\":\"\",\"query\":\"\",\"routeName\":\"\",\"status\":\"0\",\"updateBy\":\"admin\",\"visible\":\"1\"}', '{\"msg\":\"操作成功\",\"code\":200}', 0, NULL, '2024-10-05 14:56:59', 9);
INSERT INTO `sys_oper_log` VALUES (115, '代码生成', 6, 'com.eduflex.generator.controller.GenController.importTableSave()', 'POST', 1, 'admin', '研发部门', '/tool/gen/importTable', '127.0.0.1', '内网IP', '{\"tables\":\"tb_college\"}', '{\"msg\":\"操作成功\",\"code\":200}', 0, NULL, '2024-10-05 14:57:09', 86);
INSERT INTO `sys_oper_log` VALUES (116, '代码生成', 2, 'com.eduflex.generator.controller.GenController.editSave()', 'PUT', 1, 'admin', '研发部门', '/tool/gen', '127.0.0.1', '内网IP', '{\"businessName\":\"college\",\"className\":\"College\",\"columns\":[{\"capJavaField\":\"Id\",\"columnComment\":\"学院ID\",\"columnId\":1,\"columnName\":\"id\",\"columnType\":\"bigint\",\"createBy\":\"admin\",\"createTime\":\"2024-10-05 14:57:09\",\"dictType\":\"\",\"edit\":false,\"htmlType\":\"input\",\"increment\":true,\"insert\":false,\"isIncrement\":\"1\",\"isInsert\":\"0\",\"isPk\":\"1\",\"isRequired\":\"0\",\"javaField\":\"id\",\"javaType\":\"Long\",\"list\":false,\"params\":{},\"pk\":true,\"query\":false,\"queryType\":\"EQ\",\"required\":false,\"sort\":1,\"superColumn\":false,\"tableId\":1,\"updateBy\":\"\",\"usableColumn\":false},{\"capJavaField\":\"ParentId\",\"columnComment\":\"父级学院ID\",\"columnId\":2,\"columnName\":\"parent_id\",\"columnType\":\"bigint\",\"createBy\":\"admin\",\"createTime\":\"2024-10-05 14:57:09\",\"dictType\":\"\",\"edit\":true,\"htmlType\":\"input\",\"increment\":false,\"insert\":true,\"isEdit\":\"1\",\"isIncrement\":\"0\",\"isInsert\":\"1\",\"isList\":\"0\",\"isPk\":\"0\",\"isQuery\":\"0\",\"isRequired\":\"1\",\"javaField\":\"parentId\",\"javaType\":\"Long\",\"list\":false,\"params\":{},\"pk\":false,\"query\":false,\"queryType\":\"EQ\",\"required\":true,\"sort\":2,\"superColumn\":true,\"tableId\":1,\"updateBy\":\"\",\"usableColumn\":true},{\"capJavaField\":\"Ancestors\",\"columnComment\":\"祖级列表\",\"columnId\":3,\"columnName\":\"ancestors\",\"columnType\":\"varchar(50)\",\"createBy\":\"admin\",\"createTime\":\"2024-10-05 14:57:09\",\"dictType\":\"\",\"edit\":false,\"htmlType\":\"input\",\"increment\":false,\"insert\":false,\"isEdit\":\"0\",\"isIncrement\":\"0\",\"isInsert\":\"0\",\"isList\":\"0\",\"isPk\":\"0\",\"isQuery\":\"0\",\"isRequired\":\"0\",\"javaField\":\"ancestors\",\"javaType\":\"String\",\"list\":false,\"params\":{},\"pk\":false,\"query\":false,\"queryType\":\"EQ\",\"required\":false,\"sort\":3,\"superColumn\":true,\"tableId\":1,\"updateBy\":\"\",\"usableColumn\":false},{\"capJavaField\":\"Name\",\"columnComment\":\"学院名称\",\"columnId\":4,\"columnName\":\"name\",\"columnType\":\"varchar(30)\",\"createBy\":\"admin\",\"createTime\":\"2024-10-05 14:57:09\",\"dictType\":\"\",\"edit\":true,\"htmlType\":\"input\",\"increment\":false,\"insert\":true,\"isEdit\":\"1\",\"isIncrement\":\"0\",\"isInsert\":\"1\",\"isList\":\"1\",\"isPk\":\"0\",\"isQuery\":\"1\",\"isRequired\":\"1\",\"javaField\":\"name\",\"j', '{\"msg\":\"操作成功\",\"code\":200}', 0, NULL, '2024-10-05 15:00:58', 45);
INSERT INTO `sys_oper_log` VALUES (117, '代码生成', 8, 'com.eduflex.generator.controller.GenController.batchGenCode()', 'GET', 1, 'admin', '研发部门', '/tool/gen/batchGenCode', '127.0.0.1', '内网IP', '{\"tables\":\"tb_college\"}', NULL, 0, NULL, '2024-10-05 15:01:06', 282);
INSERT INTO `sys_oper_log` VALUES (118, '学院管理', 1, 'com.eduflex.manage.controller.CollegeController.add()', 'POST', 1, 'admin', '研发部门', '/manage/college', '127.0.0.1', '内网IP', '{\"createTime\":\"2024-10-05 15:04:54\",\"id\":1,\"name\":\"华南农业大学珠江学院\",\"params\":{},\"parentId\":0}', '{\"msg\":\"操作成功\",\"code\":200}', 0, NULL, '2024-10-05 15:04:54', 145);
INSERT INTO `sys_oper_log` VALUES (119, '学院管理', 1, 'com.eduflex.manage.controller.CollegeController.add()', 'POST', 1, 'admin', '研发部门', '/manage/college', '127.0.0.1', '内网IP', '{\"ancestors\":\"0,1\",\"children\":[],\"createBy\":\"admin\",\"createTime\":\"2024-10-05 15:42:06\",\"id\":2,\"name\":\"人工智能学院\",\"params\":{},\"parentId\":1}', '{\"msg\":\"操作成功\",\"code\":200}', 0, NULL, '2024-10-05 15:42:06', 23);
INSERT INTO `sys_oper_log` VALUES (120, '学院管理', 1, 'com.eduflex.manage.controller.CollegeController.add()', 'POST', 1, 'admin', '研发部门', '/manage/college', '127.0.0.1', '内网IP', '{\"ancestors\":\"0,1\",\"children\":[],\"createBy\":\"admin\",\"createTime\":\"2024-10-05 16:30:51\",\"id\":3,\"name\":\"艺术设计学院\",\"params\":{},\"parentId\":1}', '{\"msg\":\"操作成功\",\"code\":200}', 0, NULL, '2024-10-05 16:30:51', 103);
INSERT INTO `sys_oper_log` VALUES (121, '菜单管理', 2, 'com.eduflex.web.controller.system.SysMenuController.edit()', 'PUT', 1, 'admin', '研发部门', '/system/menu', '127.0.0.1', '内网IP', '{\"children\":[],\"component\":\"manage/college/index\",\"createTime\":\"2024-10-05 15:01:53\",\"icon\":\"学院管理\",\"isCache\":\"0\",\"isFrame\":\"1\",\"menuId\":2001,\"menuName\":\"学院管理\",\"menuType\":\"C\",\"orderNum\":1,\"params\":{},\"parentId\":2000,\"path\":\"college\",\"perms\":\"manage:college:list\",\"routeName\":\"\",\"status\":\"0\",\"updateBy\":\"admin\",\"visible\":\"0\"}', '{\"msg\":\"操作成功\",\"code\":200}', 0, NULL, '2024-10-05 17:46:41', 25);
INSERT INTO `sys_oper_log` VALUES (122, '菜单管理', 2, 'com.eduflex.web.controller.system.SysMenuController.edit()', 'PUT', 1, 'admin', '研发部门', '/system/menu', '127.0.0.1', '内网IP', '{\"children\":[],\"createTime\":\"2024-10-05 14:55:21\",\"icon\":\"基础管理\",\"isCache\":\"0\",\"isFrame\":\"1\",\"menuId\":2000,\"menuName\":\"基础管理\",\"menuType\":\"M\",\"orderNum\":1,\"params\":{},\"parentId\":0,\"path\":\"base\",\"perms\":\"\",\"routeName\":\"\",\"status\":\"0\",\"updateBy\":\"admin\",\"visible\":\"0\"}', '{\"msg\":\"操作成功\",\"code\":200}', 0, NULL, '2024-10-05 17:47:12', 13);
INSERT INTO `sys_oper_log` VALUES (123, '学院管理', 2, 'com.eduflex.manage.controller.CollegeController.edit()', 'PUT', 1, 'admin', '研发部门', '/manage/college', '127.0.0.1', '内网IP', '{\"ancestors\":\"0,1\",\"children\":[],\"createBy\":\"admin\",\"createTime\":\"2024-10-05 15:42:06\",\"id\":2,\"name\":\"人工智能学院\",\"params\":{},\"parentId\":3,\"updateTime\":\"2024-10-05 19:40:15\"}', '{\"msg\":\"操作成功\",\"code\":200}', 0, NULL, '2024-10-05 19:40:15', 16);
INSERT INTO `sys_oper_log` VALUES (124, '学院管理', 2, 'com.eduflex.manage.controller.CollegeController.edit()', 'PUT', 1, 'admin', '研发部门', '/manage/college', '127.0.0.1', '内网IP', '{\"ancestors\":\"0,1\",\"children\":[],\"createBy\":\"admin\",\"createTime\":\"2024-10-05 15:42:06\",\"id\":2,\"name\":\"人工智能学院\",\"params\":{},\"parentId\":1,\"updateTime\":\"2024-10-05 19:40:21\"}', '{\"msg\":\"操作成功\",\"code\":200}', 0, NULL, '2024-10-05 19:40:21', 7);
INSERT INTO `sys_oper_log` VALUES (125, '代码生成', 6, 'com.eduflex.generator.controller.GenController.importTableSave()', 'POST', 1, 'admin', '研发部门', '/tool/gen/importTable', '127.0.0.1', '内网IP', '{\"tables\":\"tb_grade\"}', '{\"msg\":\"操作成功\",\"code\":200}', 0, NULL, '2024-10-05 19:47:39', 100);
INSERT INTO `sys_oper_log` VALUES (126, '代码生成', 2, 'com.eduflex.generator.controller.GenController.editSave()', 'PUT', 1, 'admin', '研发部门', '/tool/gen', '127.0.0.1', '内网IP', '{\"businessName\":\"grade\",\"className\":\"Grade\",\"columns\":[{\"capJavaField\":\"Id\",\"columnComment\":\"班级ID\",\"columnId\":9,\"columnName\":\"id\",\"columnType\":\"bigint\",\"createBy\":\"admin\",\"createTime\":\"2024-10-05 19:47:39\",\"dictType\":\"\",\"edit\":false,\"htmlType\":\"input\",\"increment\":true,\"insert\":false,\"isIncrement\":\"1\",\"isInsert\":\"0\",\"isPk\":\"1\",\"isRequired\":\"0\",\"javaField\":\"id\",\"javaType\":\"Long\",\"list\":false,\"params\":{},\"pk\":true,\"query\":false,\"queryType\":\"EQ\",\"required\":false,\"sort\":1,\"superColumn\":false,\"tableId\":2,\"updateBy\":\"\",\"usableColumn\":false},{\"capJavaField\":\"CollegeId\",\"columnComment\":\"所属学院ID\",\"columnId\":10,\"columnName\":\"college_id\",\"columnType\":\"bigint\",\"createBy\":\"admin\",\"createTime\":\"2024-10-05 19:47:39\",\"dictType\":\"\",\"edit\":true,\"htmlType\":\"input\",\"increment\":false,\"insert\":true,\"isEdit\":\"1\",\"isIncrement\":\"0\",\"isInsert\":\"1\",\"isList\":\"1\",\"isPk\":\"0\",\"isQuery\":\"1\",\"isRequired\":\"0\",\"javaField\":\"collegeId\",\"javaType\":\"Long\",\"list\":true,\"params\":{},\"pk\":false,\"query\":true,\"queryType\":\"EQ\",\"required\":false,\"sort\":2,\"superColumn\":false,\"tableId\":2,\"updateBy\":\"\",\"usableColumn\":false},{\"capJavaField\":\"Name\",\"columnComment\":\"班级名称\",\"columnId\":11,\"columnName\":\"name\",\"columnType\":\"varchar(50)\",\"createBy\":\"admin\",\"createTime\":\"2024-10-05 19:47:39\",\"dictType\":\"\",\"edit\":true,\"htmlType\":\"input\",\"increment\":false,\"insert\":true,\"isEdit\":\"1\",\"isIncrement\":\"0\",\"isInsert\":\"1\",\"isList\":\"1\",\"isPk\":\"0\",\"isQuery\":\"1\",\"isRequired\":\"0\",\"javaField\":\"name\",\"javaType\":\"String\",\"list\":true,\"params\":{},\"pk\":false,\"query\":true,\"queryType\":\"LIKE\",\"required\":false,\"sort\":3,\"superColumn\":false,\"tableId\":2,\"updateBy\":\"\",\"usableColumn\":false},{\"capJavaField\":\"CreateBy\",\"columnComment\":\"创建者\",\"columnId\":12,\"columnName\":\"create_by\",\"columnType\":\"varchar(64)\",\"createBy\":\"admin\",\"createTime\":\"2024-10-05 19:47:39\",\"dictType\":\"\",\"edit\":false,\"htmlType\":\"input\",\"increment\":false,\"insert\":false,\"isIncrement\":\"0\",\"isInsert\":\"0\",\"isPk\":\"0\",\"isRequired\":\"0\",\"javaField\":\"createBy\",\"javaType\":\"String\",\"list\":false,\"params\"', '{\"msg\":\"操作成功\",\"code\":200}', 0, NULL, '2024-10-05 19:51:46', 37);
INSERT INTO `sys_oper_log` VALUES (127, '代码生成', 8, 'com.eduflex.generator.controller.GenController.batchGenCode()', 'GET', 1, 'admin', '研发部门', '/tool/gen/batchGenCode', '127.0.0.1', '内网IP', '{\"tables\":\"tb_grade\"}', NULL, 0, NULL, '2024-10-05 19:51:48', 236);
INSERT INTO `sys_oper_log` VALUES (128, '菜单管理', 2, 'com.eduflex.web.controller.system.SysMenuController.edit()', 'PUT', 1, 'admin', '研发部门', '/system/menu', '127.0.0.1', '内网IP', '{\"children\":[],\"component\":\"manage/grade/index\",\"createTime\":\"2024-10-05 19:52:25\",\"icon\":\"班级管理\",\"isCache\":\"0\",\"isFrame\":\"1\",\"menuId\":2007,\"menuName\":\"班级管理\",\"menuType\":\"C\",\"orderNum\":1,\"params\":{},\"parentId\":2000,\"path\":\"grade\",\"perms\":\"manage:grade:list\",\"routeName\":\"\",\"status\":\"0\",\"updateBy\":\"admin\",\"visible\":\"0\"}', '{\"msg\":\"操作成功\",\"code\":200}', 0, NULL, '2024-10-05 19:57:53', 17);
INSERT INTO `sys_oper_log` VALUES (129, '班级管理', 1, 'com.eduflex.manage.controller.GradeController.add()', 'POST', 1, 'admin', '研发部门', '/manage/grade', '127.0.0.1', '内网IP', '{\"collegeId\":2,\"createTime\":\"2024-10-05 20:08:12\",\"id\":1,\"name\":\"计算机科学与技术2103插本班\",\"params\":{}}', '{\"msg\":\"操作成功\",\"code\":200}', 0, NULL, '2024-10-05 20:08:12', 18);
INSERT INTO `sys_oper_log` VALUES (130, '班级管理', 1, 'com.eduflex.manage.controller.GradeController.add()', 'POST', 1, 'admin', '研发部门', '/manage/grade', '127.0.0.1', '内网IP', '{\"collegeId\":2,\"createTime\":\"2024-10-05 20:15:33\",\"id\":2,\"name\":\"计算机科学与技术2104班\",\"params\":{}}', '{\"msg\":\"操作成功\",\"code\":200}', 0, NULL, '2024-10-05 20:15:33', 5);
INSERT INTO `sys_oper_log` VALUES (131, '班级管理', 2, 'com.eduflex.manage.controller.GradeController.edit()', 'PUT', 1, 'admin', '研发部门', '/manage/grade', '127.0.0.1', '内网IP', '{\"collegeId\":2,\"createTime\":\"2024-10-05 20:15:33\",\"id\":2,\"name\":\"计算机科学与技术2104插本班\",\"params\":{},\"updateTime\":\"2024-10-05 20:15:45\"}', '{\"msg\":\"操作成功\",\"code\":200}', 0, NULL, '2024-10-05 20:15:45', 6);
INSERT INTO `sys_oper_log` VALUES (132, '班级管理', 1, 'com.eduflex.manage.controller.GradeController.add()', 'POST', 1, 'admin', '研发部门', '/manage/grade', '127.0.0.1', '内网IP', '{\"collegeId\":2,\"createTime\":\"2024-10-05 20:16:25\",\"id\":3,\"name\":\"网络工程2101插本班\",\"params\":{}}', '{\"msg\":\"操作成功\",\"code\":200}', 0, NULL, '2024-10-05 20:16:25', 9);
INSERT INTO `sys_oper_log` VALUES (133, '班级管理', 1, 'com.eduflex.manage.controller.GradeController.add()', 'POST', 1, 'admin', '研发部门', '/manage/grade', '127.0.0.1', '内网IP', '{\"collegeId\":2,\"createTime\":\"2024-10-05 20:16:34\",\"id\":4,\"name\":\"计算机科学与技术2105插本班\",\"params\":{}}', '{\"msg\":\"操作成功\",\"code\":200}', 0, NULL, '2024-10-05 20:16:34', 6);
INSERT INTO `sys_oper_log` VALUES (134, '班级管理', 1, 'com.eduflex.manage.controller.GradeController.add()', 'POST', 1, 'admin', '研发部门', '/manage/grade', '127.0.0.1', '内网IP', '{\"collegeId\":2,\"createTime\":\"2024-10-05 20:16:43\",\"id\":5,\"name\":\"电子信息工程2101插本班\",\"params\":{}}', '{\"msg\":\"操作成功\",\"code\":200}', 0, NULL, '2024-10-05 20:16:43', 5);
INSERT INTO `sys_oper_log` VALUES (135, '班级管理', 1, 'com.eduflex.manage.controller.GradeController.add()', 'POST', 1, 'admin', '研发部门', '/manage/grade', '127.0.0.1', '内网IP', '{\"collegeId\":2,\"createTime\":\"2024-10-05 20:16:50\",\"id\":6,\"name\":\"电气工程及其自动化2102插本班\",\"params\":{}}', '{\"msg\":\"操作成功\",\"code\":200}', 0, NULL, '2024-10-05 20:16:50', 5);
INSERT INTO `sys_oper_log` VALUES (136, '班级管理', 1, 'com.eduflex.manage.controller.GradeController.add()', 'POST', 1, 'admin', '研发部门', '/manage/grade', '127.0.0.1', '内网IP', '{\"collegeId\":3,\"createTime\":\"2024-10-05 20:17:14\",\"id\":7,\"name\":\"产品设计2101插本班\",\"params\":{}}', '{\"msg\":\"操作成功\",\"code\":200}', 0, NULL, '2024-10-05 20:17:14', 6);
INSERT INTO `sys_oper_log` VALUES (137, '代码生成', 6, 'com.eduflex.generator.controller.GenController.importTableSave()', 'POST', 1, 'admin', '研发部门', '/tool/gen/importTable', '127.0.0.1', '内网IP', '{\"tables\":\"tb_semester\"}', '{\"msg\":\"操作成功\",\"code\":200}', 0, NULL, '2024-10-05 21:03:46', 55);
INSERT INTO `sys_oper_log` VALUES (138, '代码生成', 2, 'com.eduflex.generator.controller.GenController.editSave()', 'PUT', 1, 'admin', '研发部门', '/tool/gen', '127.0.0.1', '内网IP', '{\"businessName\":\"semester\",\"className\":\"Semester\",\"columns\":[{\"capJavaField\":\"Id\",\"columnComment\":\"学期ID\",\"columnId\":16,\"columnName\":\"id\",\"columnType\":\"bigint\",\"createBy\":\"admin\",\"createTime\":\"2024-10-05 21:03:46\",\"dictType\":\"\",\"edit\":false,\"htmlType\":\"input\",\"increment\":true,\"insert\":false,\"isIncrement\":\"1\",\"isInsert\":\"0\",\"isPk\":\"1\",\"isRequired\":\"0\",\"javaField\":\"id\",\"javaType\":\"Long\",\"list\":false,\"params\":{},\"pk\":true,\"query\":false,\"queryType\":\"EQ\",\"required\":false,\"sort\":1,\"superColumn\":false,\"tableId\":3,\"updateBy\":\"\",\"usableColumn\":false},{\"capJavaField\":\"Name\",\"columnComment\":\"学期名称\",\"columnId\":17,\"columnName\":\"name\",\"columnType\":\"varchar(50)\",\"createBy\":\"admin\",\"createTime\":\"2024-10-05 21:03:46\",\"dictType\":\"\",\"edit\":true,\"htmlType\":\"input\",\"increment\":false,\"insert\":true,\"isEdit\":\"1\",\"isIncrement\":\"0\",\"isInsert\":\"1\",\"isList\":\"1\",\"isPk\":\"0\",\"isQuery\":\"1\",\"isRequired\":\"0\",\"javaField\":\"name\",\"javaType\":\"String\",\"list\":true,\"params\":{},\"pk\":false,\"query\":true,\"queryType\":\"LIKE\",\"required\":false,\"sort\":2,\"superColumn\":false,\"tableId\":3,\"updateBy\":\"\",\"usableColumn\":false},{\"capJavaField\":\"CreateBy\",\"columnComment\":\"创建者\",\"columnId\":18,\"columnName\":\"create_by\",\"columnType\":\"varchar(64)\",\"createBy\":\"admin\",\"createTime\":\"2024-10-05 21:03:46\",\"dictType\":\"\",\"edit\":false,\"htmlType\":\"input\",\"increment\":false,\"insert\":false,\"isIncrement\":\"0\",\"isInsert\":\"0\",\"isPk\":\"0\",\"isRequired\":\"0\",\"javaField\":\"createBy\",\"javaType\":\"String\",\"list\":false,\"params\":{},\"pk\":false,\"query\":false,\"queryType\":\"EQ\",\"required\":false,\"sort\":3,\"superColumn\":true,\"tableId\":3,\"updateBy\":\"\",\"usableColumn\":false},{\"capJavaField\":\"CreateTime\",\"columnComment\":\"创建时间\",\"columnId\":19,\"columnName\":\"create_time\",\"columnType\":\"timestamp\",\"createBy\":\"admin\",\"createTime\":\"2024-10-05 21:03:46\",\"dictType\":\"\",\"edit\":false,\"htmlType\":\"datetime\",\"increment\":false,\"insert\":false,\"isIncrement\":\"0\",\"isInsert\":\"0\",\"isList\":\"1\",\"isPk\":\"0\",\"isQuery\":\"0\",\"isRequired\":\"0\",\"javaField\":\"createTime\",\"javaType\":\"Date\",\"list\":true,\"para', '{\"msg\":\"操作成功\",\"code\":200}', 0, NULL, '2024-10-05 21:15:26', 43);
INSERT INTO `sys_oper_log` VALUES (139, '代码生成', 8, 'com.eduflex.generator.controller.GenController.batchGenCode()', 'GET', 1, 'admin', '研发部门', '/tool/gen/batchGenCode', '127.0.0.1', '内网IP', '{\"tables\":\"tb_semester\"}', NULL, 0, NULL, '2024-10-05 21:15:30', 92);
INSERT INTO `sys_oper_log` VALUES (140, '学期管理', 1, 'com.eduflex.manage.controller.SemesterController.add()', 'POST', 1, 'admin', '研发部门', '/manage/semester', '127.0.0.1', '内网IP', '{\"createTime\":\"2024-10-05 21:22:44\",\"id\":1,\"name\":\"2023春\",\"params\":{}}', '{\"msg\":\"操作成功\",\"code\":200}', 0, NULL, '2024-10-05 21:22:44', 13);
INSERT INTO `sys_oper_log` VALUES (141, '学期管理', 1, 'com.eduflex.manage.controller.SemesterController.add()', 'POST', 1, 'admin', '研发部门', '/manage/semester', '127.0.0.1', '内网IP', '{\"createTime\":\"2024-10-05 21:22:49\",\"id\":2,\"name\":\"2023秋\",\"params\":{}}', '{\"msg\":\"操作成功\",\"code\":200}', 0, NULL, '2024-10-05 21:22:49', 5);
INSERT INTO `sys_oper_log` VALUES (142, '学期管理', 1, 'com.eduflex.manage.controller.SemesterController.add()', 'POST', 1, 'admin', '研发部门', '/manage/semester', '127.0.0.1', '内网IP', '{\"createTime\":\"2024-10-05 21:22:56\",\"id\":3,\"name\":\"2024春\",\"params\":{}}', '{\"msg\":\"操作成功\",\"code\":200}', 0, NULL, '2024-10-05 21:22:56', 6);
INSERT INTO `sys_oper_log` VALUES (143, '学期管理', 1, 'com.eduflex.manage.controller.SemesterController.add()', 'POST', 1, 'admin', '研发部门', '/manage/semester', '127.0.0.1', '内网IP', '{\"createTime\":\"2024-10-05 21:23:02\",\"id\":4,\"name\":\"2024秋\",\"params\":{}}', '{\"msg\":\"操作成功\",\"code\":200}', 0, NULL, '2024-10-05 21:23:02', 5);
INSERT INTO `sys_oper_log` VALUES (144, '菜单管理', 2, 'com.eduflex.web.controller.system.SysMenuController.edit()', 'PUT', 1, 'admin', '研发部门', '/system/menu', '127.0.0.1', '内网IP', '{\"children\":[],\"component\":\"manage/semester/index\",\"createTime\":\"2024-10-05 21:20:06\",\"icon\":\"学期管理\",\"isCache\":\"0\",\"isFrame\":\"1\",\"menuId\":2013,\"menuName\":\"学期管理\",\"menuType\":\"C\",\"orderNum\":1,\"params\":{},\"parentId\":2000,\"path\":\"semester\",\"perms\":\"manage:semester:list\",\"routeName\":\"\",\"status\":\"0\",\"updateBy\":\"admin\",\"visible\":\"0\"}', '{\"msg\":\"操作成功\",\"code\":200}', 0, NULL, '2024-10-05 21:35:05', 16);
INSERT INTO `sys_oper_log` VALUES (145, '代码生成', 6, 'com.eduflex.generator.controller.GenController.importTableSave()', 'POST', 1, 'admin', '研发部门', '/tool/gen/importTable', '127.0.0.1', '内网IP', '{\"tables\":\"tb_teacher\"}', '{\"msg\":\"操作成功\",\"code\":200}', 0, NULL, '2024-10-05 23:09:43', 54);
INSERT INTO `sys_oper_log` VALUES (146, '代码生成', 2, 'com.eduflex.generator.controller.GenController.editSave()', 'PUT', 1, 'admin', '研发部门', '/tool/gen', '127.0.0.1', '内网IP', '{\"businessName\":\"teacher\",\"className\":\"Teacher\",\"columns\":[{\"capJavaField\":\"Id\",\"columnComment\":\"教师ID\",\"columnId\":22,\"columnName\":\"id\",\"columnType\":\"bigint\",\"createBy\":\"admin\",\"createTime\":\"2024-10-05 23:09:43\",\"dictType\":\"\",\"edit\":false,\"htmlType\":\"input\",\"increment\":true,\"insert\":false,\"isIncrement\":\"1\",\"isInsert\":\"0\",\"isPk\":\"1\",\"isRequired\":\"0\",\"javaField\":\"id\",\"javaType\":\"Long\",\"list\":false,\"params\":{},\"pk\":true,\"query\":false,\"queryType\":\"EQ\",\"required\":false,\"sort\":1,\"superColumn\":false,\"tableId\":4,\"updateBy\":\"\",\"usableColumn\":false},{\"capJavaField\":\"UserId\",\"columnComment\":\"关联sys_user表的id\",\"columnId\":23,\"columnName\":\"user_id\",\"columnType\":\"bigint\",\"createBy\":\"admin\",\"createTime\":\"2024-10-05 23:09:43\",\"dictType\":\"\",\"edit\":false,\"htmlType\":\"input\",\"increment\":false,\"insert\":false,\"isEdit\":\"0\",\"isIncrement\":\"0\",\"isInsert\":\"0\",\"isList\":\"0\",\"isPk\":\"0\",\"isQuery\":\"0\",\"isRequired\":\"0\",\"javaField\":\"userId\",\"javaType\":\"Long\",\"list\":false,\"params\":{},\"pk\":false,\"query\":false,\"queryType\":\"EQ\",\"required\":false,\"sort\":2,\"superColumn\":false,\"tableId\":4,\"updateBy\":\"\",\"usableColumn\":false},{\"capJavaField\":\"CollegeId\",\"columnComment\":\"所属学院ID\",\"columnId\":24,\"columnName\":\"college_id\",\"columnType\":\"bigint\",\"createBy\":\"admin\",\"createTime\":\"2024-10-05 23:09:43\",\"dictType\":\"\",\"edit\":true,\"htmlType\":\"input\",\"increment\":false,\"insert\":true,\"isEdit\":\"1\",\"isIncrement\":\"0\",\"isInsert\":\"1\",\"isList\":\"1\",\"isPk\":\"0\",\"isQuery\":\"1\",\"isRequired\":\"1\",\"javaField\":\"collegeId\",\"javaType\":\"Long\",\"list\":true,\"params\":{},\"pk\":false,\"query\":true,\"queryType\":\"EQ\",\"required\":true,\"sort\":3,\"superColumn\":false,\"tableId\":4,\"updateBy\":\"\",\"usableColumn\":false}],\"crud\":true,\"functionAuthor\":\"林煜鋒\",\"functionName\":\"教师管理\",\"genPath\":\"/\",\"genType\":\"0\",\"moduleName\":\"manage\",\"options\":\"{\\\"parentMenuId\\\":2000}\",\"packageName\":\"com.eduflex.manage\",\"params\":{\"parentMenuId\":2000},\"parentMenuId\":2000,\"sub\":false,\"tableComment\":\"教师表\",\"tableId\":4,\"tableName\":\"tb_teacher\",\"tplCategory\":\"crud\",\"tplWebType\":\"element-plus\",\"tree\":f', '{\"msg\":\"操作成功\",\"code\":200}', 0, NULL, '2024-10-05 23:34:53', 51);
INSERT INTO `sys_oper_log` VALUES (147, '代码生成', 8, 'com.eduflex.generator.controller.GenController.batchGenCode()', 'GET', 1, 'admin', '研发部门', '/tool/gen/batchGenCode', '127.0.0.1', '内网IP', '{\"tables\":\"tb_teacher\"}', NULL, 0, NULL, '2024-10-05 23:34:56', 65);
INSERT INTO `sys_oper_log` VALUES (148, '代码生成', 8, 'com.eduflex.generator.controller.GenController.batchGenCode()', 'GET', 1, 'admin', '研发部门', '/tool/gen/batchGenCode', '127.0.0.1', '内网IP', '{\"tables\":\"tb_teacher\"}', NULL, 0, NULL, '2024-10-05 23:34:58', 35);
INSERT INTO `sys_oper_log` VALUES (149, '角色管理', 1, 'com.eduflex.web.controller.system.SysRoleController.add()', 'POST', 1, 'admin', '研发部门', '/system/role', '127.0.0.1', '内网IP', '{\"admin\":false,\"createBy\":\"admin\",\"deptCheckStrictly\":true,\"deptIds\":[],\"flag\":false,\"menuCheckStrictly\":true,\"menuIds\":[],\"params\":{},\"remark\":\"教师\",\"roleId\":100,\"roleKey\":\"teacher\",\"roleName\":\"教师\",\"roleSort\":3,\"status\":\"0\"}', '{\"msg\":\"操作成功\",\"code\":200}', 0, NULL, '2024-10-05 23:47:42', 18);
INSERT INTO `sys_oper_log` VALUES (150, '教师管理', 1, 'com.eduflex.manage.controller.TeacherController.add()', 'POST', 1, 'admin', '研发部门', '/manage/teacher', '127.0.0.1', '内网IP', '{\"collegeId\":2,\"email\":\"1972212424@qq.com\",\"nickName\":\"张三\",\"params\":{},\"phonenumber\":\"15815161605\",\"roleId\":3,\"sex\":\"0\",\"username\":\"zhangsan\"}', NULL, 1, '\r\n### Error querying database.  Cause: java.sql.SQLSyntaxErrorException: Unknown column \'u.username\' in \'where clause\'\r\n### The error may exist in file [C:\\Study\\SCAUZJ\\FinalExam\\Backend\\EduFlex\\eduflex-manage\\target\\classes\\mapper\\manage\\TeacherMapper.xml]\r\n### The error may involve defaultParameterMap\r\n### The error occurred while setting parameters\r\n### SQL: select count(1) from tb_teacher t         left join sys_user u on t.user_id = u.user_id         where u.username = ?\r\n### Cause: java.sql.SQLSyntaxErrorException: Unknown column \'u.username\' in \'where clause\'\n; bad SQL grammar []; nested exception is java.sql.SQLSyntaxErrorException: Unknown column \'u.username\' in \'where clause\'', '2024-10-06 00:41:24', 71);
INSERT INTO `sys_oper_log` VALUES (151, '教师管理', 1, 'com.eduflex.manage.controller.TeacherController.add()', 'POST', 1, 'admin', '研发部门', '/manage/teacher', '127.0.0.1', '内网IP', '{\"collegeId\":2,\"email\":\"1972212424@qq.com\",\"nickName\":\"张三\",\"params\":{},\"phonenumber\":\"15815161605\",\"roleId\":3,\"sex\":\"0\",\"userName\":\"zhangsan\"}', '{\"msg\":\"新增教师‘zhangsan\'失败，登录账号已存在\",\"code\":500}', 0, NULL, '2024-10-06 00:46:30', 24977);
INSERT INTO `sys_oper_log` VALUES (152, '教师管理', 1, 'com.eduflex.manage.controller.TeacherController.add()', 'POST', 1, 'admin', '研发部门', '/manage/teacher', '127.0.0.1', '内网IP', '{\"collegeId\":2,\"email\":\"1972212424@qq.com\",\"nickName\":\"张三\",\"params\":{},\"phonenumber\":\"15815161605\",\"roleId\":3,\"sex\":\"0\",\"userName\":\"zhangsan\"}', '{\"msg\":\"新增教师‘zhangsan\'失败，登录账号已存在\",\"code\":500}', 0, NULL, '2024-10-06 00:46:49', 12350);
INSERT INTO `sys_oper_log` VALUES (153, '教师管理', 1, 'com.eduflex.manage.controller.TeacherController.add()', 'POST', 1, 'admin', '研发部门', '/manage/teacher', '127.0.0.1', '内网IP', '{\"collegeId\":2,\"email\":\"1972212424@qq.com\",\"nickName\":\"张三\",\"params\":{},\"phonenumber\":\"15815161605\",\"roleId\":3,\"sex\":\"0\",\"userName\":\"zhangsan\"}', '{\"msg\":\"新增教师‘zhangsan\'失败，登录账号已存在\",\"code\":500}', 0, NULL, '2024-10-06 00:48:36', 102565);
INSERT INTO `sys_oper_log` VALUES (154, '教师管理', 1, 'com.eduflex.manage.controller.TeacherController.add()', 'POST', 1, 'admin', '研发部门', '/manage/teacher', '127.0.0.1', '内网IP', '{\"collegeId\":2,\"email\":\"1972212424@qq.com\",\"nickName\":\"张三\",\"params\":{},\"phonenumber\":\"15815161605\",\"roleId\":3,\"sex\":\"0\",\"userName\":\"zhangsan\"}', '{\"msg\":\"新增教师‘zhangsan\'失败，登录账号已存在\",\"code\":500}', 0, NULL, '2024-10-06 00:48:36', 3);
INSERT INTO `sys_oper_log` VALUES (155, '教师管理', 1, 'com.eduflex.manage.controller.TeacherController.add()', 'POST', 1, 'admin', '研发部门', '/manage/teacher', '127.0.0.1', '内网IP', '{\"collegeId\":2,\"email\":\"1972212424@qq.com\",\"nickName\":\"张三\",\"params\":{},\"phonenumber\":\"15815161605\",\"roleId\":3,\"sex\":\"0\",\"userName\":\"zhangsan\"}', '{\"msg\":\"新增教师‘zhangsan\'失败，登录账号已存在\",\"code\":500}', 0, NULL, '2024-10-06 00:48:50', 4);
INSERT INTO `sys_oper_log` VALUES (156, '教师管理', 1, 'com.eduflex.manage.controller.TeacherController.add()', 'POST', 1, 'admin', '研发部门', '/manage/teacher', '127.0.0.1', '内网IP', '{\"collegeId\":2,\"email\":\"1972212424@qq.com\",\"nickName\":\"张三\",\"params\":{},\"phonenumber\":\"15815161605\",\"roleId\":3,\"sex\":\"0\",\"userName\":\"zhangsan\"}', '{\"msg\":\"新增教师‘zhangsan\'失败，手机号码已存在\",\"code\":500}', 0, NULL, '2024-10-06 00:50:39', 21);
INSERT INTO `sys_oper_log` VALUES (157, '教师管理', 1, 'com.eduflex.manage.controller.TeacherController.add()', 'POST', 1, 'admin', '研发部门', '/manage/teacher', '127.0.0.1', '内网IP', '{\"collegeId\":2,\"email\":\"1972212424@qq.com\",\"nickName\":\"张三\",\"params\":{},\"phonenumber\":\"15815161605\",\"roleId\":3,\"sex\":\"0\",\"userName\":\"zhangsan\"}', '{\"msg\":\"新增教师‘zhangsan\'失败，手机号码已存在\",\"code\":500}', 0, NULL, '2024-10-06 00:51:30', 19);
INSERT INTO `sys_oper_log` VALUES (158, '教师管理', 1, 'com.eduflex.manage.controller.TeacherController.add()', 'POST', 1, 'admin', '研发部门', '/manage/teacher', '127.0.0.1', '内网IP', '{\"collegeId\":2,\"createBy\":\"admin\",\"email\":\"1972212424@qq.com\",\"id\":1,\"nickName\":\"张三\",\"params\":{},\"phonenumber\":\"15815161605\",\"roleId\":3,\"sex\":\"0\",\"status\":\"0\",\"userId\":100,\"userName\":\"zhangsan\"}', '{\"msg\":\"操作成功\",\"code\":200}', 0, NULL, '2024-10-06 00:52:44', 129);
INSERT INTO `sys_oper_log` VALUES (159, '教师管理', 2, 'com.eduflex.manage.controller.TeacherController.edit()', 'PUT', 1, 'admin', '研发部门', '/manage/teacher', '127.0.0.1', '内网IP', '{\"avatar\":\"\",\"collegeId\":2,\"email\":\"1972212424@qq.com\",\"id\":1,\"nickName\":\"张三三\",\"params\":{},\"phonenumber\":\"15815161605\",\"sex\":\"0\",\"status\":\"0\",\"userId\":100,\"userName\":\"zhangsan\"}', '{\"msg\":\"新增教师‘zhangsan\'失败，登录账号已存在\",\"code\":500}', 0, NULL, '2024-10-06 15:58:34', 16);
INSERT INTO `sys_oper_log` VALUES (160, '教师管理', 2, 'com.eduflex.manage.controller.TeacherController.edit()', 'PUT', 1, 'admin', '研发部门', '/manage/teacher', '127.0.0.1', '内网IP', '{\"avatar\":\"\",\"collegeId\":2,\"email\":\"1972212424@qq.com\",\"id\":1,\"nickName\":\"张三三\",\"params\":{},\"phonenumber\":\"15815161605\",\"sex\":\"0\",\"status\":\"0\",\"userId\":100,\"userName\":\"zhangsan\"}', '{\"msg\":\"新增教师‘zhangsan\'失败，登录账号已存在\",\"code\":500}', 0, NULL, '2024-10-06 15:59:15', 2);
INSERT INTO `sys_oper_log` VALUES (161, '教师管理', 2, 'com.eduflex.manage.controller.TeacherController.edit()', 'PUT', 1, 'admin', '研发部门', '/manage/teacher', '127.0.0.1', '内网IP', '{\"avatar\":\"\",\"collegeId\":2,\"email\":\"1972212424@qq.com\",\"id\":1,\"nickName\":\"张三三\",\"params\":{},\"phonenumber\":\"15815161605\",\"sex\":\"0\",\"status\":\"0\",\"userId\":100,\"userName\":\"zhangsan\"}', '{\"msg\":\"新增教师‘zhangsan\'失败，登录账号已存在\",\"code\":500}', 0, NULL, '2024-10-06 15:59:29', 3);
INSERT INTO `sys_oper_log` VALUES (162, '教师管理', 2, 'com.eduflex.manage.controller.TeacherController.edit()', 'PUT', 1, 'admin', '研发部门', '/manage/teacher', '127.0.0.1', '内网IP', '{\"avatar\":\"\",\"collegeId\":2,\"email\":\"1972212424@qq.com\",\"id\":1,\"nickName\":\"张三三\",\"params\":{},\"phonenumber\":\"15815161605\",\"sex\":\"0\",\"status\":\"0\",\"userId\":100,\"userName\":\"zhangsan\"}', '{\"msg\":\"修改教师‘zhangsan\'失败，手机号码已存在\",\"code\":500}', 0, NULL, '2024-10-06 16:03:15', 9);
INSERT INTO `sys_oper_log` VALUES (163, '用户管理', 2, 'com.eduflex.web.controller.system.SysUserController.edit()', 'PUT', 1, 'admin', '研发部门', '/system/user', '127.0.0.1', '内网IP', '{\"admin\":false,\"avatar\":\"\",\"createBy\":\"admin\",\"createTime\":\"2024-10-05 13:28:48\",\"delFlag\":\"0\",\"dept\":{\"ancestors\":\"0,100,101\",\"children\":[],\"deptId\":105,\"deptName\":\"测试部门\",\"leader\":\"若依\",\"orderNum\":3,\"params\":{},\"parentId\":101,\"status\":\"0\"},\"deptId\":105,\"email\":\"ry@qq.com\",\"loginDate\":\"2024-10-05 13:28:48\",\"loginIp\":\"127.0.0.1\",\"nickName\":\"若依\",\"params\":{},\"phonenumber\":\"15666666666\",\"postIds\":[2],\"remark\":\"测试员\",\"roleIds\":[2],\"roles\":[{\"admin\":false,\"dataScope\":\"2\",\"deptCheckStrictly\":false,\"flag\":false,\"menuCheckStrictly\":false,\"params\":{},\"roleId\":2,\"roleKey\":\"common\",\"roleName\":\"普通角色\",\"roleSort\":2,\"status\":\"0\"}],\"sex\":\"1\",\"status\":\"0\",\"updateBy\":\"admin\",\"userId\":2,\"userName\":\"ry\"}', '{\"msg\":\"操作成功\",\"code\":200}', 0, NULL, '2024-10-06 16:03:47', 49);
INSERT INTO `sys_oper_log` VALUES (164, '教师管理', 2, 'com.eduflex.manage.controller.TeacherController.edit()', 'PUT', 1, 'admin', '研发部门', '/manage/teacher', '127.0.0.1', '内网IP', '{\"avatar\":\"\",\"collegeId\":2,\"email\":\"1972212424@qq.com\",\"id\":1,\"nickName\":\"张三三\",\"params\":{},\"phonenumber\":\"15815161605\",\"sex\":\"0\",\"status\":\"0\",\"userId\":100,\"userName\":\"zhangsan\"}', '{\"msg\":\"修改教师‘zhangsan\'失败，手机号码已存在\",\"code\":500}', 0, NULL, '2024-10-06 16:08:53', 15);
INSERT INTO `sys_oper_log` VALUES (165, '教师管理', 2, 'com.eduflex.manage.controller.TeacherController.edit()', 'PUT', 1, 'admin', '研发部门', '/manage/teacher', '127.0.0.1', '内网IP', '{\"avatar\":\"\",\"collegeId\":2,\"email\":\"1972212424@qq.com\",\"id\":1,\"nickName\":\"张三三\",\"params\":{},\"phonenumber\":\"15815161605\",\"sex\":\"0\",\"status\":\"0\",\"updateBy\":\"admin\",\"updateTime\":\"2024-10-06 16:10:07\",\"userId\":100,\"userName\":\"zhangsan\"}', NULL, 1, '\r\n### Error updating database.  Cause: java.sql.SQLIntegrityConstraintViolationException: Column \'role_id\' cannot be null\r\n### The error may exist in file [C:\\Study\\SCAUZJ\\FinalExam\\Backend\\EduFlex\\eduflex-system\\target\\classes\\mapper\\system\\SysUserRoleMapper.xml]\r\n### The error may involve defaultParameterMap\r\n### The error occurred while setting parameters\r\n### SQL: insert into sys_user_role(user_id, role_id) values         (?,?)\r\n### Cause: java.sql.SQLIntegrityConstraintViolationException: Column \'role_id\' cannot be null\n; Column \'role_id\' cannot be null; nested exception is java.sql.SQLIntegrityConstraintViolationException: Column \'role_id\' cannot be null', '2024-10-06 16:10:07', 86);
INSERT INTO `sys_oper_log` VALUES (166, '教师管理', 2, 'com.eduflex.manage.controller.TeacherController.edit()', 'PUT', 1, 'admin', '研发部门', '/manage/teacher', '127.0.0.1', '内网IP', '{\"avatar\":\"\",\"collegeId\":2,\"email\":\"1972212424@qq.com\",\"id\":1,\"nickName\":\"张三三\",\"params\":{},\"phonenumber\":\"15815161605\",\"sex\":\"0\",\"status\":\"0\",\"updateBy\":\"admin\",\"updateTime\":\"2024-10-06 16:13:31\",\"userId\":100,\"userName\":\"zhangsan\"}', NULL, 1, '\r\n### Error updating database.  Cause: java.sql.SQLIntegrityConstraintViolationException: Column \'role_id\' cannot be null\r\n### The error may exist in file [C:\\Study\\SCAUZJ\\FinalExam\\Backend\\EduFlex\\eduflex-system\\target\\classes\\mapper\\system\\SysUserRoleMapper.xml]\r\n### The error may involve defaultParameterMap\r\n### The error occurred while setting parameters\r\n### SQL: insert into sys_user_role(user_id, role_id) values         (?,?)\r\n### Cause: java.sql.SQLIntegrityConstraintViolationException: Column \'role_id\' cannot be null\n; Column \'role_id\' cannot be null; nested exception is java.sql.SQLIntegrityConstraintViolationException: Column \'role_id\' cannot be null', '2024-10-06 16:13:31', 214);
INSERT INTO `sys_oper_log` VALUES (167, '教师管理', 2, 'com.eduflex.manage.controller.TeacherController.edit()', 'PUT', 1, 'admin', '研发部门', '/manage/teacher', '127.0.0.1', '内网IP', '{\"avatar\":\"\",\"collegeId\":2,\"email\":\"1972212424@qq.com\",\"id\":1,\"nickName\":\"张三三\",\"params\":{},\"phonenumber\":\"15815161605\",\"sex\":\"0\",\"status\":\"0\",\"updateBy\":\"admin\",\"updateTime\":\"2024-10-06 16:16:28\",\"userId\":100,\"userName\":\"zhangsan\"}', NULL, 1, '\r\n### Error updating database.  Cause: java.sql.SQLIntegrityConstraintViolationException: Column \'role_id\' cannot be null\r\n### The error may exist in file [C:\\Study\\SCAUZJ\\FinalExam\\Backend\\EduFlex\\eduflex-system\\target\\classes\\mapper\\system\\SysUserRoleMapper.xml]\r\n### The error may involve defaultParameterMap\r\n### The error occurred while setting parameters\r\n### SQL: insert into sys_user_role(user_id, role_id) values         (?,?)\r\n### Cause: java.sql.SQLIntegrityConstraintViolationException: Column \'role_id\' cannot be null\n; Column \'role_id\' cannot be null; nested exception is java.sql.SQLIntegrityConstraintViolationException: Column \'role_id\' cannot be null', '2024-10-06 16:16:28', 164458);
INSERT INTO `sys_oper_log` VALUES (168, '教师管理', 2, 'com.eduflex.manage.controller.TeacherController.edit()', 'PUT', 1, 'admin', '研发部门', '/manage/teacher', '127.0.0.1', '内网IP', '{\"avatar\":\"\",\"collegeId\":2,\"email\":\"1972212424@qq.com\",\"id\":1,\"nickName\":\"张三三\",\"params\":{},\"phonenumber\":\"15815161605\",\"roleId\":3,\"sex\":\"0\",\"status\":\"0\",\"updateBy\":\"admin\",\"updateTime\":\"2024-10-06 16:31:56\",\"userId\":100,\"userName\":\"zhangsan\"}', '{\"msg\":\"操作成功\",\"code\":200}', 0, NULL, '2024-10-06 16:31:56', 919075);
INSERT INTO `sys_oper_log` VALUES (169, '教师管理', 2, 'com.eduflex.manage.controller.TeacherController.edit()', 'PUT', 1, 'admin', '研发部门', '/manage/teacher', '127.0.0.1', '内网IP', '{\"avatar\":\"\",\"collegeId\":2,\"email\":\"1972212424@qq.com\",\"id\":1,\"nickName\":\"张三三\",\"params\":{},\"phonenumber\":\"15815161605\",\"roleId\":3,\"sex\":\"0\",\"status\":\"0\",\"updateBy\":\"admin\",\"updateTime\":\"2024-10-06 16:31:56\",\"userId\":100,\"userName\":\"zhangsan\"}', '{\"msg\":\"操作成功\",\"code\":200}', 0, NULL, '2024-10-06 16:31:56', 1567);
INSERT INTO `sys_oper_log` VALUES (170, '教师管理', 2, 'com.eduflex.manage.controller.TeacherController.edit()', 'PUT', 1, 'admin', '研发部门', '/manage/teacher', '127.0.0.1', '内网IP', '{\"avatar\":\"\",\"collegeId\":2,\"email\":\"1972212424@qq.com\",\"id\":1,\"nickName\":\"张三\",\"params\":{},\"phonenumber\":\"15815161605\",\"roleId\":3,\"sex\":\"0\",\"status\":\"0\",\"updateBy\":\"admin\",\"updateTime\":\"2024-10-06 16:32:02\",\"userId\":100,\"userName\":\"zhangsan\"}', '{\"msg\":\"操作成功\",\"code\":200}', 0, NULL, '2024-10-06 16:32:02', 47);
INSERT INTO `sys_oper_log` VALUES (171, '教师管理', 1, 'com.eduflex.manage.controller.TeacherController.add()', 'POST', 1, 'admin', '研发部门', '/manage/teacher', '127.0.0.1', '内网IP', '{\"collegeId\":3,\"email\":\"1972212242@qq.com\",\"nickName\":\"李四\",\"params\":{},\"phonenumber\":\"15815161605\",\"roleId\":3,\"sex\":\"1\",\"userName\":\"lisi\"}', '{\"msg\":\"新增教师‘lisi\'失败，登录账号已存在\",\"code\":500}', 0, NULL, '2024-10-06 16:32:31', 4);
INSERT INTO `sys_oper_log` VALUES (172, '教师管理', 1, 'com.eduflex.manage.controller.TeacherController.add()', 'POST', 1, 'admin', '研发部门', '/manage/teacher', '127.0.0.1', '内网IP', '{\"collegeId\":3,\"email\":\"1972212242@qq.com\",\"nickName\":\"李四\",\"params\":{},\"phonenumber\":\"15815161605\",\"roleId\":3,\"sex\":\"1\",\"userName\":\"lisi\"}', '{\"msg\":\"新增教师‘lisi\'失败，手机号码已存在\",\"code\":500}', 0, NULL, '2024-10-06 16:33:23', 34);
INSERT INTO `sys_oper_log` VALUES (173, '教师管理', 1, 'com.eduflex.manage.controller.TeacherController.add()', 'POST', 1, 'admin', '研发部门', '/manage/teacher', '127.0.0.1', '内网IP', '{\"collegeId\":3,\"createBy\":\"admin\",\"email\":\"1972212242@qq.com\",\"id\":2,\"nickName\":\"李四\",\"params\":{},\"phonenumber\":\"13888888888\",\"roleId\":3,\"sex\":\"1\",\"status\":\"0\",\"userId\":101,\"userName\":\"lisi\"}', '{\"msg\":\"操作成功\",\"code\":200}', 0, NULL, '2024-10-06 16:33:30', 122);
INSERT INTO `sys_oper_log` VALUES (174, '教师管理', 5, 'com.eduflex.manage.controller.TeacherController.export()', 'POST', 1, 'admin', '研发部门', '/manage/teacher/export', '127.0.0.1', '内网IP', '{\"pageSize\":\"10\",\"pageNum\":\"1\"}', NULL, 0, NULL, '2024-10-06 16:40:27', 960);
INSERT INTO `sys_oper_log` VALUES (175, '教师管理', 3, 'com.eduflex.manage.controller.TeacherController.remove()', 'DELETE', 1, 'admin', '研发部门', '/manage/teacher/2', '127.0.0.1', '内网IP', '{}', '{\"msg\":\"操作成功\",\"code\":200}', 0, NULL, '2024-10-06 16:44:23', 28);
INSERT INTO `sys_oper_log` VALUES (176, '教师管理', 1, 'com.eduflex.manage.controller.TeacherController.add()', 'POST', 1, 'admin', '研发部门', '/manage/teacher', '127.0.0.1', '内网IP', '{\"collegeId\":3,\"email\":\"1972212424@qq.com\",\"nickName\":\"李四\",\"params\":{},\"phonenumber\":\"13888888888\",\"roleId\":3,\"sex\":\"1\",\"userName\":\"lisi\"}', '{\"msg\":\"新增教师‘lisi\'失败，邮箱账号已存在\",\"code\":500}', 0, NULL, '2024-10-06 16:56:17', 37);
INSERT INTO `sys_oper_log` VALUES (177, '教师管理', 1, 'com.eduflex.manage.controller.TeacherController.add()', 'POST', 1, 'admin', '研发部门', '/manage/teacher', '127.0.0.1', '内网IP', '{\"collegeId\":3,\"createBy\":\"admin\",\"email\":\"admin123@qq.com\",\"id\":3,\"nickName\":\"李四\",\"params\":{},\"phonenumber\":\"13888888888\",\"roleId\":3,\"sex\":\"1\",\"status\":\"0\",\"userId\":102,\"userName\":\"lisi\"}', '{\"msg\":\"操作成功\",\"code\":200}', 0, NULL, '2024-10-06 16:56:27', 86);
INSERT INTO `sys_oper_log` VALUES (178, '教师管理', 3, 'com.eduflex.manage.controller.TeacherController.remove()', 'DELETE', 1, 'admin', '研发部门', '/manage/teacher/3', '127.0.0.1', '内网IP', '{}', '{\"msg\":\"操作成功\",\"code\":200}', 0, NULL, '2024-10-06 16:56:47', 18);
INSERT INTO `sys_oper_log` VALUES (179, '菜单管理', 2, 'com.eduflex.web.controller.system.SysMenuController.edit()', 'PUT', 1, 'admin', '研发部门', '/system/menu', '127.0.0.1', '内网IP', '{\"children\":[],\"component\":\"manage/teacher/index\",\"createTime\":\"2024-10-05 23:35:45\",\"icon\":\"教师管理\",\"isCache\":\"0\",\"isFrame\":\"1\",\"menuId\":2019,\"menuName\":\"教师管理\",\"menuType\":\"C\",\"orderNum\":1,\"params\":{},\"parentId\":2000,\"path\":\"teacher\",\"perms\":\"manage:teacher:list\",\"routeName\":\"\",\"status\":\"0\",\"updateBy\":\"admin\",\"visible\":\"0\"}', '{\"msg\":\"操作成功\",\"code\":200}', 0, NULL, '2024-10-06 16:58:59', 15);
INSERT INTO `sys_oper_log` VALUES (180, '教师管理', 1, 'com.eduflex.manage.controller.TeacherController.add()', 'POST', 1, 'admin', '研发部门', '/manage/teacher', '127.0.0.1', '内网IP', '{\"collegeId\":3,\"createBy\":\"admin\",\"email\":\"admin123@qq.com\",\"id\":4,\"nickName\":\"李四\",\"params\":{},\"phonenumber\":\"13888888888\",\"roleId\":3,\"sex\":\"1\",\"status\":\"0\",\"userId\":103,\"userName\":\"lisi\"}', '{\"msg\":\"操作成功\",\"code\":200}', 0, NULL, '2024-10-06 17:46:05', 263);
INSERT INTO `sys_oper_log` VALUES (181, '代码生成', 6, 'com.eduflex.generator.controller.GenController.importTableSave()', 'POST', 1, 'admin', '研发部门', '/tool/gen/importTable', '127.0.0.1', '内网IP', '{\"tables\":\"tb_student\"}', '{\"msg\":\"操作成功\",\"code\":200}', 0, NULL, '2024-10-06 23:18:16', 125);
INSERT INTO `sys_oper_log` VALUES (182, '字典类型', 1, 'com.eduflex.web.controller.system.SysDictTypeController.add()', 'POST', 1, 'admin', '研发部门', '/system/dict/type', '127.0.0.1', '内网IP', '{\"createBy\":\"admin\",\"dictName\":\"学生账号状态\",\"dictType\":\"student_status\",\"params\":{},\"status\":\"0\"}', '{\"msg\":\"操作成功\",\"code\":200}', 0, NULL, '2024-10-06 23:21:06', 14);
INSERT INTO `sys_oper_log` VALUES (183, '字典数据', 1, 'com.eduflex.web.controller.system.SysDictDataController.add()', 'POST', 1, 'admin', '研发部门', '/system/dict/data', '127.0.0.1', '内网IP', '{\"createBy\":\"admin\",\"cssClass\":\"\",\"default\":false,\"dictLabel\":\"启用\",\"dictSort\":1,\"dictType\":\"student_status\",\"dictValue\":\"0\",\"listClass\":\"default\",\"params\":{},\"status\":\"0\"}', '{\"msg\":\"操作成功\",\"code\":200}', 0, NULL, '2024-10-06 23:21:35', 11);
INSERT INTO `sys_oper_log` VALUES (184, '字典数据', 1, 'com.eduflex.web.controller.system.SysDictDataController.add()', 'POST', 1, 'admin', '研发部门', '/system/dict/data', '127.0.0.1', '内网IP', '{\"createBy\":\"admin\",\"default\":false,\"dictLabel\":\"停用\",\"dictSort\":2,\"dictType\":\"student_status\",\"dictValue\":\"1\",\"listClass\":\"default\",\"params\":{},\"status\":\"0\"}', '{\"msg\":\"操作成功\",\"code\":200}', 0, NULL, '2024-10-06 23:21:41', 9);
INSERT INTO `sys_oper_log` VALUES (185, '代码生成', 2, 'com.eduflex.generator.controller.GenController.editSave()', 'PUT', 1, 'admin', '研发部门', '/tool/gen', '127.0.0.1', '内网IP', '{\"businessName\":\"student\",\"className\":\"Student\",\"columns\":[{\"capJavaField\":\"Id\",\"columnComment\":\"学生ID\",\"columnId\":25,\"columnName\":\"id\",\"columnType\":\"bigint\",\"createBy\":\"admin\",\"createTime\":\"2024-10-06 23:18:16\",\"dictType\":\"\",\"edit\":false,\"htmlType\":\"input\",\"increment\":true,\"insert\":false,\"isIncrement\":\"1\",\"isInsert\":\"0\",\"isPk\":\"1\",\"isRequired\":\"0\",\"javaField\":\"id\",\"javaType\":\"Long\",\"list\":false,\"params\":{},\"pk\":true,\"query\":false,\"queryType\":\"EQ\",\"required\":false,\"sort\":1,\"superColumn\":false,\"tableId\":5,\"updateBy\":\"\",\"usableColumn\":false},{\"capJavaField\":\"CollegeId\",\"columnComment\":\"所属学院ID\",\"columnId\":26,\"columnName\":\"college_id\",\"columnType\":\"bigint\",\"createBy\":\"admin\",\"createTime\":\"2024-10-06 23:18:16\",\"dictType\":\"\",\"edit\":true,\"htmlType\":\"input\",\"increment\":false,\"insert\":true,\"isEdit\":\"1\",\"isIncrement\":\"0\",\"isInsert\":\"1\",\"isList\":\"1\",\"isPk\":\"0\",\"isQuery\":\"1\",\"isRequired\":\"1\",\"javaField\":\"collegeId\",\"javaType\":\"Long\",\"list\":true,\"params\":{},\"pk\":false,\"query\":true,\"queryType\":\"EQ\",\"required\":true,\"sort\":2,\"superColumn\":false,\"tableId\":5,\"updateBy\":\"\",\"usableColumn\":false},{\"capJavaField\":\"GradeId\",\"columnComment\":\"所属班级ID\",\"columnId\":27,\"columnName\":\"grade_id\",\"columnType\":\"bigint\",\"createBy\":\"admin\",\"createTime\":\"2024-10-06 23:18:16\",\"dictType\":\"\",\"edit\":true,\"htmlType\":\"input\",\"increment\":false,\"insert\":true,\"isEdit\":\"1\",\"isIncrement\":\"0\",\"isInsert\":\"1\",\"isList\":\"1\",\"isPk\":\"0\",\"isQuery\":\"1\",\"isRequired\":\"1\",\"javaField\":\"gradeId\",\"javaType\":\"Long\",\"list\":true,\"params\":{},\"pk\":false,\"query\":true,\"queryType\":\"EQ\",\"required\":true,\"sort\":3,\"superColumn\":false,\"tableId\":5,\"updateBy\":\"\",\"usableColumn\":false},{\"capJavaField\":\"UserName\",\"columnComment\":\"登录名\",\"columnId\":28,\"columnName\":\"user_name\",\"columnType\":\"varchar(30)\",\"createBy\":\"admin\",\"createTime\":\"2024-10-06 23:18:16\",\"dictType\":\"\",\"edit\":true,\"htmlType\":\"input\",\"increment\":false,\"insert\":true,\"isEdit\":\"1\",\"isIncrement\":\"0\",\"isInsert\":\"1\",\"isList\":\"1\",\"isPk\":\"0\",\"isQuery\":\"1\",\"isRequired\":\"1\",\"javaField\":\"userNam', '{\"msg\":\"操作成功\",\"code\":200}', 0, NULL, '2024-10-06 23:21:50', 75);
INSERT INTO `sys_oper_log` VALUES (186, '代码生成', 2, 'com.eduflex.generator.controller.GenController.editSave()', 'PUT', 1, 'admin', '研发部门', '/tool/gen', '127.0.0.1', '内网IP', '{\"businessName\":\"student\",\"className\":\"Student\",\"columns\":[{\"capJavaField\":\"Id\",\"columnComment\":\"学生ID\",\"columnId\":25,\"columnName\":\"id\",\"columnType\":\"bigint\",\"createBy\":\"admin\",\"createTime\":\"2024-10-06 23:18:16\",\"dictType\":\"\",\"edit\":false,\"htmlType\":\"input\",\"increment\":true,\"insert\":false,\"isIncrement\":\"1\",\"isInsert\":\"0\",\"isPk\":\"1\",\"isRequired\":\"0\",\"javaField\":\"id\",\"javaType\":\"Long\",\"list\":false,\"params\":{},\"pk\":true,\"query\":false,\"queryType\":\"EQ\",\"required\":false,\"sort\":1,\"superColumn\":false,\"tableId\":5,\"updateBy\":\"\",\"updateTime\":\"2024-10-06 23:21:50\",\"usableColumn\":false},{\"capJavaField\":\"CollegeId\",\"columnComment\":\"所属学院ID\",\"columnId\":26,\"columnName\":\"college_id\",\"columnType\":\"bigint\",\"createBy\":\"admin\",\"createTime\":\"2024-10-06 23:18:16\",\"dictType\":\"\",\"edit\":true,\"htmlType\":\"input\",\"increment\":false,\"insert\":true,\"isEdit\":\"1\",\"isIncrement\":\"0\",\"isInsert\":\"1\",\"isList\":\"1\",\"isPk\":\"0\",\"isQuery\":\"1\",\"isRequired\":\"1\",\"javaField\":\"collegeId\",\"javaType\":\"Long\",\"list\":true,\"params\":{},\"pk\":false,\"query\":true,\"queryType\":\"EQ\",\"required\":true,\"sort\":2,\"superColumn\":false,\"tableId\":5,\"updateBy\":\"\",\"updateTime\":\"2024-10-06 23:21:50\",\"usableColumn\":false},{\"capJavaField\":\"GradeId\",\"columnComment\":\"所属班级ID\",\"columnId\":27,\"columnName\":\"grade_id\",\"columnType\":\"bigint\",\"createBy\":\"admin\",\"createTime\":\"2024-10-06 23:18:16\",\"dictType\":\"\",\"edit\":true,\"htmlType\":\"input\",\"increment\":false,\"insert\":true,\"isEdit\":\"1\",\"isIncrement\":\"0\",\"isInsert\":\"1\",\"isList\":\"1\",\"isPk\":\"0\",\"isQuery\":\"1\",\"isRequired\":\"1\",\"javaField\":\"gradeId\",\"javaType\":\"Long\",\"list\":true,\"params\":{},\"pk\":false,\"query\":true,\"queryType\":\"EQ\",\"required\":true,\"sort\":3,\"superColumn\":false,\"tableId\":5,\"updateBy\":\"\",\"updateTime\":\"2024-10-06 23:21:50\",\"usableColumn\":false},{\"capJavaField\":\"UserName\",\"columnComment\":\"登录名\",\"columnId\":28,\"columnName\":\"user_name\",\"columnType\":\"varchar(30)\",\"createBy\":\"admin\",\"createTime\":\"2024-10-06 23:18:16\",\"dictType\":\"\",\"edit\":true,\"htmlType\":\"input\",\"increment\":false,\"insert\":true,\"isEdit\":\"1\",\"is', '{\"msg\":\"操作成功\",\"code\":200}', 0, NULL, '2024-10-06 23:22:24', 58);
INSERT INTO `sys_oper_log` VALUES (187, '代码生成', 8, 'com.eduflex.generator.controller.GenController.batchGenCode()', 'GET', 1, 'admin', '研发部门', '/tool/gen/batchGenCode', '127.0.0.1', '内网IP', '{\"tables\":\"tb_student\"}', NULL, 0, NULL, '2024-10-06 23:22:27', 336);
INSERT INTO `sys_oper_log` VALUES (188, '代码生成', 3, 'com.eduflex.generator.controller.GenController.remove()', 'DELETE', 1, 'admin', '研发部门', '/tool/gen/5', '127.0.0.1', '内网IP', '{}', '{\"msg\":\"操作成功\",\"code\":200}', 0, NULL, '2024-10-07 16:46:41', 29);
INSERT INTO `sys_oper_log` VALUES (189, '代码生成', 6, 'com.eduflex.generator.controller.GenController.importTableSave()', 'POST', 1, 'admin', '研发部门', '/tool/gen/importTable', '127.0.0.1', '内网IP', '{\"tables\":\"tb_student\"}', '{\"msg\":\"操作成功\",\"code\":200}', 0, NULL, '2024-10-07 16:46:45', 64);
INSERT INTO `sys_oper_log` VALUES (190, '代码生成', 2, 'com.eduflex.generator.controller.GenController.editSave()', 'PUT', 1, 'admin', '研发部门', '/tool/gen', '127.0.0.1', '内网IP', '{\"businessName\":\"student\",\"className\":\"Student\",\"columns\":[{\"capJavaField\":\"Id\",\"columnComment\":\"学生ID\",\"columnId\":42,\"columnName\":\"id\",\"columnType\":\"bigint\",\"createBy\":\"admin\",\"createTime\":\"2024-10-07 16:46:44\",\"dictType\":\"\",\"edit\":false,\"htmlType\":\"input\",\"increment\":true,\"insert\":false,\"isIncrement\":\"1\",\"isInsert\":\"0\",\"isPk\":\"1\",\"isRequired\":\"0\",\"javaField\":\"id\",\"javaType\":\"Long\",\"list\":false,\"params\":{},\"pk\":true,\"query\":false,\"queryType\":\"EQ\",\"required\":false,\"sort\":1,\"superColumn\":false,\"tableId\":6,\"updateBy\":\"\",\"usableColumn\":false},{\"capJavaField\":\"UserId\",\"columnComment\":\"关联sys_user表的ID\",\"columnId\":43,\"columnName\":\"user_id\",\"columnType\":\"bigint\",\"createBy\":\"admin\",\"createTime\":\"2024-10-07 16:46:44\",\"dictType\":\"\",\"edit\":false,\"htmlType\":\"input\",\"increment\":false,\"insert\":false,\"isEdit\":\"0\",\"isIncrement\":\"0\",\"isInsert\":\"0\",\"isList\":\"0\",\"isPk\":\"0\",\"isQuery\":\"0\",\"isRequired\":\"0\",\"javaField\":\"userId\",\"javaType\":\"Long\",\"list\":false,\"params\":{},\"pk\":false,\"query\":false,\"queryType\":\"EQ\",\"required\":false,\"sort\":2,\"superColumn\":false,\"tableId\":6,\"updateBy\":\"\",\"usableColumn\":false},{\"capJavaField\":\"CollegeId\",\"columnComment\":\"所属学院ID\",\"columnId\":44,\"columnName\":\"college_id\",\"columnType\":\"bigint\",\"createBy\":\"admin\",\"createTime\":\"2024-10-07 16:46:44\",\"dictType\":\"\",\"edit\":true,\"htmlType\":\"input\",\"increment\":false,\"insert\":true,\"isEdit\":\"1\",\"isIncrement\":\"0\",\"isInsert\":\"1\",\"isList\":\"1\",\"isPk\":\"0\",\"isQuery\":\"1\",\"isRequired\":\"1\",\"javaField\":\"collegeId\",\"javaType\":\"Long\",\"list\":true,\"params\":{},\"pk\":false,\"query\":true,\"queryType\":\"EQ\",\"required\":true,\"sort\":3,\"superColumn\":false,\"tableId\":6,\"updateBy\":\"\",\"usableColumn\":false},{\"capJavaField\":\"GradeId\",\"columnComment\":\"所属班级ID\",\"columnId\":45,\"columnName\":\"grade_id\",\"columnType\":\"bigint\",\"createBy\":\"admin\",\"createTime\":\"2024-10-07 16:46:44\",\"dictType\":\"\",\"edit\":true,\"htmlType\":\"input\",\"increment\":false,\"insert\":true,\"isEdit\":\"1\",\"isIncrement\":\"0\",\"isInsert\":\"1\",\"isList\":\"1\",\"isPk\":\"0\",\"isQuery\":\"1\",\"isRequired\":\"1\",\"javaField\":\"g', '{\"msg\":\"操作成功\",\"code\":200}', 0, NULL, '2024-10-07 16:47:44', 35);
INSERT INTO `sys_oper_log` VALUES (191, '代码生成', 8, 'com.eduflex.generator.controller.GenController.batchGenCode()', 'GET', 1, 'admin', '研发部门', '/tool/gen/batchGenCode', '127.0.0.1', '内网IP', '{\"tables\":\"tb_student\"}', NULL, 0, NULL, '2024-10-07 16:47:47', 211);
INSERT INTO `sys_oper_log` VALUES (192, '角色管理', 1, 'com.eduflex.web.controller.system.SysRoleController.add()', 'POST', 1, 'admin', '研发部门', '/system/role', '127.0.0.1', '内网IP', '{\"admin\":false,\"createBy\":\"admin\",\"deptCheckStrictly\":true,\"deptIds\":[],\"flag\":false,\"menuCheckStrictly\":true,\"menuIds\":[],\"params\":{},\"remark\":\"学生\",\"roleId\":101,\"roleKey\":\"student\",\"roleName\":\"学生\",\"roleSort\":4,\"status\":\"0\"}', '{\"msg\":\"操作成功\",\"code\":200}', 0, NULL, '2024-10-07 16:49:08', 24);
INSERT INTO `sys_oper_log` VALUES (193, '学生管理', 1, 'com.eduflex.manage.controller.StudentController.add()', 'POST', 1, 'admin', '研发部门', '/manage/student', '127.0.0.1', '内网IP', '{\"admin\":false,\"collegeId\":2,\"createBy\":\"admin\",\"gradeId\":7,\"id\":1,\"nickName\":\"林煜鋒\",\"params\":{},\"roleId\":4,\"status\":\"0\",\"userId\":104,\"userName\":\"202325350123\"}', '{\"msg\":\"操作成功\",\"code\":200}', 0, NULL, '2024-10-08 10:47:31', 58);
INSERT INTO `sys_oper_log` VALUES (194, '学生管理', 2, 'com.eduflex.manage.controller.StudentController.edit()', 'PUT', 1, 'admin', '研发部门', '/manage/student', '127.0.0.1', '内网IP', '{\"admin\":false,\"avatar\":\"\",\"collegeId\":2,\"email\":\"\",\"gradeId\":1,\"id\":1,\"loginIp\":\"\",\"nickName\":\"林煜鋒\",\"params\":{},\"phonenumber\":\"\",\"roleId\":4,\"sex\":\"0\",\"status\":\"0\",\"updateBy\":\"admin\",\"updateTime\":\"2024-10-08 10:48:05\",\"userId\":104,\"userName\":\"202325350123\"}', '{\"msg\":\"操作成功\",\"code\":200}', 0, NULL, '2024-10-08 10:48:05', 26);
INSERT INTO `sys_oper_log` VALUES (195, '学生管理', 1, 'com.eduflex.manage.controller.StudentController.add()', 'POST', 1, 'admin', '研发部门', '/manage/student', '127.0.0.1', '内网IP', '{\"admin\":false,\"collegeId\":3,\"email\":\"1972212424@qq.com\",\"gradeId\":7,\"nickName\":\"张三\",\"params\":{},\"phonenumber\":\"15815161605\",\"sex\":\"0\",\"userName\":\"202325350104\"}', '{\"msg\":\"新增学生‘202325350104\'失败，手机号码已存在\",\"code\":500}', 0, NULL, '2024-10-08 11:10:48', 23);
INSERT INTO `sys_oper_log` VALUES (196, '学生管理', 1, 'com.eduflex.manage.controller.StudentController.add()', 'POST', 1, 'admin', '研发部门', '/manage/student', '127.0.0.1', '内网IP', '{\"admin\":false,\"collegeId\":3,\"email\":\"1972212424@qq.com\",\"gradeId\":7,\"nickName\":\"张三\",\"params\":{},\"phonenumber\":\"15815161606\",\"sex\":\"0\",\"userName\":\"202325350124\"}', '{\"msg\":\"新增学生‘202325350124\'失败，邮箱账号已存在\",\"code\":500}', 0, NULL, '2024-10-08 11:11:03', 8);
INSERT INTO `sys_oper_log` VALUES (197, '学生管理', 1, 'com.eduflex.manage.controller.StudentController.add()', 'POST', 1, 'admin', '研发部门', '/manage/student', '127.0.0.1', '内网IP', '{\"admin\":false,\"collegeId\":3,\"createBy\":\"admin\",\"email\":\"admin@qq.com\",\"gradeId\":7,\"id\":2,\"nickName\":\"张三\",\"params\":{},\"phonenumber\":\"15815161606\",\"roleId\":4,\"sex\":\"0\",\"status\":\"0\",\"userId\":105,\"userName\":\"202325350124\"}', '{\"msg\":\"操作成功\",\"code\":200}', 0, NULL, '2024-10-08 11:11:09', 20);
INSERT INTO `sys_oper_log` VALUES (198, '学生管理', 2, 'com.eduflex.manage.controller.StudentController.edit()', 'PUT', 1, 'admin', '研发部门', '/manage/student', '127.0.0.1', '内网IP', '{\"admin\":false,\"avatar\":\"\",\"collegeId\":2,\"email\":\"\",\"gradeId\":2,\"id\":1,\"loginIp\":\"\",\"nickName\":\"林煜鋒\",\"params\":{},\"phonenumber\":\"\",\"roleId\":4,\"sex\":\"0\",\"status\":\"0\",\"updateBy\":\"admin\",\"updateTime\":\"2024-10-09 09:14:22\",\"userId\":104,\"userName\":\"202325350123\"}', '{\"msg\":\"操作成功\",\"code\":200}', 0, NULL, '2024-10-09 09:14:22', 68);
INSERT INTO `sys_oper_log` VALUES (199, '学生管理', 2, 'com.eduflex.manage.controller.StudentController.edit()', 'PUT', 1, 'admin', '研发部门', '/manage/student', '127.0.0.1', '内网IP', '{\"admin\":false,\"avatar\":\"\",\"collegeId\":2,\"email\":\"\",\"gradeId\":1,\"id\":1,\"loginIp\":\"\",\"nickName\":\"林煜鋒\",\"params\":{},\"phonenumber\":\"\",\"roleId\":4,\"sex\":\"0\",\"status\":\"0\",\"updateBy\":\"admin\",\"updateTime\":\"2024-10-09 09:14:25\",\"userId\":104,\"userName\":\"202325350123\"}', '{\"msg\":\"操作成功\",\"code\":200}', 0, NULL, '2024-10-09 09:14:25', 22);
INSERT INTO `sys_oper_log` VALUES (200, '学生管理', 2, 'com.eduflex.manage.controller.StudentController.edit()', 'PUT', 1, 'admin', '研发部门', '/manage/student', '127.0.0.1', '内网IP', '{\"admin\":false,\"avatar\":\"\",\"collegeId\":3,\"email\":\"admin@qq.com\",\"gradeId\":7,\"id\":2,\"loginIp\":\"\",\"nickName\":\"张三\",\"params\":{},\"phonenumber\":\"15815161606\",\"roleId\":4,\"sex\":\"0\",\"status\":\"0\",\"updateBy\":\"admin\",\"updateTime\":\"2024-10-09 09:31:26\",\"userId\":105,\"userName\":\"202325350124\"}', '{\"msg\":\"操作成功\",\"code\":200}', 0, NULL, '2024-10-09 09:31:26', 165);
INSERT INTO `sys_oper_log` VALUES (201, '学生管理', 2, 'com.eduflex.manage.controller.StudentController.resetPwd()', 'PUT', 1, 'admin', '研发部门', '/manage/student/resetPwd', '127.0.0.1', '内网IP', '{\"admin\":false,\"params\":{},\"updateBy\":\"admin\",\"userId\":105,\"userName\":\"202325350124\"}', '{\"msg\":\"操作成功\",\"code\":200}', 0, NULL, '2024-10-09 09:39:16', 104);
INSERT INTO `sys_oper_log` VALUES (202, '学生管理', 2, 'com.eduflex.manage.controller.StudentController.resetPwd()', 'PUT', 1, 'admin', '研发部门', '/manage/student/resetPwd', '127.0.0.1', '内网IP', '{\"admin\":false,\"params\":{},\"updateBy\":\"admin\",\"userId\":104,\"userName\":\"202325350123\"}', '{\"msg\":\"操作成功\",\"code\":200}', 0, NULL, '2024-10-09 09:39:46', 74);
INSERT INTO `sys_oper_log` VALUES (203, '菜单管理', 2, 'com.eduflex.web.controller.system.SysMenuController.edit()', 'PUT', 1, 'admin', '研发部门', '/system/menu', '127.0.0.1', '内网IP', '{\"children\":[],\"component\":\"manage/student/index\",\"createTime\":\"2024-10-06 23:28:13\",\"icon\":\"学生管理\",\"isCache\":\"0\",\"isFrame\":\"1\",\"menuId\":2025,\"menuName\":\"学生管理\",\"menuType\":\"C\",\"orderNum\":1,\"params\":{},\"parentId\":2000,\"path\":\"student\",\"perms\":\"manage:student:list\",\"routeName\":\"\",\"status\":\"0\",\"updateBy\":\"admin\",\"visible\":\"0\"}', '{\"msg\":\"操作成功\",\"code\":200}', 0, NULL, '2024-10-09 09:43:01', 22);
INSERT INTO `sys_oper_log` VALUES (204, '学生管理', 2, 'com.eduflex.manage.controller.StudentController.resetPwd()', 'PUT', 1, 'admin', '研发部门', '/manage/student/resetPwd', '127.0.0.1', '内网IP', '{\"admin\":false,\"avatar\":\"\",\"collegeId\":3,\"email\":\"admin@qq.com\",\"gradeId\":7,\"id\":2,\"loginIp\":\"\",\"nickName\":\"张三\",\"params\":{},\"phonenumber\":\"15815161606\",\"sex\":\"0\",\"status\":\"0\",\"updateBy\":\"admin\",\"userId\":105,\"userName\":\"202325350124\"}', '{\"msg\":\"操作成功\",\"code\":200}', 0, NULL, '2024-10-10 11:50:15', 90);
INSERT INTO `sys_oper_log` VALUES (205, '学生管理', 2, 'com.eduflex.manage.controller.StudentController.resetPwd()', 'PUT', 1, 'admin', '研发部门', '/manage/student/resetPwd', '127.0.0.1', '内网IP', '{\"admin\":false,\"avatar\":\"\",\"collegeId\":2,\"email\":\"\",\"gradeId\":1,\"id\":1,\"loginIp\":\"\",\"nickName\":\"林煜鋒\",\"params\":{},\"phonenumber\":\"\",\"sex\":\"0\",\"status\":\"0\",\"updateBy\":\"admin\",\"userId\":104,\"userName\":\"202325350123\"}', '{\"msg\":\"操作成功\",\"code\":200}', 0, NULL, '2024-10-10 18:32:13', 87);
INSERT INTO `sys_oper_log` VALUES (206, '菜单管理', 1, 'com.eduflex.web.controller.system.SysMenuController.add()', 'POST', 1, 'admin', '研发部门', '/system/menu', '127.0.0.1', '内网IP', '{\"children\":[],\"createBy\":\"admin\",\"isCache\":\"0\",\"isFrame\":\"1\",\"menuName\":\"课程管理\",\"menuType\":\"M\",\"orderNum\":2,\"params\":{},\"parentId\":0,\"path\":\"course\",\"status\":\"0\",\"visible\":\"0\"}', '{\"msg\":\"操作成功\",\"code\":200}', 0, NULL, '2024-10-10 18:47:36', 17);
INSERT INTO `sys_oper_log` VALUES (207, '菜单管理', 2, 'com.eduflex.web.controller.system.SysMenuController.edit()', 'PUT', 1, 'admin', '研发部门', '/system/menu', '127.0.0.1', '内网IP', '{\"children\":[],\"createTime\":\"2024-10-10 18:47:36\",\"icon\":\"课程管理\",\"isCache\":\"0\",\"isFrame\":\"1\",\"menuId\":2031,\"menuName\":\"课程管理\",\"menuType\":\"M\",\"orderNum\":2,\"params\":{},\"parentId\":0,\"path\":\"course\",\"perms\":\"\",\"routeName\":\"\",\"status\":\"0\",\"updateBy\":\"admin\",\"visible\":\"0\"}', '{\"msg\":\"操作成功\",\"code\":200}', 0, NULL, '2024-10-10 18:48:32', 9);
INSERT INTO `sys_oper_log` VALUES (208, '代码生成', 6, 'com.eduflex.generator.controller.GenController.importTableSave()', 'POST', 1, 'admin', '研发部门', '/tool/gen/importTable', '127.0.0.1', '内网IP', '{\"tables\":\"tb_course,tb_course_grade\"}', '{\"msg\":\"操作成功\",\"code\":200}', 0, NULL, '2024-10-10 20:50:08', 156);
INSERT INTO `sys_oper_log` VALUES (209, '代码生成', 2, 'com.eduflex.generator.controller.GenController.editSave()', 'PUT', 1, 'admin', '研发部门', '/tool/gen', '127.0.0.1', '内网IP', '{\"businessName\":\"course\",\"className\":\"Course\",\"columns\":[{\"capJavaField\":\"Id\",\"columnComment\":\"课程ID\",\"columnId\":46,\"columnName\":\"id\",\"columnType\":\"bigint\",\"createBy\":\"admin\",\"createTime\":\"2024-10-10 20:50:07\",\"dictType\":\"\",\"edit\":false,\"htmlType\":\"input\",\"increment\":true,\"insert\":false,\"isIncrement\":\"1\",\"isInsert\":\"0\",\"isPk\":\"1\",\"isRequired\":\"0\",\"javaField\":\"id\",\"javaType\":\"Long\",\"list\":false,\"params\":{},\"pk\":true,\"query\":false,\"queryType\":\"EQ\",\"required\":false,\"sort\":1,\"superColumn\":false,\"tableId\":7,\"updateBy\":\"\",\"usableColumn\":false},{\"capJavaField\":\"Name\",\"columnComment\":\"课程名称\",\"columnId\":47,\"columnName\":\"name\",\"columnType\":\"varchar(100)\",\"createBy\":\"admin\",\"createTime\":\"2024-10-10 20:50:07\",\"dictType\":\"\",\"edit\":true,\"htmlType\":\"input\",\"increment\":false,\"insert\":true,\"isEdit\":\"1\",\"isIncrement\":\"0\",\"isInsert\":\"1\",\"isList\":\"1\",\"isPk\":\"0\",\"isQuery\":\"1\",\"isRequired\":\"1\",\"javaField\":\"name\",\"javaType\":\"String\",\"list\":true,\"params\":{},\"pk\":false,\"query\":true,\"queryType\":\"LIKE\",\"required\":true,\"sort\":2,\"superColumn\":false,\"tableId\":7,\"updateBy\":\"\",\"usableColumn\":false},{\"capJavaField\":\"Description\",\"columnComment\":\"课程描述\",\"columnId\":48,\"columnName\":\"description\",\"columnType\":\"text\",\"createBy\":\"admin\",\"createTime\":\"2024-10-10 20:50:07\",\"dictType\":\"\",\"edit\":true,\"htmlType\":\"textarea\",\"increment\":false,\"insert\":true,\"isEdit\":\"1\",\"isIncrement\":\"0\",\"isInsert\":\"1\",\"isList\":\"0\",\"isPk\":\"0\",\"isQuery\":\"0\",\"isRequired\":\"0\",\"javaField\":\"description\",\"javaType\":\"String\",\"list\":false,\"params\":{},\"pk\":false,\"query\":false,\"queryType\":\"EQ\",\"required\":false,\"sort\":3,\"superColumn\":false,\"tableId\":7,\"updateBy\":\"\",\"usableColumn\":false},{\"capJavaField\":\"TeacherId\",\"columnComment\":\"任课老师ID\",\"columnId\":49,\"columnName\":\"teacher_id\",\"columnType\":\"bigint\",\"createBy\":\"admin\",\"createTime\":\"2024-10-10 20:50:08\",\"dictType\":\"\",\"edit\":true,\"htmlType\":\"input\",\"increment\":false,\"insert\":true,\"isEdit\":\"1\",\"isIncrement\":\"0\",\"isInsert\":\"1\",\"isList\":\"1\",\"isPk\":\"0\",\"isQuery\":\"0\",\"isRequired\":\"1\",\"javaField\":\"te', '{\"msg\":\"操作成功\",\"code\":200}', 0, NULL, '2024-10-10 20:57:26', 44);
INSERT INTO `sys_oper_log` VALUES (210, '代码生成', 3, 'com.eduflex.generator.controller.GenController.remove()', 'DELETE', 1, 'admin', '研发部门', '/tool/gen/8', '127.0.0.1', '内网IP', '{}', '{\"msg\":\"操作成功\",\"code\":200}', 0, NULL, '2024-10-10 20:57:30', 11);
INSERT INTO `sys_oper_log` VALUES (211, '代码生成', 8, 'com.eduflex.generator.controller.GenController.batchGenCode()', 'GET', 1, 'admin', '研发部门', '/tool/gen/batchGenCode', '127.0.0.1', '内网IP', '{\"tables\":\"tb_course\"}', NULL, 0, NULL, '2024-10-10 20:57:32', 262);
INSERT INTO `sys_oper_log` VALUES (212, '代码生成', 6, 'com.eduflex.generator.controller.GenController.importTableSave()', 'POST', 1, 'admin', '研发部门', '/tool/gen/importTable', '127.0.0.1', '内网IP', '{\"tables\":\"tb_course_grade\"}', '{\"msg\":\"操作成功\",\"code\":200}', 0, NULL, '2024-10-10 20:58:46', 39);
INSERT INTO `sys_oper_log` VALUES (213, '代码生成', 2, 'com.eduflex.generator.controller.GenController.editSave()', 'PUT', 1, 'admin', '研发部门', '/tool/gen', '127.0.0.1', '内网IP', '{\"businessName\":\"grade\",\"className\":\"CourseGrade\",\"columns\":[{\"capJavaField\":\"Id\",\"columnComment\":\"关系主键\",\"columnId\":64,\"columnName\":\"id\",\"columnType\":\"bigint\",\"createBy\":\"admin\",\"createTime\":\"2024-10-10 20:58:46\",\"dictType\":\"\",\"edit\":false,\"htmlType\":\"input\",\"increment\":true,\"insert\":true,\"isIncrement\":\"1\",\"isInsert\":\"1\",\"isPk\":\"1\",\"isRequired\":\"0\",\"javaField\":\"id\",\"javaType\":\"Long\",\"list\":false,\"params\":{},\"pk\":true,\"query\":false,\"queryType\":\"EQ\",\"required\":false,\"sort\":1,\"superColumn\":false,\"tableId\":9,\"updateBy\":\"\",\"usableColumn\":false},{\"capJavaField\":\"CourseId\",\"columnComment\":\"课程ID\",\"columnId\":65,\"columnName\":\"course_id\",\"columnType\":\"bigint\",\"createBy\":\"admin\",\"createTime\":\"2024-10-10 20:58:46\",\"dictType\":\"\",\"edit\":true,\"htmlType\":\"input\",\"increment\":false,\"insert\":true,\"isEdit\":\"1\",\"isIncrement\":\"0\",\"isInsert\":\"1\",\"isList\":\"1\",\"isPk\":\"0\",\"isQuery\":\"1\",\"isRequired\":\"0\",\"javaField\":\"courseId\",\"javaType\":\"Long\",\"list\":true,\"params\":{},\"pk\":false,\"query\":true,\"queryType\":\"EQ\",\"required\":false,\"sort\":2,\"superColumn\":false,\"tableId\":9,\"updateBy\":\"\",\"usableColumn\":false},{\"capJavaField\":\"GradeId\",\"columnComment\":\"班级ID\",\"columnId\":66,\"columnName\":\"grade_id\",\"columnType\":\"bigint\",\"createBy\":\"admin\",\"createTime\":\"2024-10-10 20:58:46\",\"dictType\":\"\",\"edit\":true,\"htmlType\":\"input\",\"increment\":false,\"insert\":true,\"isEdit\":\"1\",\"isIncrement\":\"0\",\"isInsert\":\"1\",\"isList\":\"1\",\"isPk\":\"0\",\"isQuery\":\"1\",\"isRequired\":\"0\",\"javaField\":\"gradeId\",\"javaType\":\"Long\",\"list\":true,\"params\":{},\"pk\":false,\"query\":true,\"queryType\":\"EQ\",\"required\":false,\"sort\":3,\"superColumn\":false,\"tableId\":9,\"updateBy\":\"\",\"usableColumn\":false},{\"capJavaField\":\"CreateBy\",\"columnComment\":\"创建人\",\"columnId\":67,\"columnName\":\"create_by\",\"columnType\":\"varchar(64)\",\"createBy\":\"admin\",\"createTime\":\"2024-10-10 20:58:46\",\"dictType\":\"\",\"edit\":false,\"htmlType\":\"input\",\"increment\":false,\"insert\":true,\"isIncrement\":\"0\",\"isInsert\":\"1\",\"isPk\":\"0\",\"isRequired\":\"0\",\"javaField\":\"createBy\",\"javaType\":\"String\",\"list\":false,\"params', '{\"msg\":\"操作成功\",\"code\":200}', 0, NULL, '2024-10-10 20:59:07', 33);
INSERT INTO `sys_oper_log` VALUES (214, '代码生成', 2, 'com.eduflex.generator.controller.GenController.editSave()', 'PUT', 1, 'admin', '研发部门', '/tool/gen', '127.0.0.1', '内网IP', '{\"businessName\":\"grade\",\"className\":\"CourseGrade\",\"columns\":[{\"capJavaField\":\"Id\",\"columnComment\":\"关系主键\",\"columnId\":64,\"columnName\":\"id\",\"columnType\":\"bigint\",\"createBy\":\"admin\",\"createTime\":\"2024-10-10 20:58:46\",\"dictType\":\"\",\"edit\":false,\"htmlType\":\"input\",\"increment\":true,\"insert\":true,\"isIncrement\":\"1\",\"isInsert\":\"1\",\"isPk\":\"1\",\"isRequired\":\"0\",\"javaField\":\"id\",\"javaType\":\"Long\",\"list\":false,\"params\":{},\"pk\":true,\"query\":false,\"queryType\":\"EQ\",\"required\":false,\"sort\":1,\"superColumn\":false,\"tableId\":9,\"updateBy\":\"\",\"updateTime\":\"2024-10-10 20:59:07\",\"usableColumn\":false},{\"capJavaField\":\"CourseId\",\"columnComment\":\"课程ID\",\"columnId\":65,\"columnName\":\"course_id\",\"columnType\":\"bigint\",\"createBy\":\"admin\",\"createTime\":\"2024-10-10 20:58:46\",\"dictType\":\"\",\"edit\":true,\"htmlType\":\"input\",\"increment\":false,\"insert\":true,\"isEdit\":\"1\",\"isIncrement\":\"0\",\"isInsert\":\"1\",\"isList\":\"1\",\"isPk\":\"0\",\"isQuery\":\"1\",\"isRequired\":\"0\",\"javaField\":\"courseId\",\"javaType\":\"Long\",\"list\":true,\"params\":{},\"pk\":false,\"query\":true,\"queryType\":\"EQ\",\"required\":false,\"sort\":2,\"superColumn\":false,\"tableId\":9,\"updateBy\":\"\",\"updateTime\":\"2024-10-10 20:59:07\",\"usableColumn\":false},{\"capJavaField\":\"GradeId\",\"columnComment\":\"班级ID\",\"columnId\":66,\"columnName\":\"grade_id\",\"columnType\":\"bigint\",\"createBy\":\"admin\",\"createTime\":\"2024-10-10 20:58:46\",\"dictType\":\"\",\"edit\":true,\"htmlType\":\"input\",\"increment\":false,\"insert\":true,\"isEdit\":\"1\",\"isIncrement\":\"0\",\"isInsert\":\"1\",\"isList\":\"1\",\"isPk\":\"0\",\"isQuery\":\"1\",\"isRequired\":\"0\",\"javaField\":\"gradeId\",\"javaType\":\"Long\",\"list\":true,\"params\":{},\"pk\":false,\"query\":true,\"queryType\":\"EQ\",\"required\":false,\"sort\":3,\"superColumn\":false,\"tableId\":9,\"updateBy\":\"\",\"updateTime\":\"2024-10-10 20:59:07\",\"usableColumn\":false},{\"capJavaField\":\"CreateBy\",\"columnComment\":\"创建人\",\"columnId\":67,\"columnName\":\"create_by\",\"columnType\":\"varchar(64)\",\"createBy\":\"admin\",\"createTime\":\"2024-10-10 20:58:46\",\"dictType\":\"\",\"edit\":false,\"htmlType\":\"input\",\"increment\":false,\"insert\":true,\"isIncrement\":\"0\",\"', '{\"msg\":\"操作成功\",\"code\":200}', 0, NULL, '2024-10-10 20:59:27', 23);
INSERT INTO `sys_oper_log` VALUES (215, '代码生成', 2, 'com.eduflex.generator.controller.GenController.editSave()', 'PUT', 1, 'admin', '研发部门', '/tool/gen', '127.0.0.1', '内网IP', '{\"businessName\":\"courseGrade\",\"className\":\"CourseGrade\",\"columns\":[{\"capJavaField\":\"Id\",\"columnComment\":\"关系主键\",\"columnId\":64,\"columnName\":\"id\",\"columnType\":\"bigint\",\"createBy\":\"admin\",\"createTime\":\"2024-10-10 20:58:46\",\"dictType\":\"\",\"edit\":false,\"htmlType\":\"input\",\"increment\":true,\"insert\":true,\"isIncrement\":\"1\",\"isInsert\":\"1\",\"isPk\":\"1\",\"isRequired\":\"0\",\"javaField\":\"id\",\"javaType\":\"Long\",\"list\":false,\"params\":{},\"pk\":true,\"query\":false,\"queryType\":\"EQ\",\"required\":false,\"sort\":1,\"superColumn\":false,\"tableId\":9,\"updateBy\":\"\",\"updateTime\":\"2024-10-10 20:59:26\",\"usableColumn\":false},{\"capJavaField\":\"CourseId\",\"columnComment\":\"课程ID\",\"columnId\":65,\"columnName\":\"course_id\",\"columnType\":\"bigint\",\"createBy\":\"admin\",\"createTime\":\"2024-10-10 20:58:46\",\"dictType\":\"\",\"edit\":true,\"htmlType\":\"input\",\"increment\":false,\"insert\":true,\"isEdit\":\"1\",\"isIncrement\":\"0\",\"isInsert\":\"1\",\"isList\":\"1\",\"isPk\":\"0\",\"isQuery\":\"1\",\"isRequired\":\"0\",\"javaField\":\"courseId\",\"javaType\":\"Long\",\"list\":true,\"params\":{},\"pk\":false,\"query\":true,\"queryType\":\"EQ\",\"required\":false,\"sort\":2,\"superColumn\":false,\"tableId\":9,\"updateBy\":\"\",\"updateTime\":\"2024-10-10 20:59:26\",\"usableColumn\":false},{\"capJavaField\":\"GradeId\",\"columnComment\":\"班级ID\",\"columnId\":66,\"columnName\":\"grade_id\",\"columnType\":\"bigint\",\"createBy\":\"admin\",\"createTime\":\"2024-10-10 20:58:46\",\"dictType\":\"\",\"edit\":true,\"htmlType\":\"input\",\"increment\":false,\"insert\":true,\"isEdit\":\"1\",\"isIncrement\":\"0\",\"isInsert\":\"1\",\"isList\":\"1\",\"isPk\":\"0\",\"isQuery\":\"1\",\"isRequired\":\"0\",\"javaField\":\"gradeId\",\"javaType\":\"Long\",\"list\":true,\"params\":{},\"pk\":false,\"query\":true,\"queryType\":\"EQ\",\"required\":false,\"sort\":3,\"superColumn\":false,\"tableId\":9,\"updateBy\":\"\",\"updateTime\":\"2024-10-10 20:59:26\",\"usableColumn\":false},{\"capJavaField\":\"CreateBy\",\"columnComment\":\"创建人\",\"columnId\":67,\"columnName\":\"create_by\",\"columnType\":\"varchar(64)\",\"createBy\":\"admin\",\"createTime\":\"2024-10-10 20:58:46\",\"dictType\":\"\",\"edit\":false,\"htmlType\":\"input\",\"increment\":false,\"insert\":true,\"isIncrement\"', '{\"msg\":\"操作成功\",\"code\":200}', 0, NULL, '2024-10-10 21:00:12', 26);
INSERT INTO `sys_oper_log` VALUES (216, '代码生成', 8, 'com.eduflex.generator.controller.GenController.batchGenCode()', 'GET', 1, 'admin', '研发部门', '/tool/gen/batchGenCode', '127.0.0.1', '内网IP', '{\"tables\":\"tb_course_grade\"}', NULL, 0, NULL, '2024-10-10 21:00:32', 90);
INSERT INTO `sys_oper_log` VALUES (217, '菜单管理', 2, 'com.eduflex.web.controller.system.SysMenuController.edit()', 'PUT', 1, 'admin', '研发部门', '/system/menu', '127.0.0.1', '内网IP', '{\"children\":[],\"component\":\"manage/course/index\",\"createTime\":\"2024-10-10 20:58:03\",\"icon\":\"课程管理\",\"isCache\":\"0\",\"isFrame\":\"1\",\"menuId\":2032,\"menuName\":\"课程管理\",\"menuType\":\"C\",\"orderNum\":1,\"params\":{},\"parentId\":2031,\"path\":\"course\",\"perms\":\"manage:course:list\",\"routeName\":\"\",\"status\":\"0\",\"updateBy\":\"admin\",\"visible\":\"0\"}', '{\"msg\":\"操作成功\",\"code\":200}', 0, NULL, '2024-10-10 21:02:06', 16);
INSERT INTO `sys_oper_log` VALUES (218, '学院管理', 1, 'com.eduflex.manage.controller.CollegeController.add()', 'POST', 1, 'admin', '研发部门', '/manage/college', '127.0.0.1', '内网IP', '{\"ancestors\":\"0,1,2\",\"children\":[],\"createBy\":\"admin\",\"createTime\":\"2024-10-11 10:49:40\",\"id\":4,\"name\":\"111\",\"params\":{},\"parentId\":2}', '{\"msg\":\"操作成功\",\"code\":200}', 0, NULL, '2024-10-11 10:49:40', 35);
INSERT INTO `sys_oper_log` VALUES (219, '学院管理', 3, 'com.eduflex.manage.controller.CollegeController.remove()', 'DELETE', 1, 'admin', '研发部门', '/manage/college/4', '127.0.0.1', '内网IP', '{}', '{\"msg\":\"操作成功\",\"code\":200}', 0, NULL, '2024-10-11 10:53:41', 15);
INSERT INTO `sys_oper_log` VALUES (220, '教师管理', 1, 'com.eduflex.manage.controller.TeacherController.add()', 'POST', 1, 'admin', '研发部门', '/manage/teacher', '127.0.0.1', '内网IP', '{\"admin\":false,\"collegeId\":2,\"createBy\":\"admin\",\"email\":\"13900000000@qq.com\",\"id\":5,\"nickName\":\"王五\",\"params\":{},\"phonenumber\":\"13900000000\",\"roleId\":3,\"sex\":\"0\",\"status\":\"0\",\"userId\":106,\"userName\":\"wangwu\"}', '{\"msg\":\"操作成功\",\"code\":200}', 0, NULL, '2024-10-11 11:33:43', 113);
INSERT INTO `sys_oper_log` VALUES (221, '课程管理', 1, 'com.eduflex.manage.controller.CourseController.add()', 'POST', 1, 'admin', '研发部门', '/manage/course', '127.0.0.1', '内网IP', '{\"createTime\":\"2024-10-11 13:37:36\",\"description\":\"Java基础教程\",\"endTime\":\"2024-12-31\",\"name\":\"Java EE\",\"params\":{},\"startTime\":\"2024-09-03\",\"teacherId\":100}', NULL, 1, '\r\n### Error updating database.  Cause: java.sql.SQLException: Field \'status\' doesn\'t have a default value\r\n### The error may exist in file [C:\\Study\\SCAUZJ\\FinalExam\\Backend\\EduFlex\\eduflex-manage\\target\\classes\\mapper\\manage\\CourseMapper.xml]\r\n### The error may involve com.eduflex.manage.mapper.CourseMapper.insertCourse-Inline\r\n### The error occurred while setting parameters\r\n### SQL: insert into tb_course          ( name,             description,             teacher_id,             start_time,             end_time,                                       create_time )           values ( ?,             ?,             ?,             ?,             ?,                                       ? )\r\n### Cause: java.sql.SQLException: Field \'status\' doesn\'t have a default value\n; Field \'status\' doesn\'t have a default value; nested exception is java.sql.SQLException: Field \'status\' doesn\'t have a default value', '2024-10-11 13:37:36', 129);
INSERT INTO `sys_oper_log` VALUES (222, '字典类型', 1, 'com.eduflex.web.controller.system.SysDictTypeController.add()', 'POST', 1, 'admin', '研发部门', '/system/dict/type', '127.0.0.1', '内网IP', '{\"createBy\":\"admin\",\"dictName\":\"课程状态\",\"dictType\":\"course_status\",\"params\":{},\"remark\":\"课程状态\",\"status\":\"0\"}', '{\"msg\":\"操作成功\",\"code\":200}', 0, NULL, '2024-10-11 13:38:29', 11);
INSERT INTO `sys_oper_log` VALUES (223, '字典数据', 1, 'com.eduflex.web.controller.system.SysDictDataController.add()', 'POST', 1, 'admin', '研发部门', '/system/dict/data', '127.0.0.1', '内网IP', '{\"createBy\":\"admin\",\"default\":false,\"dictLabel\":\"未开始\",\"dictSort\":1,\"dictType\":\"course_status\",\"dictValue\":\"0\",\"listClass\":\"default\",\"params\":{},\"status\":\"0\"}', '{\"msg\":\"操作成功\",\"code\":200}', 0, NULL, '2024-10-11 13:38:41', 11);
INSERT INTO `sys_oper_log` VALUES (224, '字典数据', 1, 'com.eduflex.web.controller.system.SysDictDataController.add()', 'POST', 1, 'admin', '研发部门', '/system/dict/data', '127.0.0.1', '内网IP', '{\"createBy\":\"admin\",\"default\":false,\"dictLabel\":\"进行中\",\"dictSort\":2,\"dictType\":\"course_status\",\"dictValue\":\"1\",\"listClass\":\"default\",\"params\":{},\"status\":\"0\"}', '{\"msg\":\"操作成功\",\"code\":200}', 0, NULL, '2024-10-11 13:38:49', 8);
INSERT INTO `sys_oper_log` VALUES (225, '字典数据', 1, 'com.eduflex.web.controller.system.SysDictDataController.add()', 'POST', 1, 'admin', '研发部门', '/system/dict/data', '127.0.0.1', '内网IP', '{\"createBy\":\"admin\",\"default\":false,\"dictLabel\":\"已结束\",\"dictSort\":3,\"dictType\":\"course_status\",\"dictValue\":\"2\",\"listClass\":\"default\",\"params\":{},\"status\":\"0\"}', '{\"msg\":\"操作成功\",\"code\":200}', 0, NULL, '2024-10-11 13:39:01', 8);
INSERT INTO `sys_oper_log` VALUES (226, '课程管理', 1, 'com.eduflex.manage.controller.CourseController.add()', 'POST', 1, 'admin', '研发部门', '/manage/course', '127.0.0.1', '内网IP', '{\"createTime\":\"2024-10-11 13:42:39\",\"description\":\"Java 基础教程\",\"endTime\":\"2024-10-31\",\"id\":1,\"name\":\"Java EE\",\"params\":{},\"startTime\":\"2024-09-03\",\"status\":0,\"teacherId\":100}', '{\"msg\":\"操作成功\",\"code\":200}', 0, NULL, '2024-10-11 13:42:39', 6);
INSERT INTO `sys_oper_log` VALUES (227, '课程管理', 2, 'com.eduflex.manage.controller.CourseController.edit()', 'PUT', 1, 'admin', '研发部门', '/manage/course', '127.0.0.1', '内网IP', '{\"createTime\":\"2024-10-11 13:42:40\",\"description\":\"Java 基础教程\",\"endTime\":\"2024-10-31\",\"id\":1,\"name\":\"Java EE\",\"params\":{},\"startTime\":\"2024-09-03\",\"status\":0,\"teacherId\":100,\"updateTime\":\"2024-10-11 13:45:25\"}', NULL, 1, '\r\n### Error updating database.  Cause: java.sql.SQLException: Data truncated for column \'update_time\' at row 1\r\n### The error may exist in file [C:\\Study\\SCAUZJ\\FinalExam\\Backend\\EduFlex\\eduflex-manage\\target\\classes\\mapper\\manage\\CourseMapper.xml]\r\n### The error may involve com.eduflex.manage.mapper.CourseMapper.updateCourse-Inline\r\n### The error occurred while setting parameters\r\n### SQL: update tb_course          SET name = ?,             description = ?,             teacher_id = ?,             start_time = ?,             end_time = ?,             status = ?,                          create_time = ?,                          update_time = ?          where id = ?\r\n### Cause: java.sql.SQLException: Data truncated for column \'update_time\' at row 1\n; Data truncated for column \'update_time\' at row 1; nested exception is java.sql.SQLException: Data truncated for column \'update_time\' at row 1', '2024-10-11 13:45:25', 6);
INSERT INTO `sys_oper_log` VALUES (228, '课程管理', 2, 'com.eduflex.manage.controller.CourseController.edit()', 'PUT', 1, 'admin', '研发部门', '/manage/course', '127.0.0.1', '内网IP', '{\"createTime\":\"2024-10-11 13:42:40\",\"description\":\"Java 基础教程\",\"endTime\":\"2024-10-31\",\"id\":1,\"name\":\"Java EE\",\"params\":{},\"startTime\":\"2024-09-03\",\"status\":0,\"teacherId\":100,\"updateTime\":\"2024-10-11 13:45:59\"}', NULL, 1, '\r\n### Error updating database.  Cause: java.sql.SQLException: Data truncated for column \'update_time\' at row 1\r\n### The error may exist in file [C:\\Study\\SCAUZJ\\FinalExam\\Backend\\EduFlex\\eduflex-manage\\target\\classes\\mapper\\manage\\CourseMapper.xml]\r\n### The error may involve com.eduflex.manage.mapper.CourseMapper.updateCourse-Inline\r\n### The error occurred while setting parameters\r\n### SQL: update tb_course          SET name = ?,             description = ?,             teacher_id = ?,             start_time = ?,             end_time = ?,             status = ?,                          create_time = ?,                          update_time = ?          where id = ?\r\n### Cause: java.sql.SQLException: Data truncated for column \'update_time\' at row 1\n; Data truncated for column \'update_time\' at row 1; nested exception is java.sql.SQLException: Data truncated for column \'update_time\' at row 1', '2024-10-11 13:46:00', 3);
INSERT INTO `sys_oper_log` VALUES (229, '课程管理', 2, 'com.eduflex.manage.controller.CourseController.edit()', 'PUT', 1, 'admin', '研发部门', '/manage/course', '127.0.0.1', '内网IP', '{\"createTime\":\"2024-10-11 13:42:40\",\"description\":\"Java 基础教程\",\"endTime\":\"2024-10-31\",\"id\":1,\"name\":\"Java EE\",\"params\":{},\"startTime\":\"2024-09-03\",\"status\":0,\"teacherId\":100,\"updateTime\":\"2024-10-11 13:47:26\"}', NULL, 1, '\r\n### Error updating database.  Cause: java.sql.SQLException: Data truncated for column \'update_time\' at row 1\r\n### The error may exist in file [C:\\Study\\SCAUZJ\\FinalExam\\Backend\\EduFlex\\eduflex-manage\\target\\classes\\mapper\\manage\\CourseMapper.xml]\r\n### The error may involve com.eduflex.manage.mapper.CourseMapper.updateCourse-Inline\r\n### The error occurred while setting parameters\r\n### SQL: update tb_course          SET name = ?,             description = ?,             teacher_id = ?,             start_time = ?,             end_time = ?,             status = ?,                          create_time = ?,                          update_time = ?          where id = ?\r\n### Cause: java.sql.SQLException: Data truncated for column \'update_time\' at row 1\n; Data truncated for column \'update_time\' at row 1; nested exception is java.sql.SQLException: Data truncated for column \'update_time\' at row 1', '2024-10-11 13:47:26', 4);
INSERT INTO `sys_oper_log` VALUES (230, '课程管理', 2, 'com.eduflex.manage.controller.CourseController.edit()', 'PUT', 1, 'admin', '研发部门', '/manage/course', '127.0.0.1', '内网IP', '{\"createTime\":\"2024-10-11 13:42:40\",\"description\":\"Java 基础教程\",\"endTime\":\"2024-10-31\",\"id\":1,\"name\":\"Java EE\",\"params\":{},\"startTime\":\"2024-09-03\",\"status\":0,\"teacherId\":100,\"updateTime\":\"2024-10-11 13:47:56\"}', NULL, 1, '\r\n### Error updating database.  Cause: java.sql.SQLException: Data truncated for column \'update_time\' at row 1\r\n### The error may exist in file [C:\\Study\\SCAUZJ\\FinalExam\\Backend\\EduFlex\\eduflex-manage\\target\\classes\\mapper\\manage\\CourseMapper.xml]\r\n### The error may involve com.eduflex.manage.mapper.CourseMapper.updateCourse-Inline\r\n### The error occurred while setting parameters\r\n### SQL: update tb_course          SET name = ?,             description = ?,             teacher_id = ?,             start_time = ?,             end_time = ?,             status = ?,                          create_time = ?,                          update_time = ?          where id = ?\r\n### Cause: java.sql.SQLException: Data truncated for column \'update_time\' at row 1\n; Data truncated for column \'update_time\' at row 1; nested exception is java.sql.SQLException: Data truncated for column \'update_time\' at row 1', '2024-10-11 13:47:56', 4);
INSERT INTO `sys_oper_log` VALUES (231, '课程管理', 2, 'com.eduflex.manage.controller.CourseController.edit()', 'PUT', 1, 'admin', '研发部门', '/manage/course', '127.0.0.1', '内网IP', '{\"createTime\":\"2024-10-11 13:42:40\",\"description\":\"Java 基础教程\",\"endTime\":\"2024-10-31\",\"id\":1,\"name\":\"Java EE\",\"params\":{},\"startTime\":\"2024-09-03\",\"status\":0,\"teacherId\":100,\"updateTime\":\"2024-10-11 13:48:09\"}', NULL, 1, '\r\n### Error updating database.  Cause: java.sql.SQLException: Data truncated for column \'update_time\' at row 1\r\n### The error may exist in file [C:\\Study\\SCAUZJ\\FinalExam\\Backend\\EduFlex\\eduflex-manage\\target\\classes\\mapper\\manage\\CourseMapper.xml]\r\n### The error may involve com.eduflex.manage.mapper.CourseMapper.updateCourse-Inline\r\n### The error occurred while setting parameters\r\n### SQL: update tb_course          SET name = ?,             description = ?,             teacher_id = ?,             start_time = ?,             end_time = ?,             status = ?,                          create_time = ?,                          update_time = ?          where id = ?\r\n### Cause: java.sql.SQLException: Data truncated for column \'update_time\' at row 1\n; Data truncated for column \'update_time\' at row 1; nested exception is java.sql.SQLException: Data truncated for column \'update_time\' at row 1', '2024-10-11 13:48:09', 3);
INSERT INTO `sys_oper_log` VALUES (232, '课程管理', 2, 'com.eduflex.manage.controller.CourseController.edit()', 'PUT', 1, 'admin', '研发部门', '/manage/course', '127.0.0.1', '内网IP', '{\"createTime\":\"2024-10-11 13:42:40\",\"description\":\"Java 基础教程\",\"endTime\":\"2024-10-31\",\"id\":1,\"name\":\"Java EE\",\"params\":{},\"startTime\":\"2024-09-03\",\"status\":0,\"teacherId\":100,\"updateBy\":\"admin\",\"updateTime\":\"2024-10-11 13:50:12\"}', NULL, 1, '\r\n### Error updating database.  Cause: java.sql.SQLException: Data truncated for column \'update_time\' at row 1\r\n### The error may exist in file [C:\\Study\\SCAUZJ\\FinalExam\\Backend\\EduFlex\\eduflex-manage\\target\\classes\\mapper\\manage\\CourseMapper.xml]\r\n### The error may involve com.eduflex.manage.mapper.CourseMapper.updateCourse-Inline\r\n### The error occurred while setting parameters\r\n### SQL: update tb_course          SET name = ?,             description = ?,             teacher_id = ?,             start_time = ?,             end_time = ?,             status = ?,                          create_time = ?,             update_by = ?,             update_time = ?          where id = ?\r\n### Cause: java.sql.SQLException: Data truncated for column \'update_time\' at row 1\n; Data truncated for column \'update_time\' at row 1; nested exception is java.sql.SQLException: Data truncated for column \'update_time\' at row 1', '2024-10-11 13:50:13', 70);
INSERT INTO `sys_oper_log` VALUES (233, '课程管理', 2, 'com.eduflex.manage.controller.CourseController.edit()', 'PUT', 1, 'admin', '研发部门', '/manage/course', '127.0.0.1', '内网IP', '{\"createTime\":\"2024-10-11 13:42:40\",\"description\":\"Java 基础教程\",\"endTime\":\"2024-10-31\",\"id\":1,\"name\":\"Java EE\",\"params\":{},\"startTime\":\"2024-09-03\",\"status\":0,\"teacherId\":100,\"updateBy\":\"admin\",\"updateTime\":\"2024-10-11 13:51:18\"}', '{\"msg\":\"操作成功\",\"code\":200}', 0, NULL, '2024-10-11 13:51:18', 7);
INSERT INTO `sys_oper_log` VALUES (234, '课程管理', 2, 'com.eduflex.manage.controller.CourseController.edit()', 'PUT', 1, 'admin', '研发部门', '/manage/course', '127.0.0.1', '内网IP', '{\"createTime\":\"2024-10-11 13:42:40\",\"description\":\"Java 基础教程\",\"endTime\":\"2024-10-31\",\"id\":1,\"name\":\"Java EE\",\"params\":{},\"startTime\":\"2024-09-03\",\"status\":1,\"teacherId\":100,\"updateBy\":\"admin\",\"updateTime\":\"2024-10-11 13:51:24\"}', '{\"msg\":\"操作成功\",\"code\":200}', 0, NULL, '2024-10-11 13:51:24', 5);
INSERT INTO `sys_oper_log` VALUES (235, '课程管理', 2, 'com.eduflex.manage.controller.CourseController.edit()', 'PUT', 1, 'admin', '研发部门', '/manage/course', '127.0.0.1', '内网IP', '{\"createTime\":\"2024-10-11 13:42:40\",\"description\":\"Java 基础教程\",\"endTime\":\"2024-10-31\",\"id\":1,\"name\":\"Java EE\",\"params\":{},\"startTime\":\"2024-09-03\",\"status\":2,\"teacherId\":100,\"updateBy\":\"admin\",\"updateTime\":\"2024-10-11 13:51:32\"}', '{\"msg\":\"操作成功\",\"code\":200}', 0, NULL, '2024-10-11 13:51:32', 11);
INSERT INTO `sys_oper_log` VALUES (236, '课程管理', 1, 'com.eduflex.manage.controller.CourseController.add()', 'POST', 1, 'admin', '研发部门', '/manage/course', '127.0.0.1', '内网IP', '{\"createTime\":\"2024-10-11 14:46:24\",\"endTime\":\"2024-10-11\",\"id\":2,\"name\":\"Springboot\",\"params\":{},\"startTime\":\"2024-10-03\",\"status\":1,\"teacherId\":103}', '{\"msg\":\"操作成功\",\"code\":200}', 0, NULL, '2024-10-11 14:46:24', 18);
INSERT INTO `sys_oper_log` VALUES (237, '代码生成', 2, 'com.eduflex.generator.controller.GenController.editSave()', 'PUT', 1, 'admin', '研发部门', '/tool/gen', '127.0.0.1', '内网IP', '{\"businessName\":\"course\",\"className\":\"Course\",\"columns\":[{\"capJavaField\":\"Id\",\"columnComment\":\"课程ID\",\"columnId\":46,\"columnName\":\"id\",\"columnType\":\"bigint\",\"createBy\":\"admin\",\"createTime\":\"2024-10-10 20:50:07\",\"dictType\":\"\",\"edit\":false,\"htmlType\":\"input\",\"increment\":true,\"insert\":false,\"isIncrement\":\"1\",\"isInsert\":\"0\",\"isPk\":\"1\",\"isRequired\":\"0\",\"javaField\":\"id\",\"javaType\":\"Long\",\"list\":false,\"params\":{},\"pk\":true,\"query\":false,\"queryType\":\"EQ\",\"required\":false,\"sort\":1,\"superColumn\":false,\"tableId\":7,\"updateBy\":\"\",\"updateTime\":\"2024-10-10 20:57:26\",\"usableColumn\":false},{\"capJavaField\":\"Name\",\"columnComment\":\"课程名称\",\"columnId\":47,\"columnName\":\"name\",\"columnType\":\"varchar(100)\",\"createBy\":\"admin\",\"createTime\":\"2024-10-10 20:50:07\",\"dictType\":\"\",\"edit\":true,\"htmlType\":\"input\",\"increment\":false,\"insert\":true,\"isEdit\":\"1\",\"isIncrement\":\"0\",\"isInsert\":\"1\",\"isList\":\"1\",\"isPk\":\"0\",\"isQuery\":\"1\",\"isRequired\":\"1\",\"javaField\":\"name\",\"javaType\":\"String\",\"list\":true,\"params\":{},\"pk\":false,\"query\":true,\"queryType\":\"LIKE\",\"required\":true,\"sort\":2,\"superColumn\":false,\"tableId\":7,\"updateBy\":\"\",\"updateTime\":\"2024-10-10 20:57:26\",\"usableColumn\":false},{\"capJavaField\":\"Description\",\"columnComment\":\"课程描述\",\"columnId\":48,\"columnName\":\"description\",\"columnType\":\"text\",\"createBy\":\"admin\",\"createTime\":\"2024-10-10 20:50:07\",\"dictType\":\"\",\"edit\":true,\"htmlType\":\"textarea\",\"increment\":false,\"insert\":true,\"isEdit\":\"1\",\"isIncrement\":\"0\",\"isInsert\":\"1\",\"isList\":\"0\",\"isPk\":\"0\",\"isQuery\":\"0\",\"isRequired\":\"0\",\"javaField\":\"description\",\"javaType\":\"String\",\"list\":false,\"params\":{},\"pk\":false,\"query\":false,\"queryType\":\"EQ\",\"required\":false,\"sort\":3,\"superColumn\":false,\"tableId\":7,\"updateBy\":\"\",\"updateTime\":\"2024-10-10 20:57:26\",\"usableColumn\":false},{\"capJavaField\":\"TeacherId\",\"columnComment\":\"任课老师ID\",\"columnId\":49,\"columnName\":\"teacher_id\",\"columnType\":\"bigint\",\"createBy\":\"admin\",\"createTime\":\"2024-10-10 20:50:08\",\"dictType\":\"\",\"edit\":true,\"htmlType\":\"input\",\"increment\":false,\"insert\":true,\"isEdit\":\"1', '{\"msg\":\"操作成功\",\"code\":200}', 0, NULL, '2024-10-11 14:54:38', 75);
INSERT INTO `sys_oper_log` VALUES (238, '课程管理', 3, 'com.eduflex.manage.controller.CourseController.remove()', 'DELETE', 1, 'admin', '研发部门', '/manage/course/2', '127.0.0.1', '内网IP', '{}', '{\"msg\":\"操作成功\",\"code\":200}', 0, NULL, '2024-10-11 15:54:28', 11);
INSERT INTO `sys_oper_log` VALUES (239, '课程管理', 2, 'com.eduflex.manage.controller.CourseController.edit()', 'PUT', 1, 'admin', '研发部门', '/manage/course', '127.0.0.1', '内网IP', '{\"createTime\":\"2024-10-11 13:42:40\",\"description\":\"Java 基础教程\",\"endTime\":\"2024-10-31\",\"id\":1,\"name\":\"Java EE\",\"params\":{},\"startTime\":\"2024-09-03\",\"status\":\"0\",\"teacherId\":100,\"updateBy\":\"admin\",\"updateTime\":\"2024-10-11 17:37:56\"}', '{\"msg\":\"操作成功\",\"code\":200}', 0, NULL, '2024-10-11 17:37:56', 10);
INSERT INTO `sys_oper_log` VALUES (240, '课程管理', 2, 'com.eduflex.manage.controller.CourseController.edit()', 'PUT', 1, 'admin', '研发部门', '/manage/course', '127.0.0.1', '内网IP', '{\"createTime\":\"2024-10-11 13:42:40\",\"description\":\"Java 基础教程\",\"endTime\":\"2024-10-31\",\"id\":1,\"name\":\"Java EE\",\"params\":{},\"startTime\":\"2024-09-03\",\"status\":\"1\",\"teacherId\":100,\"updateBy\":\"admin\",\"updateTime\":\"2024-10-11 17:37:59\"}', '{\"msg\":\"操作成功\",\"code\":200}', 0, NULL, '2024-10-11 17:37:59', 4);
INSERT INTO `sys_oper_log` VALUES (241, '代码生成', 2, 'com.eduflex.generator.controller.GenController.editSave()', 'PUT', 1, 'admin', '研发部门', '/tool/gen', '127.0.0.1', '内网IP', '{\"businessName\":\"courseGrade\",\"className\":\"CourseGrade\",\"columns\":[{\"capJavaField\":\"Id\",\"columnComment\":\"关系主键\",\"columnId\":64,\"columnName\":\"id\",\"columnType\":\"bigint\",\"createBy\":\"admin\",\"createTime\":\"2024-10-10 20:58:46\",\"dictType\":\"\",\"edit\":false,\"htmlType\":\"input\",\"increment\":true,\"insert\":false,\"isIncrement\":\"1\",\"isInsert\":\"0\",\"isPk\":\"1\",\"isRequired\":\"0\",\"javaField\":\"id\",\"javaType\":\"Long\",\"list\":false,\"params\":{},\"pk\":true,\"query\":false,\"queryType\":\"EQ\",\"required\":false,\"sort\":1,\"superColumn\":false,\"tableId\":9,\"updateBy\":\"\",\"updateTime\":\"2024-10-10 21:00:12\",\"usableColumn\":false},{\"capJavaField\":\"CourseId\",\"columnComment\":\"课程ID\",\"columnId\":65,\"columnName\":\"course_id\",\"columnType\":\"bigint\",\"createBy\":\"admin\",\"createTime\":\"2024-10-10 20:58:46\",\"dictType\":\"\",\"edit\":true,\"htmlType\":\"input\",\"increment\":false,\"insert\":true,\"isEdit\":\"1\",\"isIncrement\":\"0\",\"isInsert\":\"1\",\"isList\":\"1\",\"isPk\":\"0\",\"isQuery\":\"1\",\"isRequired\":\"0\",\"javaField\":\"courseId\",\"javaType\":\"Long\",\"list\":true,\"params\":{},\"pk\":false,\"query\":true,\"queryType\":\"EQ\",\"required\":false,\"sort\":2,\"superColumn\":false,\"tableId\":9,\"updateBy\":\"\",\"updateTime\":\"2024-10-10 21:00:12\",\"usableColumn\":false},{\"capJavaField\":\"GradeId\",\"columnComment\":\"班级ID\",\"columnId\":66,\"columnName\":\"grade_id\",\"columnType\":\"bigint\",\"createBy\":\"admin\",\"createTime\":\"2024-10-10 20:58:46\",\"dictType\":\"\",\"edit\":true,\"htmlType\":\"input\",\"increment\":false,\"insert\":true,\"isEdit\":\"1\",\"isIncrement\":\"0\",\"isInsert\":\"1\",\"isList\":\"1\",\"isPk\":\"0\",\"isQuery\":\"1\",\"isRequired\":\"0\",\"javaField\":\"gradeId\",\"javaType\":\"Long\",\"list\":true,\"params\":{},\"pk\":false,\"query\":true,\"queryType\":\"EQ\",\"required\":false,\"sort\":3,\"superColumn\":false,\"tableId\":9,\"updateBy\":\"\",\"updateTime\":\"2024-10-10 21:00:12\",\"usableColumn\":false},{\"capJavaField\":\"CreateBy\",\"columnComment\":\"创建人\",\"columnId\":67,\"columnName\":\"create_by\",\"columnType\":\"varchar(64)\",\"createBy\":\"admin\",\"createTime\":\"2024-10-10 20:58:46\",\"dictType\":\"\",\"edit\":false,\"htmlType\":\"input\",\"increment\":false,\"insert\":false,\"isIncremen', '{\"msg\":\"操作成功\",\"code\":200}', 0, NULL, '2024-10-11 17:48:26', 32);
INSERT INTO `sys_oper_log` VALUES (242, '代码生成', 8, 'com.eduflex.generator.controller.GenController.batchGenCode()', 'GET', 1, 'admin', '研发部门', '/tool/gen/batchGenCode', '127.0.0.1', '内网IP', '{\"tables\":\"tb_course_grade\"}', NULL, 0, NULL, '2024-10-11 17:48:29', 96);
INSERT INTO `sys_oper_log` VALUES (243, '班级课程管理', 1, 'com.eduflex.manage.controller.CourseGradeController.add()', 'POST', 1, 'admin', '研发部门', '/manage/courseGrade', '127.0.0.1', '内网IP', '{\"courseId\":1,\"createTime\":\"2024-10-13 22:26:36\",\"gradeId\":1,\"id\":1,\"params\":{}}', '{\"msg\":\"操作成功\",\"code\":200}', 0, NULL, '2024-10-13 22:26:36', 18);
INSERT INTO `sys_oper_log` VALUES (244, '班级课程管理', 1, 'com.eduflex.manage.controller.CourseGradeController.add()', 'POST', 1, 'admin', '研发部门', '/manage/courseGrade', '127.0.0.1', '内网IP', '{\"courseId\":1,\"createTime\":\"2024-10-14 10:18:32\",\"gradeId\":2,\"id\":2,\"params\":{}}', '{\"msg\":\"操作成功\",\"code\":200}', 0, NULL, '2024-10-14 10:18:32', 28);
INSERT INTO `sys_oper_log` VALUES (245, '班级课程管理', 2, 'com.eduflex.manage.controller.CourseGradeController.edit()', 'PUT', 1, 'admin', '研发部门', '/manage/courseGrade', '127.0.0.1', '内网IP', '{\"courseId\":1,\"createTime\":\"2024-10-13 22:26:37\",\"gradeId\":1,\"id\":1,\"params\":{},\"updateTime\":\"2024-10-14 10:21:01\"}', '{\"msg\":\"操作成功\",\"code\":200}', 0, NULL, '2024-10-14 10:21:01', 12);
INSERT INTO `sys_oper_log` VALUES (246, '菜单管理', 2, 'com.eduflex.web.controller.system.SysMenuController.edit()', 'PUT', 1, 'admin', '研发部门', '/system/menu', '127.0.0.1', '内网IP', '{\"children\":[],\"component\":\"manage/courseGrade/index\",\"createTime\":\"2024-10-13 22:02:10\",\"icon\":\"班级课程\",\"isCache\":\"0\",\"isFrame\":\"1\",\"menuId\":2038,\"menuName\":\"班级课程管理\",\"menuType\":\"C\",\"orderNum\":1,\"params\":{},\"parentId\":2031,\"path\":\"courseGrade\",\"perms\":\"manage:courseGrade:list\",\"routeName\":\"\",\"status\":\"0\",\"updateBy\":\"admin\",\"visible\":\"0\"}', '{\"msg\":\"操作成功\",\"code\":200}', 0, NULL, '2024-10-14 10:27:05', 18);
INSERT INTO `sys_oper_log` VALUES (247, '班级课程管理', 2, 'com.eduflex.manage.controller.CourseGradeController.edit()', 'PUT', 1, 'admin', '研发部门', '/manage/courseGrade', '127.0.0.1', '内网IP', '{\"courseId\":1,\"createTime\":\"2024-10-13 22:26:37\",\"gradeId\":1,\"id\":1,\"params\":{},\"updateBy\":\"admin\",\"updateTime\":\"2024-10-14 10:28:25\"}', '{\"msg\":\"操作成功\",\"code\":200}', 0, NULL, '2024-10-14 10:28:25', 8);
INSERT INTO `sys_oper_log` VALUES (248, '代码生成', 6, 'com.eduflex.generator.controller.GenController.importTableSave()', 'POST', 1, 'admin', '研发部门', '/tool/gen/importTable', '127.0.0.1', '内网IP', '{\"tables\":\"tb_course_material,tb_course_chapter\"}', '{\"msg\":\"操作成功\",\"code\":200}', 0, NULL, '2024-10-14 11:12:11', 108);
INSERT INTO `sys_oper_log` VALUES (249, '学院管理', 1, 'com.eduflex.manage.controller.CollegeController.add()', 'POST', 1, 'admin', '研发部门', '/manage/college', '127.0.0.1', '内网IP', '{\"ancestors\":\"0,1,2\",\"children\":[],\"createBy\":\"admin\",\"createTime\":\"2024-10-14 11:31:48\",\"id\":5,\"name\":\"人工\",\"params\":{},\"parentId\":2}', '{\"msg\":\"操作成功\",\"code\":200}', 0, NULL, '2024-10-14 11:31:48', 14);
INSERT INTO `sys_oper_log` VALUES (250, '学院管理', 3, 'com.eduflex.manage.controller.CollegeController.remove()', 'DELETE', 1, 'admin', '研发部门', '/manage/college/5', '127.0.0.1', '内网IP', '{}', '{\"msg\":\"操作成功\",\"code\":200}', 0, NULL, '2024-10-14 11:31:50', 9);
INSERT INTO `sys_oper_log` VALUES (251, '代码生成', 2, 'com.eduflex.generator.controller.GenController.editSave()', 'PUT', 1, 'admin', '研发部门', '/tool/gen', '127.0.0.1', '内网IP', '{\"businessName\":\"chapter\",\"className\":\"CourseChapter\",\"columns\":[{\"capJavaField\":\"Id\",\"columnComment\":\"主键ID\",\"columnId\":71,\"columnName\":\"id\",\"columnType\":\"bigint\",\"createBy\":\"admin\",\"createTime\":\"2024-10-14 11:12:10\",\"dictType\":\"\",\"edit\":false,\"htmlType\":\"input\",\"increment\":true,\"insert\":false,\"isIncrement\":\"1\",\"isInsert\":\"0\",\"isPk\":\"1\",\"isRequired\":\"0\",\"javaField\":\"id\",\"javaType\":\"Long\",\"list\":false,\"params\":{},\"pk\":true,\"query\":false,\"queryType\":\"EQ\",\"required\":false,\"sort\":1,\"superColumn\":false,\"tableId\":10,\"updateBy\":\"\",\"usableColumn\":false},{\"capJavaField\":\"CourseId\",\"columnComment\":\"关联课程ID\",\"columnId\":72,\"columnName\":\"course_id\",\"columnType\":\"bigint\",\"createBy\":\"admin\",\"createTime\":\"2024-10-14 11:12:10\",\"dictType\":\"\",\"edit\":true,\"htmlType\":\"input\",\"increment\":false,\"insert\":true,\"isEdit\":\"1\",\"isIncrement\":\"0\",\"isInsert\":\"1\",\"isList\":\"1\",\"isPk\":\"0\",\"isQuery\":\"1\",\"isRequired\":\"1\",\"javaField\":\"courseId\",\"javaType\":\"Long\",\"list\":true,\"params\":{},\"pk\":false,\"query\":true,\"queryType\":\"EQ\",\"required\":true,\"sort\":2,\"superColumn\":false,\"tableId\":10,\"updateBy\":\"\",\"usableColumn\":false},{\"capJavaField\":\"Name\",\"columnComment\":\"章节名称\",\"columnId\":73,\"columnName\":\"name\",\"columnType\":\"varchar(50)\",\"createBy\":\"admin\",\"createTime\":\"2024-10-14 11:12:10\",\"dictType\":\"\",\"edit\":true,\"htmlType\":\"input\",\"increment\":false,\"insert\":true,\"isEdit\":\"1\",\"isIncrement\":\"0\",\"isInsert\":\"1\",\"isList\":\"1\",\"isPk\":\"0\",\"isQuery\":\"1\",\"isRequired\":\"1\",\"javaField\":\"name\",\"javaType\":\"String\",\"list\":true,\"params\":{},\"pk\":false,\"query\":true,\"queryType\":\"LIKE\",\"required\":true,\"sort\":3,\"superColumn\":false,\"tableId\":10,\"updateBy\":\"\",\"usableColumn\":false},{\"capJavaField\":\"ParentId\",\"columnComment\":\"父级ID\",\"columnId\":74,\"columnName\":\"parentId\",\"columnType\":\"bigint\",\"createBy\":\"admin\",\"createTime\":\"2024-10-14 11:12:10\",\"dictType\":\"\",\"edit\":true,\"htmlType\":\"input\",\"increment\":false,\"insert\":true,\"isEdit\":\"1\",\"isIncrement\":\"0\",\"isInsert\":\"1\",\"isList\":\"1\",\"isPk\":\"0\",\"isQuery\":\"1\",\"isRequired\":\"0\",\"javaField\":\"parentId\"', '{\"msg\":\"操作成功\",\"code\":200}', 0, NULL, '2024-10-14 11:33:27', 42);
INSERT INTO `sys_oper_log` VALUES (252, '代码生成', 3, 'com.eduflex.generator.controller.GenController.remove()', 'DELETE', 1, 'admin', '研发部门', '/tool/gen/10', '127.0.0.1', '内网IP', '{}', '{\"msg\":\"操作成功\",\"code\":200}', 0, NULL, '2024-10-14 11:39:22', 14);
INSERT INTO `sys_oper_log` VALUES (253, '代码生成', 6, 'com.eduflex.generator.controller.GenController.importTableSave()', 'POST', 1, 'admin', '研发部门', '/tool/gen/importTable', '127.0.0.1', '内网IP', '{\"tables\":\"tb_course_chapter\"}', '{\"msg\":\"操作成功\",\"code\":200}', 0, NULL, '2024-10-14 11:39:27', 43);
INSERT INTO `sys_oper_log` VALUES (254, '代码生成', 2, 'com.eduflex.generator.controller.GenController.editSave()', 'PUT', 1, 'admin', '研发部门', '/tool/gen', '127.0.0.1', '内网IP', '{\"businessName\":\"chapter\",\"className\":\"CourseChapter\",\"columns\":[{\"capJavaField\":\"Id\",\"columnComment\":\"主键ID\",\"columnId\":84,\"columnName\":\"id\",\"columnType\":\"bigint\",\"createBy\":\"admin\",\"createTime\":\"2024-10-14 11:39:27\",\"dictType\":\"\",\"edit\":false,\"htmlType\":\"input\",\"increment\":true,\"insert\":false,\"isIncrement\":\"1\",\"isInsert\":\"0\",\"isPk\":\"1\",\"isRequired\":\"0\",\"javaField\":\"id\",\"javaType\":\"Long\",\"list\":false,\"params\":{},\"pk\":true,\"query\":false,\"queryType\":\"EQ\",\"required\":false,\"sort\":1,\"superColumn\":false,\"tableId\":12,\"updateBy\":\"\",\"usableColumn\":false},{\"capJavaField\":\"CourseId\",\"columnComment\":\"关联课程ID\",\"columnId\":85,\"columnName\":\"course_id\",\"columnType\":\"bigint\",\"createBy\":\"admin\",\"createTime\":\"2024-10-14 11:39:27\",\"dictType\":\"\",\"edit\":true,\"htmlType\":\"input\",\"increment\":false,\"insert\":true,\"isEdit\":\"1\",\"isIncrement\":\"0\",\"isInsert\":\"1\",\"isList\":\"0\",\"isPk\":\"0\",\"isQuery\":\"0\",\"isRequired\":\"1\",\"javaField\":\"courseId\",\"javaType\":\"Long\",\"list\":false,\"params\":{},\"pk\":false,\"query\":false,\"queryType\":\"EQ\",\"required\":true,\"sort\":2,\"superColumn\":false,\"tableId\":12,\"updateBy\":\"\",\"usableColumn\":false},{\"capJavaField\":\"Name\",\"columnComment\":\"章节名称\",\"columnId\":86,\"columnName\":\"name\",\"columnType\":\"varchar(50)\",\"createBy\":\"admin\",\"createTime\":\"2024-10-14 11:39:27\",\"dictType\":\"\",\"edit\":true,\"htmlType\":\"input\",\"increment\":false,\"insert\":true,\"isEdit\":\"1\",\"isIncrement\":\"0\",\"isInsert\":\"1\",\"isList\":\"1\",\"isPk\":\"0\",\"isQuery\":\"0\",\"isRequired\":\"1\",\"javaField\":\"name\",\"javaType\":\"String\",\"list\":true,\"params\":{},\"pk\":false,\"query\":false,\"queryType\":\"LIKE\",\"required\":true,\"sort\":3,\"superColumn\":false,\"tableId\":12,\"updateBy\":\"\",\"usableColumn\":false},{\"capJavaField\":\"ParentId\",\"columnComment\":\"父级ID\",\"columnId\":87,\"columnName\":\"parentId\",\"columnType\":\"bigint\",\"createBy\":\"admin\",\"createTime\":\"2024-10-14 11:39:27\",\"dictType\":\"\",\"edit\":true,\"htmlType\":\"input\",\"increment\":false,\"insert\":true,\"isEdit\":\"1\",\"isIncrement\":\"0\",\"isInsert\":\"1\",\"isList\":\"0\",\"isPk\":\"0\",\"isQuery\":\"0\",\"isRequired\":\"1\",\"javaField\":\"parent', '{\"msg\":\"操作成功\",\"code\":200}', 0, NULL, '2024-10-14 11:42:20', 40);
INSERT INTO `sys_oper_log` VALUES (255, '代码生成', 8, 'com.eduflex.generator.controller.GenController.batchGenCode()', 'GET', 1, 'admin', '研发部门', '/tool/gen/batchGenCode', '127.0.0.1', '内网IP', '{\"tables\":\"tb_course_chapter\"}', NULL, 0, NULL, '2024-10-14 11:42:31', 283);
INSERT INTO `sys_oper_log` VALUES (256, '学院管理', 2, 'com.eduflex.manage.controller.CollegeController.edit()', 'PUT', 1, 'admin', '研发部门', '/manage/college', '127.0.0.1', '内网IP', '{\"ancestors\":\"0,1\",\"children\":[],\"createBy\":\"admin\",\"createTime\":\"2024-10-05 15:42:06\",\"id\":2,\"name\":\"人工智能学院\",\"params\":{},\"parentId\":2,\"updateTime\":\"2024-10-05 19:40:21\"}', '{\"msg\":\"修改学院\'人工智能学院\'失败，上级学院不能选择自己\",\"code\":601}', 0, NULL, '2024-10-14 12:06:45', 9);
INSERT INTO `sys_oper_log` VALUES (257, '课程内容章节管理', 1, 'com.eduflex.manage.controller.CourseChapterController.add()', 'POST', 1, 'admin', '研发部门', '/manage/chapter', '127.0.0.1', '内网IP', '{\"courseId\":1,\"createTime\":\"2024-10-14 12:32:32\",\"id\":1,\"name\":\"软件资源\",\"orderNum\":1,\"params\":{}}', '{\"msg\":\"操作成功\",\"code\":200}', 0, NULL, '2024-10-14 12:32:32', 12);
INSERT INTO `sys_oper_log` VALUES (258, '课程内容章节管理', 1, 'com.eduflex.manage.controller.CourseChapterController.add()', 'POST', 1, 'admin', '研发部门', '/manage/chapter', '127.0.0.1', '内网IP', '{\"courseId\":1,\"createTime\":\"2024-10-14 12:32:44\",\"id\":2,\"name\":\"RPA开发平台\",\"orderNum\":1,\"params\":{},\"parentId\":1}', '{\"msg\":\"操作成功\",\"code\":200}', 0, NULL, '2024-10-14 12:32:44', 5);
INSERT INTO `sys_oper_log` VALUES (259, '课程内容章节管理', 1, 'com.eduflex.manage.controller.CourseChapterController.add()', 'POST', 1, 'admin', '研发部门', '/manage/chapter', '127.0.0.1', '内网IP', '{\"courseId\":1,\"createTime\":\"2024-10-14 12:32:56\",\"id\":3,\"name\":\"IDE介绍\",\"orderNum\":2,\"params\":{},\"parentId\":1}', '{\"msg\":\"操作成功\",\"code\":200}', 0, NULL, '2024-10-14 12:32:56', 5);
INSERT INTO `sys_oper_log` VALUES (260, '课程内容章节管理', 1, 'com.eduflex.manage.controller.CourseChapterController.add()', 'POST', 1, 'admin', '研发部门', '/manage/chapter', '127.0.0.1', '内网IP', '{\"courseId\":1,\"createTime\":\"2024-10-14 12:33:18\",\"id\":4,\"name\":\"Java Web基础\",\"orderNum\":2,\"params\":{}}', '{\"msg\":\"操作成功\",\"code\":200}', 0, NULL, '2024-10-14 12:33:18', 3);
INSERT INTO `sys_oper_log` VALUES (261, '课程内容章节管理', 1, 'com.eduflex.manage.controller.CourseChapterController.add()', 'POST', 1, 'admin', '研发部门', '/manage/chapter', '127.0.0.1', '内网IP', '{\"courseId\":1,\"createTime\":\"2024-10-14 12:33:25\",\"id\":5,\"name\":\"Servlet概述\",\"orderNum\":1,\"params\":{}}', '{\"msg\":\"操作成功\",\"code\":200}', 0, NULL, '2024-10-14 12:33:25', 5);
INSERT INTO `sys_oper_log` VALUES (262, '课程内容章节管理', 1, 'com.eduflex.manage.controller.CourseChapterController.add()', 'POST', 1, 'admin', '研发部门', '/manage/chapter', '127.0.0.1', '内网IP', '{\"courseId\":1,\"createTime\":\"2024-10-14 12:33:39\",\"id\":6,\"name\":\"JSP基础\",\"orderNum\":2,\"params\":{},\"parentId\":4}', '{\"msg\":\"操作成功\",\"code\":200}', 0, NULL, '2024-10-14 12:33:39', 5);
INSERT INTO `sys_oper_log` VALUES (263, '课程内容章节管理', 2, 'com.eduflex.manage.controller.CourseChapterController.edit()', 'PUT', 1, 'admin', '研发部门', '/manage/chapter', '127.0.0.1', '内网IP', '{\"courseId\":1,\"createTime\":\"2024-10-14 12:33:26\",\"id\":5,\"name\":\"Servlet概述\",\"orderNum\":1,\"params\":{},\"parentId\":4,\"updateTime\":\"2024-10-14 12:33:44\"}', '{\"msg\":\"操作成功\",\"code\":200}', 0, NULL, '2024-10-14 12:33:44', 5);
INSERT INTO `sys_oper_log` VALUES (264, '课程内容章节管理', 2, 'com.eduflex.manage.controller.CourseChapterController.edit()', 'PUT', 1, 'admin', '研发部门', '/manage/chapter', '127.0.0.1', '内网IP', '{\"children\":[],\"courseId\":1,\"createTime\":\"2024-10-14 12:32:44\",\"id\":2,\"name\":\"RPA开发平台\",\"orderNum\":3,\"params\":{},\"parentId\":1,\"updateTime\":\"2024-10-14 14:59:21\"}', '{\"msg\":\"操作成功\",\"code\":200}', 0, NULL, '2024-10-14 14:59:21', 20);
INSERT INTO `sys_oper_log` VALUES (265, '课程内容章节管理', 2, 'com.eduflex.manage.controller.CourseChapterController.edit()', 'PUT', 1, 'admin', '研发部门', '/manage/chapter', '127.0.0.1', '内网IP', '{\"children\":[],\"courseId\":1,\"createTime\":\"2024-10-14 12:32:44\",\"id\":2,\"name\":\"RPA开发平台\",\"orderNum\":1,\"params\":{},\"parentId\":1,\"updateTime\":\"2024-10-14 14:59:26\"}', '{\"msg\":\"操作成功\",\"code\":200}', 0, NULL, '2024-10-14 14:59:26', 5);
INSERT INTO `sys_oper_log` VALUES (266, '课程内容章节管理', 2, 'com.eduflex.manage.controller.CourseChapterController.edit()', 'PUT', 1, 'admin', '研发部门', '/manage/chapter', '127.0.0.1', '内网IP', '{\"children\":[],\"courseId\":1,\"createTime\":\"2024-10-14 12:32:44\",\"id\":2,\"name\":\"RPA开发平台\",\"orderNum\":3,\"params\":{},\"parentId\":1,\"updateTime\":\"2024-10-14 15:01:05\"}', '{\"msg\":\"操作成功\",\"code\":200}', 0, NULL, '2024-10-14 15:01:05', 13);
INSERT INTO `sys_oper_log` VALUES (267, '课程内容章节管理', 2, 'com.eduflex.manage.controller.CourseChapterController.edit()', 'PUT', 1, 'admin', '研发部门', '/manage/chapter', '127.0.0.1', '内网IP', '{\"children\":[],\"courseId\":1,\"createTime\":\"2024-10-14 12:32:44\",\"id\":2,\"name\":\"RPA开发平台\",\"orderNum\":1,\"params\":{},\"parentId\":1,\"updateTime\":\"2024-10-14 15:04:35\"}', '{\"msg\":\"操作成功\",\"code\":200}', 0, NULL, '2024-10-14 15:04:35', 11);
INSERT INTO `sys_oper_log` VALUES (268, '代码生成', 2, 'com.eduflex.generator.controller.GenController.editSave()', 'PUT', 1, 'admin', '研发部门', '/tool/gen', '127.0.0.1', '内网IP', '{\"businessName\":\"chapter\",\"className\":\"CourseChapter\",\"columns\":[{\"capJavaField\":\"Id\",\"columnComment\":\"主键ID\",\"columnId\":84,\"columnName\":\"id\",\"columnType\":\"bigint\",\"createBy\":\"admin\",\"createTime\":\"2024-10-14 11:39:27\",\"dictType\":\"\",\"edit\":false,\"htmlType\":\"input\",\"increment\":true,\"insert\":false,\"isIncrement\":\"1\",\"isInsert\":\"0\",\"isPk\":\"1\",\"isRequired\":\"0\",\"javaField\":\"id\",\"javaType\":\"Long\",\"list\":false,\"params\":{},\"pk\":true,\"query\":false,\"queryType\":\"EQ\",\"required\":false,\"sort\":1,\"superColumn\":false,\"tableId\":12,\"updateBy\":\"\",\"updateTime\":\"2024-10-14 11:42:20\",\"usableColumn\":false},{\"capJavaField\":\"CourseId\",\"columnComment\":\"关联课程ID\",\"columnId\":85,\"columnName\":\"course_id\",\"columnType\":\"bigint\",\"createBy\":\"admin\",\"createTime\":\"2024-10-14 11:39:27\",\"dictType\":\"\",\"edit\":true,\"htmlType\":\"input\",\"increment\":false,\"insert\":true,\"isEdit\":\"1\",\"isIncrement\":\"0\",\"isInsert\":\"1\",\"isList\":\"0\",\"isPk\":\"0\",\"isQuery\":\"0\",\"isRequired\":\"1\",\"javaField\":\"courseId\",\"javaType\":\"Long\",\"list\":false,\"params\":{},\"pk\":false,\"query\":false,\"queryType\":\"EQ\",\"required\":true,\"sort\":2,\"superColumn\":false,\"tableId\":12,\"updateBy\":\"\",\"updateTime\":\"2024-10-14 11:42:20\",\"usableColumn\":false},{\"capJavaField\":\"Name\",\"columnComment\":\"章节名称\",\"columnId\":86,\"columnName\":\"name\",\"columnType\":\"varchar(50)\",\"createBy\":\"admin\",\"createTime\":\"2024-10-14 11:39:27\",\"dictType\":\"\",\"edit\":true,\"htmlType\":\"input\",\"increment\":false,\"insert\":true,\"isEdit\":\"1\",\"isIncrement\":\"0\",\"isInsert\":\"1\",\"isList\":\"1\",\"isPk\":\"0\",\"isQuery\":\"0\",\"isRequired\":\"1\",\"javaField\":\"name\",\"javaType\":\"String\",\"list\":true,\"params\":{},\"pk\":false,\"query\":false,\"queryType\":\"LIKE\",\"required\":true,\"sort\":3,\"superColumn\":false,\"tableId\":12,\"updateBy\":\"\",\"updateTime\":\"2024-10-14 11:42:20\",\"usableColumn\":false},{\"capJavaField\":\"ParentId\",\"columnComment\":\"父级ID\",\"columnId\":87,\"columnName\":\"parentId\",\"columnType\":\"bigint\",\"createBy\":\"admin\",\"createTime\":\"2024-10-14 11:39:27\",\"dictType\":\"\",\"edit\":true,\"htmlType\":\"input\",\"increment\":false,\"insert\":true,\"isEdit\":\"1\",\"i', '{\"msg\":\"操作成功\",\"code\":200}', 0, NULL, '2024-10-14 15:36:14', 64);
INSERT INTO `sys_oper_log` VALUES (269, '代码生成', 8, 'com.eduflex.generator.controller.GenController.batchGenCode()', 'GET', 1, 'admin', '研发部门', '/tool/gen/batchGenCode', '127.0.0.1', '内网IP', '{\"tables\":\"tb_course_chapter\"}', NULL, 0, NULL, '2024-10-14 15:36:20', 148);
INSERT INTO `sys_oper_log` VALUES (270, '课程内容章节管理', 1, 'com.eduflex.manage.controller.CourseChapterController.add()', 'POST', 1, 'admin', '研发部门', '/manage/chapter', '127.0.0.1', '内网IP', '{\"children\":[],\"courseId\":1,\"createTime\":\"2024-10-14 15:47:47\",\"id\":7,\"name\":\"Java Web 框架\",\"orderNum\":3,\"params\":{},\"parentId\":4}', '{\"msg\":\"操作成功\",\"code\":200}', 0, NULL, '2024-10-14 15:47:47', 16);
INSERT INTO `sys_oper_log` VALUES (271, '课程内容章节管理', 1, 'com.eduflex.manage.controller.CourseChapterController.add()', 'POST', 1, 'admin', '研发部门', '/manage/chapter', '127.0.0.1', '内网IP', '{\"children\":[],\"courseId\":1,\"createTime\":\"2024-10-14 16:01:07\",\"id\":8,\"name\":\"111\",\"orderNum\":3,\"params\":{},\"parentId\":1}', '{\"msg\":\"操作成功\",\"code\":200}', 0, NULL, '2024-10-14 16:01:07', 18);
INSERT INTO `sys_oper_log` VALUES (272, '课程内容章节管理', 3, 'com.eduflex.manage.controller.CourseChapterController.remove()', 'DELETE', 1, 'admin', '研发部门', '/manage/chapter/8', '127.0.0.1', '内网IP', '{}', '{\"msg\":\"操作成功\",\"code\":200}', 0, NULL, '2024-10-14 16:20:23', 20);
INSERT INTO `sys_oper_log` VALUES (273, '课程内容章节管理', 1, 'com.eduflex.manage.controller.CourseChapterController.add()', 'POST', 1, 'admin', '研发部门', '/manage/chapter', '127.0.0.1', '内网IP', '{\"children\":[],\"courseId\":1,\"name\":\"Springboot\",\"params\":{}}', NULL, 1, 'Mapper method \'com.eduflex.manage.mapper.CourseChapterMapper.selectMaxOrderNum\' attempted to return null from a method with a primitive return type (int).', '2024-10-14 22:15:05', 9);
INSERT INTO `sys_oper_log` VALUES (274, '课程内容章节管理', 1, 'com.eduflex.manage.controller.CourseChapterController.add()', 'POST', 1, 'admin', '研发部门', '/manage/chapter', '127.0.0.1', '内网IP', '{\"children\":[],\"courseId\":1,\"name\":\"Springboot\",\"params\":{}}', NULL, 1, 'Mapper method \'com.eduflex.manage.mapper.CourseChapterMapper.selectMaxOrderNum\' attempted to return null from a method with a primitive return type (int).', '2024-10-14 22:18:05', 123285);
INSERT INTO `sys_oper_log` VALUES (275, '课程内容章节管理', 1, 'com.eduflex.manage.controller.CourseChapterController.add()', 'POST', 1, 'admin', '研发部门', '/manage/chapter', '127.0.0.1', '内网IP', '{\"children\":[],\"courseId\":1,\"createTime\":\"2024-10-14 22:18:28\",\"id\":9,\"name\":\"Springboot\",\"orderNum\":3,\"params\":{},\"parentId\":0}', '{\"msg\":\"操作成功\",\"code\":200}', 0, NULL, '2024-10-14 22:18:28', 2921);
INSERT INTO `sys_oper_log` VALUES (276, '课程内容章节管理', 1, 'com.eduflex.manage.controller.CourseChapterController.add()', 'POST', 1, 'admin', '研发部门', '/manage/chapter', '127.0.0.1', '内网IP', '{\"children\":[],\"courseId\":1,\"name\":\"Springboot入门\",\"params\":{},\"parentId\":9}', NULL, 1, 'Mapper method \'com.eduflex.manage.mapper.CourseChapterMapper.selectMaxOrderNum\' attempted to return null from a method with a primitive return type (int).', '2024-10-14 22:18:43', 3);
INSERT INTO `sys_oper_log` VALUES (277, '课程内容章节管理', 1, 'com.eduflex.manage.controller.CourseChapterController.add()', 'POST', 1, 'admin', '研发部门', '/manage/chapter', '127.0.0.1', '内网IP', '{\"children\":[],\"courseId\":1,\"name\":\"Springboot入门\",\"params\":{}}', NULL, 1, 'Mapper method \'com.eduflex.manage.mapper.CourseChapterMapper.selectMaxOrderNum\' attempted to return null from a method with a primitive return type (int).', '2024-10-14 22:19:57', 14);
INSERT INTO `sys_oper_log` VALUES (278, '课程内容章节管理', 1, 'com.eduflex.manage.controller.CourseChapterController.add()', 'POST', 1, 'admin', '研发部门', '/manage/chapter', '127.0.0.1', '内网IP', '{\"children\":[],\"courseId\":1,\"name\":\"Springboot入门\",\"params\":{}}', NULL, 1, 'Mapper method \'com.eduflex.manage.mapper.CourseChapterMapper.selectMaxOrderNum\' attempted to return null from a method with a primitive return type (int).', '2024-10-14 22:20:04', 2);
INSERT INTO `sys_oper_log` VALUES (279, '课程内容章节管理', 1, 'com.eduflex.manage.controller.CourseChapterController.add()', 'POST', 1, 'admin', '研发部门', '/manage/chapter', '127.0.0.1', '内网IP', '{\"children\":[],\"courseId\":1,\"name\":\"Springboot入门\",\"params\":{}}', NULL, 1, 'Mapper method \'com.eduflex.manage.mapper.CourseChapterMapper.selectMaxOrderNum\' attempted to return null from a method with a primitive return type (int).', '2024-10-14 22:21:13', 58761);
INSERT INTO `sys_oper_log` VALUES (280, '课程内容章节管理', 1, 'com.eduflex.manage.controller.CourseChapterController.add()', 'POST', 1, 'admin', '研发部门', '/manage/chapter', '127.0.0.1', '内网IP', '{\"children\":[],\"courseId\":1,\"name\":\"Springboot入门\",\"params\":{}}', NULL, 1, 'Mapper method \'com.eduflex.manage.mapper.CourseChapterMapper.selectMaxOrderNum\' attempted to return null from a method with a primitive return type (int).', '2024-10-14 22:25:32', 248297);
INSERT INTO `sys_oper_log` VALUES (281, '课程内容章节管理', 1, 'com.eduflex.manage.controller.CourseChapterController.add()', 'POST', 1, 'admin', '研发部门', '/manage/chapter', '127.0.0.1', '内网IP', '{\"children\":[],\"courseId\":1,\"name\":\"Springboot入门\",\"params\":{},\"parentId\":9}', NULL, 1, 'Mapper method \'com.eduflex.manage.mapper.CourseChapterMapper.selectMaxOrderNum\' attempted to return null from a method with a primitive return type (int).', '2024-10-14 22:26:09', 6824);
INSERT INTO `sys_oper_log` VALUES (282, '课程内容章节管理', 1, 'com.eduflex.manage.controller.CourseChapterController.add()', 'POST', 1, 'admin', '研发部门', '/manage/chapter', '127.0.0.1', '内网IP', '{\"children\":[],\"courseId\":1,\"name\":\"Springboot入门\",\"params\":{},\"parentId\":9}', NULL, 1, 'Mapper method \'com.eduflex.manage.mapper.CourseChapterMapper.selectMaxOrderNum\' attempted to return null from a method with a primitive return type (int).', '2024-10-14 22:27:05', 11);
INSERT INTO `sys_oper_log` VALUES (283, '课程内容章节管理', 1, 'com.eduflex.manage.controller.CourseChapterController.add()', 'POST', 1, 'admin', '研发部门', '/manage/chapter', '127.0.0.1', '内网IP', '{\"children\":[],\"courseId\":1,\"name\":\"Springboot入门\",\"params\":{},\"parentId\":9}', NULL, 1, 'Mapper method \'com.eduflex.manage.mapper.CourseChapterMapper.selectMaxOrderNum\' attempted to return null from a method with a primitive return type (int).', '2024-10-14 22:27:06', 2);
INSERT INTO `sys_oper_log` VALUES (284, '课程内容章节管理', 1, 'com.eduflex.manage.controller.CourseChapterController.add()', 'POST', 1, 'admin', '研发部门', '/manage/chapter', '127.0.0.1', '内网IP', '{\"children\":[],\"courseId\":1,\"name\":\"Springboot入门\",\"params\":{},\"parentId\":9}', NULL, 1, 'Mapper method \'com.eduflex.manage.mapper.CourseChapterMapper.selectMaxOrderNum\' attempted to return null from a method with a primitive return type (int).', '2024-10-14 22:39:23', 3);
INSERT INTO `sys_oper_log` VALUES (285, '课程内容章节管理', 1, 'com.eduflex.manage.controller.CourseChapterController.add()', 'POST', 1, 'admin', '研发部门', '/manage/chapter', '127.0.0.1', '内网IP', '{\"children\":[],\"courseId\":1,\"name\":\"Springboot入门\",\"params\":{},\"parentId\":9}', NULL, 1, 'Mapper method \'com.eduflex.manage.mapper.CourseChapterMapper.selectMaxOrderNum\' attempted to return null from a method with a primitive return type (int).', '2024-10-14 22:40:01', 30730);
INSERT INTO `sys_oper_log` VALUES (286, '课程内容章节管理', 1, 'com.eduflex.manage.controller.CourseChapterController.add()', 'POST', 1, 'admin', '研发部门', '/manage/chapter', '127.0.0.1', '内网IP', '{\"children\":[],\"courseId\":1,\"name\":\"Springboot入门\",\"params\":{},\"parentId\":9}', NULL, 1, 'Mapper method \'com.eduflex.manage.mapper.CourseChapterMapper.selectMaxOrderNum\' attempted to return null from a method with a primitive return type (int).', '2024-10-14 22:41:41', 2958);
INSERT INTO `sys_oper_log` VALUES (287, '课程内容章节管理', 1, 'com.eduflex.manage.controller.CourseChapterController.add()', 'POST', 1, 'admin', '研发部门', '/manage/chapter', '127.0.0.1', '内网IP', '{\"children\":[],\"courseId\":1,\"createTime\":\"2024-10-14 22:58:23\",\"id\":10,\"name\":\"Springboot入门\",\"orderNum\":1,\"params\":{},\"parentId\":9}', '{\"msg\":\"操作成功\",\"code\":200}', 0, NULL, '2024-10-14 22:58:23', 21);
INSERT INTO `sys_oper_log` VALUES (288, '代码生成', 2, 'com.eduflex.generator.controller.GenController.editSave()', 'PUT', 1, 'admin', '研发部门', '/tool/gen', '127.0.0.1', '内网IP', '{\"businessName\":\"course\",\"className\":\"Course\",\"columns\":[{\"capJavaField\":\"Id\",\"columnComment\":\"课程ID\",\"columnId\":46,\"columnName\":\"id\",\"columnType\":\"bigint\",\"createBy\":\"admin\",\"createTime\":\"2024-10-10 20:50:07\",\"dictType\":\"\",\"edit\":false,\"htmlType\":\"input\",\"increment\":true,\"insert\":false,\"isIncrement\":\"1\",\"isInsert\":\"0\",\"isPk\":\"1\",\"isRequired\":\"0\",\"javaField\":\"id\",\"javaType\":\"Long\",\"list\":false,\"params\":{},\"pk\":true,\"query\":false,\"queryType\":\"EQ\",\"required\":false,\"sort\":1,\"superColumn\":false,\"tableId\":7,\"updateBy\":\"\",\"updateTime\":\"2024-10-11 14:54:38\",\"usableColumn\":false},{\"capJavaField\":\"Name\",\"columnComment\":\"课程名称\",\"columnId\":47,\"columnName\":\"name\",\"columnType\":\"varchar(100)\",\"createBy\":\"admin\",\"createTime\":\"2024-10-10 20:50:07\",\"dictType\":\"\",\"edit\":true,\"htmlType\":\"input\",\"increment\":false,\"insert\":true,\"isEdit\":\"1\",\"isIncrement\":\"0\",\"isInsert\":\"1\",\"isList\":\"1\",\"isPk\":\"0\",\"isQuery\":\"1\",\"isRequired\":\"1\",\"javaField\":\"name\",\"javaType\":\"String\",\"list\":true,\"params\":{},\"pk\":false,\"query\":true,\"queryType\":\"LIKE\",\"required\":true,\"sort\":2,\"superColumn\":false,\"tableId\":7,\"updateBy\":\"\",\"updateTime\":\"2024-10-11 14:54:38\",\"usableColumn\":false},{\"capJavaField\":\"Description\",\"columnComment\":\"课程描述\",\"columnId\":48,\"columnName\":\"description\",\"columnType\":\"text\",\"createBy\":\"admin\",\"createTime\":\"2024-10-10 20:50:07\",\"dictType\":\"\",\"edit\":true,\"htmlType\":\"textarea\",\"increment\":false,\"insert\":true,\"isEdit\":\"1\",\"isIncrement\":\"0\",\"isInsert\":\"1\",\"isList\":\"0\",\"isPk\":\"0\",\"isQuery\":\"0\",\"isRequired\":\"0\",\"javaField\":\"description\",\"javaType\":\"String\",\"list\":false,\"params\":{},\"pk\":false,\"query\":false,\"queryType\":\"EQ\",\"required\":false,\"sort\":3,\"superColumn\":false,\"tableId\":7,\"updateBy\":\"\",\"updateTime\":\"2024-10-11 14:54:38\",\"usableColumn\":false},{\"capJavaField\":\"TeacherId\",\"columnComment\":\"任课老师ID\",\"columnId\":49,\"columnName\":\"teacher_id\",\"columnType\":\"bigint\",\"createBy\":\"admin\",\"createTime\":\"2024-10-10 20:50:08\",\"dictType\":\"\",\"edit\":true,\"htmlType\":\"input\",\"increment\":false,\"insert\":true,\"isEdit\":\"1', '{\"msg\":\"操作成功\",\"code\":200}', 0, NULL, '2024-10-14 23:05:54', 44);
INSERT INTO `sys_oper_log` VALUES (289, '代码生成', 8, 'com.eduflex.generator.controller.GenController.batchGenCode()', 'GET', 1, 'admin', '研发部门', '/tool/gen/batchGenCode', '127.0.0.1', '内网IP', '{\"tables\":\"tb_course\"}', NULL, 0, NULL, '2024-10-14 23:06:05', 128);
INSERT INTO `sys_oper_log` VALUES (290, '代码生成', 2, 'com.eduflex.generator.controller.GenController.editSave()', 'PUT', 1, 'admin', '研发部门', '/tool/gen', '127.0.0.1', '内网IP', '{\"businessName\":\"course\",\"className\":\"Course\",\"columns\":[{\"capJavaField\":\"Id\",\"columnComment\":\"课程ID\",\"columnId\":46,\"columnName\":\"id\",\"columnType\":\"bigint\",\"createBy\":\"admin\",\"createTime\":\"2024-10-10 20:50:07\",\"dictType\":\"\",\"edit\":false,\"htmlType\":\"input\",\"increment\":true,\"insert\":false,\"isIncrement\":\"1\",\"isInsert\":\"0\",\"isPk\":\"1\",\"isRequired\":\"0\",\"javaField\":\"id\",\"javaType\":\"Long\",\"list\":false,\"params\":{},\"pk\":true,\"query\":false,\"queryType\":\"EQ\",\"required\":false,\"sort\":1,\"superColumn\":false,\"tableId\":7,\"updateBy\":\"\",\"updateTime\":\"2024-10-14 23:05:54\",\"usableColumn\":false},{\"capJavaField\":\"Name\",\"columnComment\":\"课程名称\",\"columnId\":47,\"columnName\":\"name\",\"columnType\":\"varchar(100)\",\"createBy\":\"admin\",\"createTime\":\"2024-10-10 20:50:07\",\"dictType\":\"\",\"edit\":true,\"htmlType\":\"input\",\"increment\":false,\"insert\":true,\"isEdit\":\"1\",\"isIncrement\":\"0\",\"isInsert\":\"1\",\"isList\":\"1\",\"isPk\":\"0\",\"isQuery\":\"1\",\"isRequired\":\"1\",\"javaField\":\"name\",\"javaType\":\"String\",\"list\":true,\"params\":{},\"pk\":false,\"query\":true,\"queryType\":\"LIKE\",\"required\":true,\"sort\":2,\"superColumn\":false,\"tableId\":7,\"updateBy\":\"\",\"updateTime\":\"2024-10-14 23:05:54\",\"usableColumn\":false},{\"capJavaField\":\"Description\",\"columnComment\":\"课程描述\",\"columnId\":48,\"columnName\":\"description\",\"columnType\":\"text\",\"createBy\":\"admin\",\"createTime\":\"2024-10-10 20:50:07\",\"dictType\":\"\",\"edit\":true,\"htmlType\":\"textarea\",\"increment\":false,\"insert\":true,\"isEdit\":\"1\",\"isIncrement\":\"0\",\"isInsert\":\"1\",\"isList\":\"0\",\"isPk\":\"0\",\"isQuery\":\"0\",\"isRequired\":\"0\",\"javaField\":\"description\",\"javaType\":\"String\",\"list\":false,\"params\":{},\"pk\":false,\"query\":false,\"queryType\":\"EQ\",\"required\":false,\"sort\":3,\"superColumn\":false,\"tableId\":7,\"updateBy\":\"\",\"updateTime\":\"2024-10-14 23:05:54\",\"usableColumn\":false},{\"capJavaField\":\"TeacherId\",\"columnComment\":\"任课老师ID\",\"columnId\":49,\"columnName\":\"teacher_id\",\"columnType\":\"bigint\",\"createBy\":\"admin\",\"createTime\":\"2024-10-10 20:50:08\",\"dictType\":\"\",\"edit\":true,\"htmlType\":\"input\",\"increment\":false,\"insert\":true,\"isEdit\":\"1', '{\"msg\":\"操作成功\",\"code\":200}', 0, NULL, '2024-10-14 23:22:24', 29);
INSERT INTO `sys_oper_log` VALUES (291, '代码生成', 2, 'com.eduflex.generator.controller.GenController.editSave()', 'PUT', 1, 'admin', '研发部门', '/tool/gen', '127.0.0.1', '内网IP', '{\"businessName\":\"material\",\"className\":\"CourseMaterial\",\"columns\":[{\"capJavaField\":\"Id\",\"columnComment\":\"主键ID\",\"columnId\":80,\"columnName\":\"id\",\"columnType\":\"bigint\",\"createBy\":\"admin\",\"createTime\":\"2024-10-14 11:12:11\",\"dictType\":\"\",\"edit\":false,\"htmlType\":\"input\",\"increment\":true,\"insert\":false,\"isIncrement\":\"1\",\"isInsert\":\"0\",\"isPk\":\"1\",\"isRequired\":\"0\",\"javaField\":\"id\",\"javaType\":\"Long\",\"list\":false,\"params\":{},\"pk\":true,\"query\":false,\"queryType\":\"EQ\",\"required\":false,\"sort\":1,\"superColumn\":false,\"tableId\":11,\"updateBy\":\"\",\"usableColumn\":false},{\"capJavaField\":\"ChapterId\",\"columnComment\":\"关联章节ID\",\"columnId\":81,\"columnName\":\"chapter_id\",\"columnType\":\"bigint\",\"createBy\":\"admin\",\"createTime\":\"2024-10-14 11:12:11\",\"dictType\":\"\",\"edit\":true,\"htmlType\":\"input\",\"increment\":false,\"insert\":true,\"isEdit\":\"1\",\"isIncrement\":\"0\",\"isInsert\":\"1\",\"isList\":\"0\",\"isPk\":\"0\",\"isQuery\":\"0\",\"isRequired\":\"1\",\"javaField\":\"chapterId\",\"javaType\":\"Long\",\"list\":false,\"params\":{},\"pk\":false,\"query\":false,\"queryType\":\"EQ\",\"required\":true,\"sort\":2,\"superColumn\":false,\"tableId\":11,\"updateBy\":\"\",\"usableColumn\":false},{\"capJavaField\":\"Name\",\"columnComment\":\"资料名称\",\"columnId\":82,\"columnName\":\"name\",\"columnType\":\"varchar(100)\",\"createBy\":\"admin\",\"createTime\":\"2024-10-14 11:12:11\",\"dictType\":\"\",\"edit\":true,\"htmlType\":\"input\",\"increment\":false,\"insert\":true,\"isEdit\":\"1\",\"isIncrement\":\"0\",\"isInsert\":\"1\",\"isList\":\"1\",\"isPk\":\"0\",\"isQuery\":\"0\",\"isRequired\":\"1\",\"javaField\":\"name\",\"javaType\":\"String\",\"list\":true,\"params\":{},\"pk\":false,\"query\":false,\"queryType\":\"LIKE\",\"required\":true,\"sort\":3,\"superColumn\":false,\"tableId\":11,\"updateBy\":\"\",\"usableColumn\":false},{\"capJavaField\":\"Url\",\"columnComment\":\"链接\",\"columnId\":83,\"columnName\":\"url\",\"columnType\":\"varchar(100)\",\"createBy\":\"admin\",\"createTime\":\"2024-10-14 11:12:11\",\"dictType\":\"\",\"edit\":true,\"htmlType\":\"input\",\"increment\":false,\"insert\":true,\"isEdit\":\"1\",\"isIncrement\":\"0\",\"isInsert\":\"1\",\"isList\":\"1\",\"isPk\":\"0\",\"isQuery\":\"0\",\"isRequired\":\"1\",\"javaField\":\"url\",\"', '{\"msg\":\"操作成功\",\"code\":200}', 0, NULL, '2024-10-14 23:25:42', 15);
INSERT INTO `sys_oper_log` VALUES (292, '代码生成', 8, 'com.eduflex.generator.controller.GenController.batchGenCode()', 'GET', 1, 'admin', '研发部门', '/tool/gen/batchGenCode', '127.0.0.1', '内网IP', '{\"tables\":\"tb_course_material\"}', NULL, 0, NULL, '2024-10-14 23:26:04', 84);
INSERT INTO `sys_oper_log` VALUES (293, '代码生成', 2, 'com.eduflex.generator.controller.GenController.editSave()', 'PUT', 1, 'admin', '研发部门', '/tool/gen', '127.0.0.1', '内网IP', '{\"businessName\":\"material\",\"className\":\"CourseMaterial\",\"columns\":[{\"capJavaField\":\"Id\",\"columnComment\":\"主键ID\",\"columnId\":80,\"columnName\":\"id\",\"columnType\":\"bigint\",\"createBy\":\"admin\",\"createTime\":\"2024-10-14 11:12:11\",\"dictType\":\"\",\"edit\":false,\"htmlType\":\"input\",\"increment\":true,\"insert\":false,\"isIncrement\":\"1\",\"isInsert\":\"0\",\"isPk\":\"1\",\"isRequired\":\"0\",\"javaField\":\"id\",\"javaType\":\"Long\",\"list\":false,\"params\":{},\"pk\":true,\"query\":false,\"queryType\":\"EQ\",\"required\":false,\"sort\":1,\"superColumn\":false,\"tableId\":11,\"updateBy\":\"\",\"updateTime\":\"2024-10-14 23:25:42\",\"usableColumn\":false},{\"capJavaField\":\"ChapterId\",\"columnComment\":\"关联章节ID\",\"columnId\":81,\"columnName\":\"chapter_id\",\"columnType\":\"bigint\",\"createBy\":\"admin\",\"createTime\":\"2024-10-14 11:12:11\",\"dictType\":\"\",\"edit\":true,\"htmlType\":\"input\",\"increment\":false,\"insert\":true,\"isEdit\":\"1\",\"isIncrement\":\"0\",\"isInsert\":\"1\",\"isList\":\"0\",\"isPk\":\"0\",\"isQuery\":\"0\",\"isRequired\":\"1\",\"javaField\":\"chapterId\",\"javaType\":\"Long\",\"list\":false,\"params\":{},\"pk\":false,\"query\":false,\"queryType\":\"EQ\",\"required\":true,\"sort\":2,\"superColumn\":false,\"tableId\":11,\"updateBy\":\"\",\"updateTime\":\"2024-10-14 23:25:42\",\"usableColumn\":false},{\"capJavaField\":\"Name\",\"columnComment\":\"资料名称\",\"columnId\":82,\"columnName\":\"name\",\"columnType\":\"varchar(100)\",\"createBy\":\"admin\",\"createTime\":\"2024-10-14 11:12:11\",\"dictType\":\"\",\"edit\":true,\"htmlType\":\"input\",\"increment\":false,\"insert\":true,\"isEdit\":\"1\",\"isIncrement\":\"0\",\"isInsert\":\"1\",\"isList\":\"1\",\"isPk\":\"0\",\"isQuery\":\"0\",\"isRequired\":\"1\",\"javaField\":\"name\",\"javaType\":\"String\",\"list\":true,\"params\":{},\"pk\":false,\"query\":false,\"queryType\":\"LIKE\",\"required\":true,\"sort\":3,\"superColumn\":false,\"tableId\":11,\"updateBy\":\"\",\"updateTime\":\"2024-10-14 23:25:42\",\"usableColumn\":false},{\"capJavaField\":\"Url\",\"columnComment\":\"链接\",\"columnId\":83,\"columnName\":\"url\",\"columnType\":\"varchar(100)\",\"createBy\":\"admin\",\"createTime\":\"2024-10-14 11:12:11\",\"dictType\":\"\",\"edit\":true,\"htmlType\":\"fileUpload\",\"increment\":false,\"insert\":true,\"isEdit\":\"', '{\"msg\":\"操作成功\",\"code\":200}', 0, NULL, '2024-10-15 17:19:59', 70);
INSERT INTO `sys_oper_log` VALUES (294, '课程资料', 1, 'com.eduflex.manage.controller.CourseMaterialController.add()', 'POST', 1, 'admin', '研发部门', '/manage/material', '127.0.0.1', '内网IP', '{\"chapterId\":2,\"id\":1,\"name\":\"项目名称\",\"params\":{},\"url\":\"https://eduflex.oss-cn-beijing.aliyuncs.com/eduflex-material/2024/10/15/670e35bf2de8438510f3f17b.txt\"}', '{\"msg\":\"操作成功\",\"code\":200}', 0, NULL, '2024-10-15 17:28:48', 17);
INSERT INTO `sys_oper_log` VALUES (295, '字典类型', 1, 'com.eduflex.web.controller.system.SysDictTypeController.add()', 'POST', 1, 'admin', '研发部门', '/system/dict/type', '127.0.0.1', '内网IP', '{\"createBy\":\"admin\",\"dictName\":\"资料类型\",\"dictType\":\"material_type\",\"params\":{},\"remark\":\"资料类型\",\"status\":\"0\"}', '{\"msg\":\"操作成功\",\"code\":200}', 0, NULL, '2024-10-16 10:40:59', 19);
INSERT INTO `sys_oper_log` VALUES (296, '字典数据', 1, 'com.eduflex.web.controller.system.SysDictDataController.add()', 'POST', 1, 'admin', '研发部门', '/system/dict/data', '127.0.0.1', '内网IP', '{\"createBy\":\"admin\",\"default\":false,\"dictLabel\":\"视频\",\"dictSort\":1,\"dictType\":\"material_type\",\"dictValue\":\"0\",\"listClass\":\"default\",\"params\":{},\"status\":\"0\"}', '{\"msg\":\"操作成功\",\"code\":200}', 0, NULL, '2024-10-16 10:41:16', 11);
INSERT INTO `sys_oper_log` VALUES (297, '字典数据', 1, 'com.eduflex.web.controller.system.SysDictDataController.add()', 'POST', 1, 'admin', '研发部门', '/system/dict/data', '127.0.0.1', '内网IP', '{\"createBy\":\"admin\",\"default\":false,\"dictLabel\":\"图片\",\"dictSort\":2,\"dictType\":\"material_type\",\"dictValue\":\"1\",\"listClass\":\"default\",\"params\":{},\"status\":\"0\"}', '{\"msg\":\"操作成功\",\"code\":200}', 0, NULL, '2024-10-16 10:41:23', 8);
INSERT INTO `sys_oper_log` VALUES (298, '字典数据', 1, 'com.eduflex.web.controller.system.SysDictDataController.add()', 'POST', 1, 'admin', '研发部门', '/system/dict/data', '127.0.0.1', '内网IP', '{\"createBy\":\"admin\",\"default\":false,\"dictLabel\":\"纯文本\",\"dictSort\":3,\"dictType\":\"material_type\",\"dictValue\":\"2\",\"listClass\":\"default\",\"params\":{},\"status\":\"0\"}', '{\"msg\":\"操作成功\",\"code\":200}', 0, NULL, '2024-10-16 10:41:39', 9);
INSERT INTO `sys_oper_log` VALUES (299, '字典数据', 1, 'com.eduflex.web.controller.system.SysDictDataController.add()', 'POST', 1, 'admin', '研发部门', '/system/dict/data', '127.0.0.1', '内网IP', '{\"createBy\":\"admin\",\"default\":false,\"dictLabel\":\"幻灯片\",\"dictSort\":4,\"dictType\":\"material_type\",\"dictValue\":\"3\",\"listClass\":\"default\",\"params\":{},\"status\":\"0\"}', '{\"msg\":\"操作成功\",\"code\":200}', 0, NULL, '2024-10-16 10:41:52', 6);
INSERT INTO `sys_oper_log` VALUES (300, '字典数据', 1, 'com.eduflex.web.controller.system.SysDictDataController.add()', 'POST', 1, 'admin', '研发部门', '/system/dict/data', '127.0.0.1', '内网IP', '{\"createBy\":\"admin\",\"default\":false,\"dictLabel\":\"PDF文档\",\"dictSort\":5,\"dictType\":\"material_type\",\"dictValue\":\"4\",\"listClass\":\"default\",\"params\":{},\"status\":\"0\"}', '{\"msg\":\"操作成功\",\"code\":200}', 0, NULL, '2024-10-16 10:42:02', 9);
INSERT INTO `sys_oper_log` VALUES (301, '课程资料', 1, 'com.eduflex.manage.controller.CourseMaterialController.add()', 'POST', 1, 'admin', '研发部门', '/manage/material', '127.0.0.1', '内网IP', '{\"chapterId\":2,\"id\":2,\"materialType\":\"2\",\"name\":\"111\",\"params\":{},\"url\":\"https://eduflex.oss-cn-beijing.aliyuncs.com/eduflex-material/2024/10/16/670f314c2de8438510f3f180.txt\"}', '{\"msg\":\"操作成功\",\"code\":200}', 0, NULL, '2024-10-16 11:21:56', 15);
INSERT INTO `sys_oper_log` VALUES (302, '课程内容章节管理', 3, 'com.eduflex.manage.controller.CourseChapterController.remove()', 'DELETE', 1, 'admin', '研发部门', '/manage/chapter/1', '127.0.0.1', '内网IP', '{}', NULL, 1, '该章节下存在小节，无法删除！', '2024-10-16 11:44:45', 7);
INSERT INTO `sys_oper_log` VALUES (303, '课程内容章节管理', 3, 'com.eduflex.manage.controller.CourseChapterController.remove()', 'DELETE', 1, 'admin', '研发部门', '/manage/chapter/2', '127.0.0.1', '内网IP', '{}', NULL, 1, '该章节下存在小节，无法删除！', '2024-10-16 11:44:50', 3);
INSERT INTO `sys_oper_log` VALUES (304, '课程内容章节管理', 3, 'com.eduflex.manage.controller.CourseChapterController.remove()', 'DELETE', 1, 'admin', '研发部门', '/manage/chapter/10', '127.0.0.1', '内网IP', '{}', NULL, 1, '该章节下存在小节，无法删除！', '2024-10-16 11:44:59', 2);
INSERT INTO `sys_oper_log` VALUES (305, '课程内容章节管理', 3, 'com.eduflex.manage.controller.CourseChapterController.remove()', 'DELETE', 1, 'admin', '研发部门', '/manage/chapter/10', '127.0.0.1', '内网IP', '{}', NULL, 1, '该章节下存在小节，无法删除！', '2024-10-16 11:47:51', 137572);
INSERT INTO `sys_oper_log` VALUES (306, '课程内容章节管理', 3, 'com.eduflex.manage.controller.CourseChapterController.remove()', 'DELETE', 1, 'admin', '研发部门', '/manage/chapter/1', '127.0.0.1', '内网IP', '{}', NULL, 1, '该章节下存在小节，无法删除！', '2024-10-16 11:49:20', 2542);
INSERT INTO `sys_oper_log` VALUES (307, '课程内容章节管理', 3, 'com.eduflex.manage.controller.CourseChapterController.remove()', 'DELETE', 1, 'admin', '研发部门', '/manage/chapter/2', '127.0.0.1', '内网IP', '{}', NULL, 1, '该章节下存在小节，无法删除！', '2024-10-16 11:49:25', 3);
INSERT INTO `sys_oper_log` VALUES (308, '课程内容章节管理', 3, 'com.eduflex.manage.controller.CourseChapterController.remove()', 'DELETE', 1, 'admin', '研发部门', '/manage/chapter/10', '127.0.0.1', '内网IP', '{}', NULL, 1, '该章节下存在小节，无法删除！', '2024-10-16 11:49:31', 3);
INSERT INTO `sys_oper_log` VALUES (309, '课程内容章节管理', 3, 'com.eduflex.manage.controller.CourseChapterController.remove()', 'DELETE', 1, 'admin', '研发部门', '/manage/chapter/1', '127.0.0.1', '内网IP', '{}', '{\"msg\":\"操作成功\",\"code\":200}', 0, NULL, '2024-10-16 12:14:22', 23);
INSERT INTO `sys_oper_log` VALUES (310, '课程内容章节管理', 1, 'com.eduflex.manage.controller.CourseChapterController.add()', 'POST', 1, 'admin', '研发部门', '/manage/chapter', '127.0.0.1', '内网IP', '{\"children\":[],\"courseId\":1,\"createTime\":\"2024-10-16 12:17:00\",\"id\":11,\"name\":\"软件资源\",\"orderNum\":1,\"params\":{},\"parentId\":0}', '{\"msg\":\"操作成功\",\"code\":200}', 0, NULL, '2024-10-16 12:17:00', 29);
INSERT INTO `sys_oper_log` VALUES (311, '课程内容章节管理', 3, 'com.eduflex.manage.controller.CourseChapterController.remove()', 'DELETE', 1, 'admin', '研发部门', '/manage/chapter/1', '127.0.0.1', '内网IP', '{}', '{\"msg\":\"操作成功\",\"code\":200}', 0, NULL, '2024-10-16 12:17:47', 12);
INSERT INTO `sys_oper_log` VALUES (312, '课程内容章节管理', 1, 'com.eduflex.manage.controller.CourseChapterController.add()', 'POST', 1, 'admin', '研发部门', '/manage/chapter', '127.0.0.1', '内网IP', '{\"children\":[],\"courseId\":1,\"createTime\":\"2024-10-16 12:18:08\",\"id\":12,\"name\":\"软件资源\",\"orderNum\":1,\"params\":{},\"parentId\":0}', '{\"msg\":\"操作成功\",\"code\":200}', 0, NULL, '2024-10-16 12:18:08', 11);
INSERT INTO `sys_oper_log` VALUES (313, '课程内容章节管理', 3, 'com.eduflex.manage.controller.CourseChapterController.remove()', 'DELETE', 1, 'admin', '研发部门', '/manage/chapter/1', '127.0.0.1', '内网IP', '{}', NULL, 1, '该章节下存在小节，无法删除！', '2024-10-16 12:19:59', 9);
INSERT INTO `sys_oper_log` VALUES (314, '课程内容章节管理', 3, 'com.eduflex.manage.controller.CourseChapterController.remove()', 'DELETE', 1, 'admin', '研发部门', '/manage/chapter/3', '127.0.0.1', '内网IP', '{}', NULL, 1, '该章节下存在小节，无法删除！', '2024-10-16 12:20:04', 3);
INSERT INTO `sys_oper_log` VALUES (315, '课程内容章节管理', 3, 'com.eduflex.manage.controller.CourseChapterController.remove()', 'DELETE', 1, 'admin', '研发部门', '/manage/chapter/3', '127.0.0.1', '内网IP', '{}', NULL, 1, '该章节下存在小节，无法删除！', '2024-10-16 12:20:05', 2);
INSERT INTO `sys_oper_log` VALUES (316, '课程内容章节管理', 3, 'com.eduflex.manage.controller.CourseChapterController.remove()', 'DELETE', 1, 'admin', '研发部门', '/manage/chapter/3', '127.0.0.1', '内网IP', '{}', NULL, 1, '该章节下存在小节，无法删除！', '2024-10-16 12:20:15', 4);
INSERT INTO `sys_oper_log` VALUES (317, '课程内容章节管理', 3, 'com.eduflex.manage.controller.CourseChapterController.remove()', 'DELETE', 1, 'admin', '研发部门', '/manage/chapter/3', '127.0.0.1', '内网IP', '{}', NULL, 1, '该章节下存在小节，无法删除！', '2024-10-16 12:21:42', 68103);
INSERT INTO `sys_oper_log` VALUES (318, '课程内容章节管理', 3, 'com.eduflex.manage.controller.CourseChapterController.remove()', 'DELETE', 1, 'admin', '研发部门', '/manage/chapter/3', '127.0.0.1', '内网IP', '{}', NULL, 1, '该章节下存在小节，无法删除！', '2024-10-16 12:23:08', 54108);
INSERT INTO `sys_oper_log` VALUES (319, '课程内容章节管理', 3, 'com.eduflex.manage.controller.CourseChapterController.remove()', 'DELETE', 1, 'admin', '研发部门', '/manage/chapter/3', '127.0.0.1', '内网IP', '{}', NULL, 1, '该章节下存在小节，无法删除！', '2024-10-16 12:23:39', 13469);
INSERT INTO `sys_oper_log` VALUES (320, '课程内容章节管理', 3, 'com.eduflex.manage.controller.CourseChapterController.remove()', 'DELETE', 1, 'admin', '研发部门', '/manage/chapter/3', '127.0.0.1', '内网IP', '{}', NULL, 1, '该章节下存在小节，无法删除！', '2024-10-16 12:23:45', 3);
INSERT INTO `sys_oper_log` VALUES (321, '课程内容章节管理', 3, 'com.eduflex.manage.controller.CourseChapterController.remove()', 'DELETE', 1, 'admin', '研发部门', '/manage/chapter/3', '127.0.0.1', '内网IP', '{}', NULL, 1, '该章节下存在资料，无法删除！', '2024-10-16 12:24:31', 13);
INSERT INTO `sys_oper_log` VALUES (322, '课程内容章节管理', 3, 'com.eduflex.manage.controller.CourseChapterController.remove()', 'DELETE', 1, 'admin', '研发部门', '/manage/chapter/3', '127.0.0.1', '内网IP', '{}', NULL, 1, '该章节下存在资料，无法删除！', '2024-10-16 12:25:38', 47917);
INSERT INTO `sys_oper_log` VALUES (323, '课程内容章节管理', 3, 'com.eduflex.manage.controller.CourseChapterController.remove()', 'DELETE', 1, 'admin', '研发部门', '/manage/chapter/3', '127.0.0.1', '内网IP', '{}', NULL, 1, '该章节下存在资料，无法删除！', '2024-10-16 12:25:43', 6);
INSERT INTO `sys_oper_log` VALUES (324, '课程内容章节管理', 3, 'com.eduflex.manage.controller.CourseChapterController.remove()', 'DELETE', 1, 'admin', '研发部门', '/manage/chapter/3', '127.0.0.1', '内网IP', '{}', NULL, 1, '该章节下存在资料，无法删除！', '2024-10-16 12:26:18', 13);
INSERT INTO `sys_oper_log` VALUES (325, '课程内容章节管理', 3, 'com.eduflex.manage.controller.CourseChapterController.remove()', 'DELETE', 1, 'admin', '研发部门', '/manage/chapter/3', '127.0.0.1', '内网IP', '{}', '{\"msg\":\"操作成功\",\"code\":200}', 0, NULL, '2024-10-16 12:28:01', 18);
INSERT INTO `sys_oper_log` VALUES (326, '课程内容章节管理', 3, 'com.eduflex.manage.controller.CourseChapterController.remove()', 'DELETE', 1, 'admin', '研发部门', '/manage/chapter/2', '127.0.0.1', '内网IP', '{}', NULL, 1, '该章节下存在资料，无法删除！', '2024-10-16 12:28:04', 7);
INSERT INTO `sys_oper_log` VALUES (327, '课程内容章节管理', 3, 'com.eduflex.manage.controller.CourseChapterController.remove()', 'DELETE', 1, 'admin', '研发部门', '/manage/chapter/2', '127.0.0.1', '内网IP', '{}', NULL, 1, '该章节下存在资料，无法删除！', '2024-10-16 12:28:07', 6);
INSERT INTO `sys_oper_log` VALUES (328, '课程内容章节管理', 1, 'com.eduflex.manage.controller.CourseChapterController.add()', 'POST', 1, 'admin', '研发部门', '/manage/chapter', '127.0.0.1', '内网IP', '{\"children\":[],\"courseId\":1,\"createTime\":\"2024-10-16 12:28:31\",\"id\":13,\"name\":\"IDE扩展\",\"orderNum\":1,\"params\":{},\"parentId\":1}', '{\"msg\":\"操作成功\",\"code\":200}', 0, NULL, '2024-10-16 12:28:31', 12);
INSERT INTO `sys_oper_log` VALUES (329, '课程资料', 1, 'com.eduflex.manage.controller.CourseMaterialController.add()', 'POST', 1, 'admin', '研发部门', '/manage/material', '127.0.0.1', '内网IP', '{\"chapterId\":13,\"id\":3,\"materialType\":\"1\",\"name\":\"图片测试\",\"params\":{},\"url\":\"https://eduflex.oss-cn-beijing.aliyuncs.com/eduflex-material/2024/10/16/670f41f741722ea72ae7114c.png\"}', '{\"msg\":\"操作成功\",\"code\":200}', 0, NULL, '2024-10-16 12:33:08', 25);
INSERT INTO `sys_oper_log` VALUES (330, '课程资料', 2, 'com.eduflex.manage.controller.CourseMaterialController.edit()', 'PUT', 1, 'admin', '研发部门', '/manage/material', '127.0.0.1', '内网IP', '{\"chapterId\":2,\"id\":1,\"materialType\":\"2\",\"name\":\"项目名称\",\"params\":{},\"url\":\"https://eduflex.oss-cn-beijing.aliyuncs.com/eduflex-material/2024/10/15/670e35bf2de8438510f3f17b.txt\"}', '{\"msg\":\"操作成功\",\"code\":200}', 0, NULL, '2024-10-16 12:41:42', 6);
INSERT INTO `sys_oper_log` VALUES (331, '课程资料', 2, 'com.eduflex.manage.controller.CourseMaterialController.edit()', 'PUT', 1, 'admin', '研发部门', '/manage/material', '127.0.0.1', '内网IP', '{\"chapterId\":2,\"id\":1,\"materialType\":\"0\",\"name\":\"项目名称\",\"params\":{},\"url\":\"https://eduflex.oss-cn-beijing.aliyuncs.com/eduflex-material/2024/10/15/670e35bf2de8438510f3f17b.txt\"}', '{\"msg\":\"操作成功\",\"code\":200}', 0, NULL, '2024-10-16 12:44:51', 3);
INSERT INTO `sys_oper_log` VALUES (332, '课程资料', 2, 'com.eduflex.manage.controller.CourseMaterialController.edit()', 'PUT', 1, 'admin', '研发部门', '/manage/material', '127.0.0.1', '内网IP', '{\"chapterId\":2,\"id\":1,\"materialType\":\"2\",\"name\":\"项目名称\",\"params\":{},\"url\":\"https://eduflex.oss-cn-beijing.aliyuncs.com/eduflex-material/2024/10/15/670e35bf2de8438510f3f17b.txt\"}', '{\"msg\":\"操作成功\",\"code\":200}', 0, NULL, '2024-10-16 12:44:56', 5);
INSERT INTO `sys_oper_log` VALUES (333, '课程资料', 1, 'com.eduflex.manage.controller.CourseMaterialController.add()', 'POST', 1, 'admin', '研发部门', '/manage/material', '127.0.0.1', '内网IP', '{\"chapterId\":2,\"id\":4,\"materialType\":\"0\",\"name\":\"视频1\",\"params\":{},\"url\":\"https://eduflex.oss-cn-beijing.aliyuncs.com/eduflex-material/2024/10/16/670f49d341722ea72ae7114d.mp4\"}', '{\"msg\":\"操作成功\",\"code\":200}', 0, NULL, '2024-10-16 13:06:36', 9);
INSERT INTO `sys_oper_log` VALUES (334, '课程资料', 2, 'com.eduflex.manage.controller.CourseMaterialController.edit()', 'PUT', 1, 'admin', '研发部门', '/manage/material', '127.0.0.1', '内网IP', '{\"chapterId\":2,\"id\":1,\"materialType\":\"0\",\"name\":\"项目名称\",\"params\":{},\"url\":\"https://eduflex.oss-cn-beijing.aliyuncs.com/eduflex-material/2024/10/15/670e35bf2de8438510f3f17b.txt\"}', '{\"msg\":\"操作成功\",\"code\":200}', 0, NULL, '2024-10-16 13:17:29', 3);
INSERT INTO `sys_oper_log` VALUES (335, '课程资料', 2, 'com.eduflex.manage.controller.CourseMaterialController.edit()', 'PUT', 1, 'admin', '研发部门', '/manage/material', '127.0.0.1', '内网IP', '{\"chapterId\":2,\"id\":1,\"materialType\":\"2\",\"name\":\"项目名称\",\"params\":{},\"url\":\"https://eduflex.oss-cn-beijing.aliyuncs.com/eduflex-material/2024/10/15/670e35bf2de8438510f3f17b.txt\"}', '{\"msg\":\"操作成功\",\"code\":200}', 0, NULL, '2024-10-16 13:17:50', 4);
INSERT INTO `sys_oper_log` VALUES (336, '课程资料', 2, 'com.eduflex.manage.controller.CourseMaterialController.edit()', 'PUT', 1, 'admin', '研发部门', '/manage/material', '127.0.0.1', '内网IP', '{\"chapterId\":2,\"id\":1,\"materialType\":\"2\",\"name\":\"项目名称\",\"params\":{},\"url\":\"https://eduflex.oss-cn-beijing.aliyuncs.com/eduflex-material/2024/10/15/670e35bf2de8438510f3f17b.txt\"}', '{\"msg\":\"操作成功\",\"code\":200}', 0, NULL, '2024-10-16 13:19:54', 3);
INSERT INTO `sys_oper_log` VALUES (337, '课程资料', 2, 'com.eduflex.manage.controller.CourseMaterialController.edit()', 'PUT', 1, 'admin', '研发部门', '/manage/material', '127.0.0.1', '内网IP', '{\"chapterId\":2,\"id\":1,\"materialType\":\"2\",\"name\":\"项目名称\",\"params\":{},\"url\":\"https://eduflex.oss-cn-beijing.aliyuncs.com/eduflex-material/2024/10/15/670e35bf2de8438510f3f17b.txt\"}', '{\"msg\":\"操作成功\",\"code\":200}', 0, NULL, '2024-10-16 13:20:08', 3);
INSERT INTO `sys_oper_log` VALUES (338, '课程资料', 2, 'com.eduflex.manage.controller.CourseMaterialController.edit()', 'PUT', 1, 'admin', '研发部门', '/manage/material', '127.0.0.1', '内网IP', '{\"chapterId\":2,\"id\":1,\"materialType\":\"2\",\"name\":\"项目名称\",\"params\":{},\"url\":\"https://eduflex.oss-cn-beijing.aliyuncs.com/eduflex-material/2024/10/15/670e35bf2de8438510f3f17b.txt\"}', '{\"msg\":\"操作成功\",\"code\":200}', 0, NULL, '2024-10-16 13:20:29', 3);
INSERT INTO `sys_oper_log` VALUES (339, '课程资料', 2, 'com.eduflex.manage.controller.CourseMaterialController.edit()', 'PUT', 1, 'admin', '研发部门', '/manage/material', '127.0.0.1', '内网IP', '{\"chapterId\":2,\"id\":1,\"materialType\":\"2\",\"name\":\"项目名称\",\"params\":{},\"url\":\"https://eduflex.oss-cn-beijing.aliyuncs.com/eduflex-material/2024/10/15/670e35bf2de8438510f3f17b.txt\"}', '{\"msg\":\"操作成功\",\"code\":200}', 0, NULL, '2024-10-16 13:20:48', 3);
INSERT INTO `sys_oper_log` VALUES (340, '课程资料', 2, 'com.eduflex.manage.controller.CourseMaterialController.edit()', 'PUT', 1, 'admin', '研发部门', '/manage/material', '127.0.0.1', '内网IP', '{\"chapterId\":2,\"id\":2,\"materialType\":\"2\",\"name\":\"111\",\"params\":{},\"url\":\"https://eduflex.oss-cn-beijing.aliyuncs.com/eduflex-material/2024/10/16/670f314c2de8438510f3f180.txt\"}', '{\"msg\":\"操作成功\",\"code\":200}', 0, NULL, '2024-10-16 13:48:29', 5);
INSERT INTO `sys_oper_log` VALUES (341, '课程资料', 2, 'com.eduflex.manage.controller.CourseMaterialController.edit()', 'PUT', 1, 'admin', '研发部门', '/manage/material', '127.0.0.1', '内网IP', '{\"chapterId\":2,\"id\":2,\"materialType\":\"2\",\"name\":\"222\",\"params\":{},\"url\":\"https://eduflex.oss-cn-beijing.aliyuncs.com/eduflex-material/2024/10/16/670f314c2de8438510f3f180.txt\"}', '{\"msg\":\"操作成功\",\"code\":200}', 0, NULL, '2024-10-16 13:51:02', 3);
INSERT INTO `sys_oper_log` VALUES (342, '课程资料', 2, 'com.eduflex.manage.controller.CourseMaterialController.edit()', 'PUT', 1, 'admin', '研发部门', '/manage/material', '127.0.0.1', '内网IP', '{\"chapterId\":2,\"id\":2,\"materialType\":\"2\",\"name\":\"111\",\"params\":{},\"url\":\"https://eduflex.oss-cn-beijing.aliyuncs.com/eduflex-material/2024/10/16/670f314c2de8438510f3f180.txt\"}', '{\"msg\":\"操作成功\",\"code\":200}', 0, NULL, '2024-10-16 13:51:49', 6);
INSERT INTO `sys_oper_log` VALUES (343, '角色管理', 2, 'com.eduflex.web.controller.system.SysRoleController.edit()', 'PUT', 1, 'admin', '研发部门', '/system/role', '127.0.0.1', '内网IP', '{\"admin\":false,\"createTime\":\"2024-10-05 23:47:42\",\"dataScope\":\"1\",\"delFlag\":\"0\",\"deptCheckStrictly\":true,\"flag\":false,\"menuCheckStrictly\":true,\"menuIds\":[2031,2032,2033,2034,2035,2036,2037],\"params\":{},\"remark\":\"教师\",\"roleId\":3,\"roleKey\":\"teacher\",\"roleName\":\"教师\",\"roleSort\":3,\"status\":\"0\",\"updateBy\":\"admin\"}', '{\"msg\":\"操作成功\",\"code\":200}', 0, NULL, '2024-10-16 22:56:13', 58);
INSERT INTO `sys_oper_log` VALUES (344, '角色管理', 2, 'com.eduflex.web.controller.system.SysRoleController.edit()', 'PUT', 1, 'admin', '研发部门', '/system/role', '127.0.0.1', '内网IP', '{\"admin\":false,\"createTime\":\"2024-10-05 23:47:42\",\"dataScope\":\"1\",\"delFlag\":\"0\",\"deptCheckStrictly\":true,\"flag\":false,\"menuCheckStrictly\":true,\"menuIds\":[2031,2032,2033,2034,2035,2036,2037],\"params\":{},\"remark\":\"教师\",\"roleId\":3,\"roleKey\":\"teacher\",\"roleName\":\"教师\",\"roleSort\":3,\"status\":\"0\",\"updateBy\":\"admin\"}', '{\"msg\":\"操作成功\",\"code\":200}', 0, NULL, '2024-10-16 22:57:48', 24);
INSERT INTO `sys_oper_log` VALUES (345, '代码生成', 8, 'com.eduflex.generator.controller.GenController.batchGenCode()', 'GET', 1, 'admin', '研发部门', '/tool/gen/batchGenCode', '127.0.0.1', '内网IP', '{\"tables\":\"tb_course_chapter\"}', NULL, 0, NULL, '2024-10-16 23:04:20', 294);
INSERT INTO `sys_oper_log` VALUES (346, '代码生成', 8, 'com.eduflex.generator.controller.GenController.batchGenCode()', 'GET', 1, 'admin', '研发部门', '/tool/gen/batchGenCode', '127.0.0.1', '内网IP', '{\"tables\":\"tb_course_material\"}', NULL, 0, NULL, '2024-10-16 23:05:26', 109);
INSERT INTO `sys_oper_log` VALUES (347, '菜单管理', 2, 'com.eduflex.web.controller.system.SysMenuController.edit()', 'PUT', 1, 'admin', '研发部门', '/system/menu', '127.0.0.1', '内网IP', '{\"children\":[],\"component\":\"manage/chapter/index\",\"createTime\":\"2024-10-16 23:05:06\",\"icon\":\"#\",\"isCache\":\"0\",\"isFrame\":\"1\",\"menuId\":2044,\"menuName\":\"课程内容章节管理\",\"menuType\":\"C\",\"orderNum\":1,\"params\":{},\"parentId\":2032,\"path\":\"chapter\",\"perms\":\"manage:chapter:list\",\"routeName\":\"\",\"status\":\"0\",\"updateBy\":\"admin\",\"visible\":\"1\"}', '{\"msg\":\"操作成功\",\"code\":200}', 0, NULL, '2024-10-16 23:07:06', 18);
INSERT INTO `sys_oper_log` VALUES (348, '菜单管理', 2, 'com.eduflex.web.controller.system.SysMenuController.edit()', 'PUT', 1, 'admin', '研发部门', '/system/menu', '127.0.0.1', '内网IP', '{\"children\":[],\"component\":\"manage/chapter/index\",\"createTime\":\"2024-10-16 23:05:06\",\"icon\":\"#\",\"isCache\":\"0\",\"isFrame\":\"1\",\"menuId\":2044,\"menuName\":\"课程内容章节管理\",\"menuType\":\"C\",\"orderNum\":1,\"params\":{},\"parentId\":2031,\"path\":\"chapter\",\"perms\":\"manage:chapter:list\",\"routeName\":\"\",\"status\":\"0\",\"updateBy\":\"admin\",\"visible\":\"1\"}', '{\"msg\":\"操作成功\",\"code\":200}', 0, NULL, '2024-10-16 23:07:37', 8);
INSERT INTO `sys_oper_log` VALUES (349, '菜单管理', 2, 'com.eduflex.web.controller.system.SysMenuController.edit()', 'PUT', 1, 'admin', '研发部门', '/system/menu', '127.0.0.1', '内网IP', '{\"children\":[],\"component\":\"manage/chapter/index\",\"createTime\":\"2024-10-16 23:05:06\",\"icon\":\"#\",\"isCache\":\"0\",\"isFrame\":\"1\",\"menuId\":2044,\"menuName\":\"课程内容章节管理\",\"menuType\":\"C\",\"orderNum\":2,\"params\":{},\"parentId\":2031,\"path\":\"chapter\",\"perms\":\"manage:chapter:list\",\"routeName\":\"\",\"status\":\"0\",\"updateBy\":\"admin\",\"visible\":\"1\"}', '{\"msg\":\"操作成功\",\"code\":200}', 0, NULL, '2024-10-16 23:07:46', 7);
INSERT INTO `sys_oper_log` VALUES (350, '菜单管理', 2, 'com.eduflex.web.controller.system.SysMenuController.edit()', 'PUT', 1, 'admin', '研发部门', '/system/menu', '127.0.0.1', '内网IP', '{\"children\":[],\"component\":\"manage/material/index\",\"createTime\":\"2024-10-16 23:05:51\",\"icon\":\"#\",\"isCache\":\"0\",\"isFrame\":\"1\",\"menuId\":2050,\"menuName\":\"课程资料\",\"menuType\":\"C\",\"orderNum\":3,\"params\":{},\"parentId\":2031,\"path\":\"material\",\"perms\":\"manage:material:list\",\"routeName\":\"\",\"status\":\"0\",\"updateBy\":\"admin\",\"visible\":\"1\"}', '{\"msg\":\"操作成功\",\"code\":200}', 0, NULL, '2024-10-16 23:07:53', 7);
INSERT INTO `sys_oper_log` VALUES (351, '角色管理', 2, 'com.eduflex.web.controller.system.SysRoleController.edit()', 'PUT', 1, 'admin', '研发部门', '/system/role', '127.0.0.1', '内网IP', '{\"admin\":false,\"createTime\":\"2024-10-05 23:47:42\",\"dataScope\":\"1\",\"delFlag\":\"0\",\"deptCheckStrictly\":true,\"flag\":false,\"menuCheckStrictly\":true,\"menuIds\":[2031,2032,2033,2034,2035,2036,2037,2044,2045,2046,2047,2048,2049,2050,2051,2052,2053,2054,2055],\"params\":{},\"remark\":\"教师\",\"roleId\":3,\"roleKey\":\"teacher\",\"roleName\":\"教师\",\"roleSort\":3,\"status\":\"0\",\"updateBy\":\"admin\"}', '{\"msg\":\"操作成功\",\"code\":200}', 0, NULL, '2024-10-16 23:08:21', 21);
INSERT INTO `sys_oper_log` VALUES (352, '课程资料', 2, 'com.eduflex.manage.controller.CourseMaterialController.edit()', 'PUT', 1, 'admin', '研发部门', '/manage/material', '127.0.0.1', '内网IP', '{\"chapterId\":2,\"id\":1,\"materialType\":\"2\",\"name\":\"项目名称1\",\"params\":{},\"url\":\"https://eduflex.oss-cn-beijing.aliyuncs.com/eduflex-material/2024/10/15/670e35bf2de8438510f3f17b.txt\"}', '{\"msg\":\"操作成功\",\"code\":200}', 0, NULL, '2024-10-16 23:14:27', 8);
INSERT INTO `sys_oper_log` VALUES (353, '课程资料', 2, 'com.eduflex.manage.controller.CourseMaterialController.edit()', 'PUT', 1, 'admin', '研发部门', '/manage/material', '127.0.0.1', '内网IP', '{\"chapterId\":2,\"id\":1,\"materialType\":\"2\",\"name\":\"项目名称\",\"params\":{},\"url\":\"https://eduflex.oss-cn-beijing.aliyuncs.com/eduflex-material/2024/10/15/670e35bf2de8438510f3f17b.txt\"}', '{\"msg\":\"操作成功\",\"code\":200}', 0, NULL, '2024-10-16 23:15:08', 3);
INSERT INTO `sys_oper_log` VALUES (354, '课程资料', 2, 'com.eduflex.manage.controller.CourseMaterialController.edit()', 'PUT', 1, 'zhangsan', NULL, '/manage/material', '127.0.0.1', '内网IP', '{\"chapterId\":2,\"id\":1,\"materialType\":\"2\",\"name\":\"项目名称1\",\"params\":{},\"url\":\"https://eduflex.oss-cn-beijing.aliyuncs.com/eduflex-material/2024/10/15/670e35bf2de8438510f3f17b.txt\"}', '{\"msg\":\"操作成功\",\"code\":200}', 0, NULL, '2024-10-16 23:59:30', 15);
INSERT INTO `sys_oper_log` VALUES (355, '课程资料', 2, 'com.eduflex.manage.controller.CourseMaterialController.edit()', 'PUT', 1, 'zhangsan', NULL, '/manage/material', '127.0.0.1', '内网IP', '{\"chapterId\":2,\"id\":1,\"materialType\":\"2\",\"name\":\"项目名称\",\"params\":{},\"url\":\"https://eduflex.oss-cn-beijing.aliyuncs.com/eduflex-material/2024/10/15/670e35bf2de8438510f3f17b.txt\"}', '{\"msg\":\"操作成功\",\"code\":200}', 0, NULL, '2024-10-16 23:59:48', 4);
INSERT INTO `sys_oper_log` VALUES (356, '课程资料', 3, 'com.eduflex.manage.controller.CourseMaterialController.remove()', 'DELETE', 1, 'admin', '研发部门', '/manage/material/2', '127.0.0.1', '内网IP', '{}', NULL, 1, 'Cannot invoke \"com.eduflex.manage.domain.CourseMaterial.getChapterId()\" because \"courseMaterial\" is null', '2024-10-17 11:10:54', 19);
INSERT INTO `sys_oper_log` VALUES (357, '课程资料', 3, 'com.eduflex.manage.controller.CourseMaterialController.remove()', 'DELETE', 1, 'admin', '研发部门', '/manage/material/2', '127.0.0.1', '内网IP', '{}', '{\"msg\":\"操作失败\",\"code\":500}', 0, NULL, '2024-10-17 11:11:10', 3);
INSERT INTO `sys_oper_log` VALUES (358, '课程资料', 3, 'com.eduflex.manage.controller.CourseMaterialController.remove()', 'DELETE', 1, 'admin', '研发部门', '/manage/material/4', '127.0.0.1', '内网IP', '{}', NULL, 1, 'Cannot invoke \"com.eduflex.manage.domain.CourseMaterial.getChapterId()\" because \"courseMaterial\" is null', '2024-10-17 11:12:18', 10);
INSERT INTO `sys_oper_log` VALUES (359, '课程资料', 1, 'com.eduflex.manage.controller.CourseMaterialController.add()', 'POST', 1, 'admin', '研发部门', '/manage/material', '127.0.0.1', '内网IP', '{\"chapterId\":2,\"id\":5,\"materialType\":\"2\",\"name\":\"1111\",\"params\":{},\"url\":\"https://eduflex.oss-cn-beijing.aliyuncs.com/eduflex-material/2024/10/17/671081644172883fc73850b5.txt\"}', '{\"msg\":\"操作成功\",\"code\":200}', 0, NULL, '2024-10-17 11:15:50', 33);
INSERT INTO `sys_oper_log` VALUES (360, '课程资料', 3, 'com.eduflex.manage.controller.CourseMaterialController.remove()', 'DELETE', 1, 'admin', '研发部门', '/manage/material/5', '127.0.0.1', '内网IP', '{}', NULL, 1, 'Cannot invoke \"com.eduflex.manage.domain.CourseMaterial.getChapterId()\" because \"courseMaterial\" is null', '2024-10-17 11:18:13', 134961);
INSERT INTO `sys_oper_log` VALUES (361, '课程资料', 3, 'com.eduflex.manage.controller.CourseMaterialController.remove()', 'DELETE', 1, 'admin', '研发部门', '/manage/material/5', '127.0.0.1', '内网IP', '{}', NULL, 1, 'Cannot invoke \"com.eduflex.manage.domain.CourseMaterial.getChapterId()\" because \"courseMaterial\" is null', '2024-10-17 11:19:44', 82808);
INSERT INTO `sys_oper_log` VALUES (362, '课程资料', 3, 'com.eduflex.manage.controller.CourseMaterialController.remove()', 'DELETE', 1, 'admin', '研发部门', '/manage/material/5', '127.0.0.1', '内网IP', '{}', NULL, 1, 'Cannot invoke \"com.eduflex.manage.domain.CourseMaterial.getChapterId()\" because \"courseMaterial\" is null', '2024-10-17 11:36:17', 917394);
INSERT INTO `sys_oper_log` VALUES (363, '课程资料', 3, 'com.eduflex.manage.controller.CourseMaterialController.remove()', 'DELETE', 1, 'admin', '研发部门', '/manage/material/5', '127.0.0.1', '内网IP', '{}', '{\"msg\":\"操作成功\",\"code\":200}', 0, NULL, '2024-10-17 11:38:19', 75390);
INSERT INTO `sys_oper_log` VALUES (364, '课程资料', 3, 'com.eduflex.manage.controller.CourseMaterialController.remove()', 'DELETE', 1, 'admin', '研发部门', '/manage/material/5', '127.0.0.1', '内网IP', '{}', NULL, 1, 'Cannot invoke \"com.eduflex.manage.domain.CourseMaterial.getChapterId()\" because the return value of \"com.eduflex.manage.mapper.CourseMaterialMapper.selectCourseMaterialById(java.lang.Long)\" is null', '2024-10-17 11:38:24', 6);
INSERT INTO `sys_oper_log` VALUES (365, '课程资料', 1, 'com.eduflex.manage.controller.CourseMaterialController.add()', 'POST', 1, 'admin', '研发部门', '/manage/material', '127.0.0.1', '内网IP', '{\"chapterId\":2,\"id\":6,\"materialType\":\"2\",\"name\":\"1111\",\"params\":{},\"url\":\"https://eduflex.oss-cn-beijing.aliyuncs.com/eduflex-material/2024/10/17/671086c8417264a2b6b6319c.txt\"}', '{\"msg\":\"操作成功\",\"code\":200}', 0, NULL, '2024-10-17 11:38:50', 14);
INSERT INTO `sys_oper_log` VALUES (366, '课程资料', 3, 'com.eduflex.manage.controller.CourseMaterialController.remove()', 'DELETE', 1, 'admin', '研发部门', '/manage/material/6', '127.0.0.1', '内网IP', '{}', '{\"msg\":\"操作成功\",\"code\":200}', 0, NULL, '2024-10-17 11:39:00', 16);
INSERT INTO `sys_oper_log` VALUES (367, '课程资料', 3, 'com.eduflex.manage.controller.CourseMaterialController.remove()', 'DELETE', 1, 'admin', '研发部门', '/manage/material/3', '127.0.0.1', '内网IP', '{}', '{\"msg\":\"操作成功\",\"code\":200}', 0, NULL, '2024-10-17 11:40:01', 19);
INSERT INTO `sys_oper_log` VALUES (368, '课程资料', 1, 'com.eduflex.manage.controller.CourseMaterialController.add()', 'POST', 1, 'admin', '研发部门', '/manage/material', '127.0.0.1', '内网IP', '{\"chapterId\":13,\"id\":7,\"materialType\":\"1\",\"name\":\"测试图片\",\"params\":{},\"url\":\"https://eduflex.oss-cn-beijing.aliyuncs.com/eduflex-material/2024/10/17/6710872c417264a2b6b6319d.jpg\"}', '{\"msg\":\"操作成功\",\"code\":200}', 0, NULL, '2024-10-17 11:40:34', 10);
INSERT INTO `sys_oper_log` VALUES (369, '课程资料', 2, 'com.eduflex.manage.controller.CourseMaterialController.edit()', 'PUT', 1, 'admin', '研发部门', '/manage/material', '127.0.0.1', '内网IP', '{\"chapterId\":2,\"id\":1,\"materialType\":\"2\",\"name\":\"项目名称1\",\"params\":{},\"url\":\"https://eduflex.oss-cn-beijing.aliyuncs.com/eduflex-material/2024/10/15/670e35bf2de8438510f3f17b.txt\"}', '{\"msg\":\"操作成功\",\"code\":200}', 0, NULL, '2024-10-17 16:41:44', 8);
INSERT INTO `sys_oper_log` VALUES (370, '课程资料', 2, 'com.eduflex.manage.controller.CourseMaterialController.edit()', 'PUT', 1, 'admin', '研发部门', '/manage/material', '127.0.0.1', '内网IP', '{\"chapterId\":2,\"id\":1,\"materialType\":\"2\",\"name\":\"项目名称\",\"params\":{},\"url\":\"https://eduflex.oss-cn-beijing.aliyuncs.com/eduflex-material/2024/10/15/670e35bf2de8438510f3f17b.txt\"}', '{\"msg\":\"操作成功\",\"code\":200}', 0, NULL, '2024-10-17 16:41:53', 5);
INSERT INTO `sys_oper_log` VALUES (371, '课程资料', 1, 'com.eduflex.manage.controller.CourseMaterialController.add()', 'POST', 1, 'admin', '研发部门', '/manage/material', '127.0.0.1', '内网IP', '{\"chapterId\":2,\"id\":8,\"materialType\":\"1\",\"name\":\"111\",\"params\":{},\"url\":\"https://eduflex.oss-cn-beijing.aliyuncs.com/eduflex-material/2024/10/17/6710d427417264a2b6b6319e.jpg\"}', '{\"msg\":\"操作成功\",\"code\":200}', 0, NULL, '2024-10-17 17:08:59', 16);
INSERT INTO `sys_oper_log` VALUES (372, '课程资料', 3, 'com.eduflex.manage.controller.CourseMaterialController.remove()', 'DELETE', 1, 'admin', '研发部门', '/manage/material/8', '127.0.0.1', '内网IP', '{}', '{\"msg\":\"操作成功\",\"code\":200}', 0, NULL, '2024-10-17 17:09:03', 21);
INSERT INTO `sys_oper_log` VALUES (373, '课程资料', 1, 'com.eduflex.manage.controller.CourseMaterialController.add()', 'POST', 1, 'admin', '研发部门', '/manage/material', '127.0.0.1', '内网IP', '{\"chapterId\":2,\"id\":9,\"materialType\":\"1\",\"name\":\"111\",\"params\":{},\"url\":\"https://eduflex.oss-cn-beijing.aliyuncs.com/eduflex-material/2024/10/17/6710d443417264a2b6b6319f.jpg\"}', '{\"msg\":\"操作成功\",\"code\":200}', 0, NULL, '2024-10-17 17:09:25', 12);
INSERT INTO `sys_oper_log` VALUES (374, '课程资料', 3, 'com.eduflex.manage.controller.CourseMaterialController.remove()', 'DELETE', 1, 'admin', '研发部门', '/manage/material/9', '127.0.0.1', '内网IP', '{}', '{\"msg\":\"操作成功\",\"code\":200}', 0, NULL, '2024-10-17 17:09:27', 13);
INSERT INTO `sys_oper_log` VALUES (375, '课程资料', 3, 'com.eduflex.manage.controller.CourseMaterialController.remove()', 'DELETE', 1, 'admin', '研发部门', '/manage/material/1', '127.0.0.1', '内网IP', '{}', '{\"msg\":\"操作成功\",\"code\":200}', 0, NULL, '2024-10-17 17:09:32', 16);
INSERT INTO `sys_oper_log` VALUES (376, '课程资料', 1, 'com.eduflex.manage.controller.CourseMaterialController.add()', 'POST', 1, 'admin', '研发部门', '/manage/material', '127.0.0.1', '内网IP', '{\"chapterId\":2,\"id\":10,\"materialType\":\"1\",\"name\":\"111\",\"params\":{},\"url\":\"https://eduflex.oss-cn-beijing.aliyuncs.com/eduflex-material/2024/10/17/6710d45b417264a2b6b631a0.jpg\"}', '{\"msg\":\"操作成功\",\"code\":200}', 0, NULL, '2024-10-17 17:09:48', 10);
INSERT INTO `sys_oper_log` VALUES (377, '课程资料', 1, 'com.eduflex.manage.controller.CourseMaterialController.add()', 'POST', 1, 'admin', '研发部门', '/manage/material', '127.0.0.1', '内网IP', '{\"chapterId\":5,\"id\":11,\"materialType\":\"1\",\"name\":\"111\",\"params\":{},\"url\":\"https://eduflex.oss-cn-beijing.aliyuncs.com/eduflex-material/2024/10/17/6710d46c417264a2b6b631a1.jpg\"}', '{\"msg\":\"操作成功\",\"code\":200}', 0, NULL, '2024-10-17 17:10:05', 12);
INSERT INTO `sys_oper_log` VALUES (378, '课程资料', 1, 'com.eduflex.manage.controller.CourseMaterialController.add()', 'POST', 1, 'admin', '研发部门', '/manage/material', '127.0.0.1', '内网IP', '{\"chapterId\":5,\"id\":12,\"materialType\":\"1\",\"name\":\"111\",\"params\":{},\"url\":\"https://eduflex.oss-cn-beijing.aliyuncs.com/eduflex-material/2024/10/17/6710d523417264a2b6b631a2.jpg\"}', '{\"msg\":\"操作成功\",\"code\":200}', 0, NULL, '2024-10-17 17:13:09', 10);
INSERT INTO `sys_oper_log` VALUES (379, '课程资料', 1, 'com.eduflex.manage.controller.CourseMaterialController.add()', 'POST', 1, 'admin', '研发部门', '/manage/material', '127.0.0.1', '内网IP', '{\"chapterId\":6,\"id\":13,\"materialType\":\"1\",\"name\":\"111\",\"params\":{},\"url\":\"https://eduflex.oss-cn-beijing.aliyuncs.com/eduflex-material/2024/10/17/6710d581417264a2b6b631a3.jpg\"}', '{\"msg\":\"操作成功\",\"code\":200}', 0, NULL, '2024-10-17 17:14:42', 11);
INSERT INTO `sys_oper_log` VALUES (380, '课程资料', 1, 'com.eduflex.manage.controller.CourseMaterialController.add()', 'POST', 1, 'admin', '研发部门', '/manage/material', '127.0.0.1', '内网IP', '{\"chapterId\":10,\"id\":14,\"materialType\":\"1\",\"name\":\"111\",\"params\":{},\"url\":\"https://eduflex.oss-cn-beijing.aliyuncs.com/eduflex-material/2024/10/17/6710d610417264a2b6b631a4.jpg\"}', '{\"msg\":\"操作成功\",\"code\":200}', 0, NULL, '2024-10-17 17:17:16', 15);
INSERT INTO `sys_oper_log` VALUES (381, '课程资料', 1, 'com.eduflex.manage.controller.CourseMaterialController.add()', 'POST', 1, 'admin', '研发部门', '/manage/material', '127.0.0.1', '内网IP', '{\"chapterId\":7,\"id\":15,\"materialType\":\"1\",\"name\":\"111\",\"params\":{},\"url\":\"https://eduflex.oss-cn-beijing.aliyuncs.com/eduflex-material/2024/10/17/6710d630417264a2b6b631a5.jpg\"}', '{\"msg\":\"操作成功\",\"code\":200}', 0, NULL, '2024-10-17 17:17:37', 12);
INSERT INTO `sys_oper_log` VALUES (382, '课程资料', 1, 'com.eduflex.manage.controller.CourseMaterialController.add()', 'POST', 1, 'admin', '研发部门', '/manage/material', '127.0.0.1', '内网IP', '{\"chapterId\":7,\"id\":16,\"materialType\":\"1\",\"name\":\"111\",\"params\":{},\"url\":\"https://eduflex.oss-cn-beijing.aliyuncs.com/eduflex-material/2024/10/17/6710d63b417264a2b6b631a6.jpg\"}', '{\"msg\":\"操作成功\",\"code\":200}', 0, NULL, '2024-10-17 17:17:48', 10);
INSERT INTO `sys_oper_log` VALUES (383, '课程资料', 1, 'com.eduflex.manage.controller.CourseMaterialController.add()', 'POST', 1, 'admin', '研发部门', '/manage/material', '127.0.0.1', '内网IP', '{\"chapterId\":6,\"id\":17,\"materialType\":\"1\",\"name\":\"2222222\",\"params\":{},\"url\":\"https://eduflex.oss-cn-beijing.aliyuncs.com/eduflex-material/2024/10/17/6710d695417264a2b6b631a7.jpg\"}', '{\"msg\":\"操作成功\",\"code\":200}', 0, NULL, '2024-10-17 17:19:20', 8);
INSERT INTO `sys_oper_log` VALUES (384, '课程资料', 3, 'com.eduflex.manage.controller.CourseMaterialController.remove()', 'DELETE', 1, 'admin', '研发部门', '/manage/material/10', '127.0.0.1', '内网IP', '{}', '{\"msg\":\"操作成功\",\"code\":200}', 0, NULL, '2024-10-17 17:30:27', 13);
INSERT INTO `sys_oper_log` VALUES (385, '课程资料', 2, 'com.eduflex.manage.controller.CourseMaterialController.edit()', 'PUT', 1, 'admin', '研发部门', '/manage/material', '127.0.0.1', '内网IP', '{\"chapterId\":13,\"id\":7,\"materialType\":\"1\",\"name\":\"测试图片1\",\"params\":{},\"url\":\"https://eduflex.oss-cn-beijing.aliyuncs.com/eduflex-material/2024/10/17/6710872c417264a2b6b6319d.jpg\"}', '{\"msg\":\"操作成功\",\"code\":200}', 0, NULL, '2024-10-17 17:30:36', 4);
INSERT INTO `sys_oper_log` VALUES (386, '课程资料', 2, 'com.eduflex.manage.controller.CourseMaterialController.edit()', 'PUT', 1, 'admin', '研发部门', '/manage/material', '127.0.0.1', '内网IP', '{\"chapterId\":13,\"id\":7,\"materialType\":\"1\",\"name\":\"测试图片\",\"params\":{},\"url\":\"https://eduflex.oss-cn-beijing.aliyuncs.com/eduflex-material/2024/10/17/6710872c417264a2b6b6319d.jpg\"}', '{\"msg\":\"操作成功\",\"code\":200}', 0, NULL, '2024-10-17 17:30:42', 8);
INSERT INTO `sys_oper_log` VALUES (387, '课程资料', 1, 'com.eduflex.manage.controller.CourseMaterialController.add()', 'POST', 1, 'admin', '研发部门', '/manage/material', '127.0.0.1', '内网IP', '{\"chapterId\":2,\"id\":18,\"materialType\":\"1\",\"name\":\"自来哦1\",\"params\":{},\"url\":\"https://eduflex.oss-cn-beijing.aliyuncs.com/eduflex-material/2024/10/17/6710d946417264a2b6b631a8.jpg\"}', '{\"msg\":\"操作成功\",\"code\":200}', 0, NULL, '2024-10-17 17:30:51', 8);
INSERT INTO `sys_oper_log` VALUES (388, '课程资料', 3, 'com.eduflex.manage.controller.CourseMaterialController.remove()', 'DELETE', 1, 'admin', '研发部门', '/manage/material/18', '127.0.0.1', '内网IP', '{}', '{\"msg\":\"操作成功\",\"code\":200}', 0, NULL, '2024-10-17 18:30:15', 17);
INSERT INTO `sys_oper_log` VALUES (389, '课程资料', 3, 'com.eduflex.manage.controller.CourseMaterialController.remove()', 'DELETE', 1, 'admin', '研发部门', '/manage/material/7', '127.0.0.1', '内网IP', '{}', '{\"msg\":\"操作成功\",\"code\":200}', 0, NULL, '2024-10-17 18:30:18', 14);
INSERT INTO `sys_oper_log` VALUES (390, '课程资料', 3, 'com.eduflex.manage.controller.CourseMaterialController.remove()', 'DELETE', 1, 'admin', '研发部门', '/manage/material/11', '127.0.0.1', '内网IP', '{}', '{\"msg\":\"操作成功\",\"code\":200}', 0, NULL, '2024-10-17 18:30:23', 20);
INSERT INTO `sys_oper_log` VALUES (391, '课程资料', 3, 'com.eduflex.manage.controller.CourseMaterialController.remove()', 'DELETE', 1, 'admin', '研发部门', '/manage/material/12', '127.0.0.1', '内网IP', '{}', '{\"msg\":\"操作成功\",\"code\":200}', 0, NULL, '2024-10-17 18:30:25', 18);
INSERT INTO `sys_oper_log` VALUES (392, '课程资料', 3, 'com.eduflex.manage.controller.CourseMaterialController.remove()', 'DELETE', 1, 'admin', '研发部门', '/manage/material/13', '127.0.0.1', '内网IP', '{}', '{\"msg\":\"操作成功\",\"code\":200}', 0, NULL, '2024-10-17 18:30:28', 14);
INSERT INTO `sys_oper_log` VALUES (393, '课程资料', 3, 'com.eduflex.manage.controller.CourseMaterialController.remove()', 'DELETE', 1, 'admin', '研发部门', '/manage/material/17', '127.0.0.1', '内网IP', '{}', '{\"msg\":\"操作成功\",\"code\":200}', 0, NULL, '2024-10-17 18:30:30', 12);
INSERT INTO `sys_oper_log` VALUES (394, '课程资料', 3, 'com.eduflex.manage.controller.CourseMaterialController.remove()', 'DELETE', 1, 'admin', '研发部门', '/manage/material/15', '127.0.0.1', '内网IP', '{}', '{\"msg\":\"操作成功\",\"code\":200}', 0, NULL, '2024-10-17 18:30:33', 13);
INSERT INTO `sys_oper_log` VALUES (395, '课程资料', 3, 'com.eduflex.manage.controller.CourseMaterialController.remove()', 'DELETE', 1, 'admin', '研发部门', '/manage/material/16', '127.0.0.1', '内网IP', '{}', '{\"msg\":\"操作成功\",\"code\":200}', 0, NULL, '2024-10-17 18:30:35', 12);
INSERT INTO `sys_oper_log` VALUES (396, '课程资料', 3, 'com.eduflex.manage.controller.CourseMaterialController.remove()', 'DELETE', 1, 'admin', '研发部门', '/manage/material/14', '127.0.0.1', '内网IP', '{}', '{\"msg\":\"操作成功\",\"code\":200}', 0, NULL, '2024-10-17 18:30:39', 15);
INSERT INTO `sys_oper_log` VALUES (397, '课程资料', 1, 'com.eduflex.manage.controller.CourseMaterialController.add()', 'POST', 1, 'admin', '研发部门', '/manage/material', '127.0.0.1', '内网IP', '{\"chapterId\":2,\"id\":19,\"materialType\":\"1\",\"name\":\"1\",\"params\":{},\"url\":\"/profile/upload/2024/10/17/image1_20241017183739A001.jpg\"}', '{\"msg\":\"操作成功\",\"code\":200}', 0, NULL, '2024-10-17 18:37:44', 27);
INSERT INTO `sys_oper_log` VALUES (398, '课程资料', 1, 'com.eduflex.manage.controller.CourseMaterialController.add()', 'POST', 1, 'admin', '研发部门', '/manage/material', '127.0.0.1', '内网IP', '{\"chapterId\":2,\"id\":20,\"materialType\":\"1\",\"name\":\"123\",\"params\":{},\"url\":\"/profile/upload/2024/10/17/image1_20241017185018A002.jpg\"}', '{\"msg\":\"操作成功\",\"code\":200}', 0, NULL, '2024-10-17 18:50:21', 7);
INSERT INTO `sys_oper_log` VALUES (399, '课程资料', 1, 'com.eduflex.manage.controller.CourseMaterialController.add()', 'POST', 1, 'admin', '研发部门', '/manage/material', '127.0.0.1', '内网IP', '{\"chapterId\":13,\"id\":21,\"materialType\":\"2\",\"name\":\"文本文件测试\",\"params\":{},\"url\":\"/profile/upload/2024/10/17/25计算机组成原理王道ppt汇总_20241017214814A003.txt\"}', '{\"msg\":\"操作成功\",\"code\":200}', 0, NULL, '2024-10-17 21:48:22', 10);
INSERT INTO `sys_oper_log` VALUES (400, '菜单管理', 2, 'com.eduflex.web.controller.system.SysMenuController.edit()', 'PUT', 1, 'admin', '研发部门', '/system/menu', '127.0.0.1', '内网IP', '{\"children\":[],\"createTime\":\"2024-10-05 13:28:48\",\"icon\":\"guide\",\"isCache\":\"0\",\"isFrame\":\"0\",\"menuId\":4,\"menuName\":\"若依官网\",\"menuType\":\"M\",\"orderNum\":9,\"params\":{},\"parentId\":0,\"path\":\"http://ruoyi.vip\",\"perms\":\"\",\"query\":\"\",\"routeName\":\"\",\"status\":\"0\",\"updateBy\":\"admin\",\"visible\":\"1\"}', '{\"msg\":\"操作成功\",\"code\":200}', 0, NULL, '2024-10-17 23:01:56', 17);
INSERT INTO `sys_oper_log` VALUES (401, '菜单管理', 2, 'com.eduflex.web.controller.system.SysMenuController.edit()', 'PUT', 1, 'admin', '研发部门', '/system/menu', '127.0.0.1', '内网IP', '{\"children\":[],\"createTime\":\"2024-10-05 13:28:48\",\"icon\":\"tool\",\"isCache\":\"0\",\"isFrame\":\"1\",\"menuId\":3,\"menuName\":\"系统工具\",\"menuType\":\"M\",\"orderNum\":8,\"params\":{},\"parentId\":0,\"path\":\"tool\",\"perms\":\"\",\"query\":\"\",\"routeName\":\"\",\"status\":\"0\",\"updateBy\":\"admin\",\"visible\":\"0\"}', '{\"msg\":\"操作成功\",\"code\":200}', 0, NULL, '2024-10-17 23:01:59', 5);
INSERT INTO `sys_oper_log` VALUES (402, '菜单管理', 2, 'com.eduflex.web.controller.system.SysMenuController.edit()', 'PUT', 1, 'admin', '研发部门', '/system/menu', '127.0.0.1', '内网IP', '{\"children\":[],\"createTime\":\"2024-10-05 13:28:48\",\"icon\":\"monitor\",\"isCache\":\"0\",\"isFrame\":\"1\",\"menuId\":2,\"menuName\":\"系统监控\",\"menuType\":\"M\",\"orderNum\":7,\"params\":{},\"parentId\":0,\"path\":\"monitor\",\"perms\":\"\",\"query\":\"\",\"routeName\":\"\",\"status\":\"0\",\"updateBy\":\"admin\",\"visible\":\"0\"}', '{\"msg\":\"操作成功\",\"code\":200}', 0, NULL, '2024-10-17 23:02:02', 6);
INSERT INTO `sys_oper_log` VALUES (403, '菜单管理', 2, 'com.eduflex.web.controller.system.SysMenuController.edit()', 'PUT', 1, 'admin', '研发部门', '/system/menu', '127.0.0.1', '内网IP', '{\"children\":[],\"createTime\":\"2024-10-05 13:28:48\",\"icon\":\"system\",\"isCache\":\"0\",\"isFrame\":\"1\",\"menuId\":1,\"menuName\":\"系统管理\",\"menuType\":\"M\",\"orderNum\":6,\"params\":{},\"parentId\":0,\"path\":\"system\",\"perms\":\"\",\"query\":\"\",\"routeName\":\"\",\"status\":\"0\",\"updateBy\":\"admin\",\"visible\":\"0\"}', '{\"msg\":\"操作成功\",\"code\":200}', 0, NULL, '2024-10-17 23:02:19', 7);
INSERT INTO `sys_oper_log` VALUES (404, '课程资料', 1, 'com.eduflex.manage.controller.CourseMaterialController.add()', 'POST', 1, 'admin', '研发部门', '/manage/material', '127.0.0.1', '内网IP', '{\"chapterId\":5,\"id\":22,\"materialType\":\"0\",\"name\":\"视频文件测试\",\"params\":{},\"url\":\"/profile/upload/2024/10/18/415564735-1-208_20241018195231A001.mp4\"}', '{\"msg\":\"操作成功\",\"code\":200}', 0, NULL, '2024-10-18 19:52:38', 33);
INSERT INTO `sys_oper_log` VALUES (405, '班级课程管理', 1, 'com.eduflex.manage.controller.CourseGradeController.add()', 'POST', 1, 'admin', '研发部门', '/manage/courseGrade', '127.0.0.1', '内网IP', '{\"courseId\":1,\"createBy\":\"admin\",\"createTime\":\"2024-11-23 16:28:56\",\"gradeId\":1,\"id\":3,\"params\":{}}', '{\"msg\":\"操作成功\",\"code\":200}', 0, NULL, '2024-11-23 16:28:56', 20);
INSERT INTO `sys_oper_log` VALUES (406, '班级课程管理', 3, 'com.eduflex.manage.controller.CourseGradeController.remove()', 'DELETE', 1, 'admin', '研发部门', '/manage/courseGrade/3', '127.0.0.1', '内网IP', '{}', '{\"msg\":\"操作成功\",\"code\":200}', 0, NULL, '2024-11-23 16:28:59', 9);
INSERT INTO `sys_oper_log` VALUES (407, '班级课程管理', 1, 'com.eduflex.manage.controller.CourseGradeController.add()', 'POST', 1, 'admin', '研发部门', '/manage/courseGrade', '127.0.0.1', '内网IP', '{\"courseId\":1,\"gradeId\":1,\"params\":{}}', '{\"msg\":\"该班级已选该课程，请勿重复添加\",\"code\":601}', 0, NULL, '2024-11-23 16:36:49', 20);
INSERT INTO `sys_oper_log` VALUES (408, '班级课程管理', 1, 'com.eduflex.manage.controller.CourseGradeController.add()', 'POST', 1, 'admin', '研发部门', '/manage/courseGrade', '127.0.0.1', '内网IP', '{\"courseId\":1,\"gradeId\":2,\"params\":{}}', '{\"msg\":\"该班级已选该课程，请勿重复添加\",\"code\":601}', 0, NULL, '2024-11-23 16:36:51', 5);
INSERT INTO `sys_oper_log` VALUES (409, '班级课程管理', 1, 'com.eduflex.manage.controller.CourseGradeController.add()', 'POST', 1, 'admin', '研发部门', '/manage/courseGrade', '127.0.0.1', '内网IP', '{\"courseId\":1,\"createBy\":\"admin\",\"createTime\":\"2024-11-23 16:36:54\",\"gradeId\":3,\"id\":4,\"params\":{}}', '{\"msg\":\"操作成功\",\"code\":200}', 0, NULL, '2024-11-23 16:36:54', 12);
INSERT INTO `sys_oper_log` VALUES (410, '课程管理', 2, 'com.eduflex.manage.controller.CourseController.edit()', 'PUT', 1, 'admin', '研发部门', '/manage/course', '127.0.0.1', '内网IP', '{\"createTime\":\"2024-10-11 13:42:40\",\"description\":\"Java 基础教程\",\"endTime\":\"2024-12-31\",\"id\":1,\"name\":\"Java EE\",\"params\":{},\"startTime\":\"2024-09-03\",\"status\":\"1\",\"teacherId\":100,\"updateBy\":\"admin\",\"updateTime\":\"2024-11-23 16:39:38\"}', '{\"msg\":\"操作成功\",\"code\":200}', 0, NULL, '2024-11-23 16:39:38', 20);
INSERT INTO `sys_oper_log` VALUES (411, '代码生成', 6, 'com.eduflex.generator.controller.GenController.importTableSave()', 'POST', 1, 'admin', '研发部门', '/tool/gen/importTable', '127.0.0.1', '内网IP', '{\"tables\":\"tb_homework\"}', '{\"msg\":\"操作成功\",\"code\":200}', 0, NULL, '2024-11-23 21:53:04', 113);
INSERT INTO `sys_oper_log` VALUES (412, '代码生成', 2, 'com.eduflex.generator.controller.GenController.editSave()', 'PUT', 1, 'admin', '研发部门', '/tool/gen', '127.0.0.1', '内网IP', '{\"businessName\":\"homework\",\"className\":\"Homework\",\"columns\":[{\"capJavaField\":\"Id\",\"columnComment\":\"作业ID\",\"columnId\":94,\"columnName\":\"id\",\"columnType\":\"bigint\",\"createBy\":\"admin\",\"createTime\":\"2024-11-23 21:53:04\",\"dictType\":\"\",\"edit\":false,\"htmlType\":\"input\",\"increment\":true,\"insert\":false,\"isIncrement\":\"1\",\"isInsert\":\"0\",\"isPk\":\"1\",\"isRequired\":\"0\",\"javaField\":\"id\",\"javaType\":\"Long\",\"list\":false,\"params\":{},\"pk\":true,\"query\":false,\"queryType\":\"EQ\",\"required\":false,\"sort\":1,\"superColumn\":false,\"tableId\":13,\"updateBy\":\"\",\"usableColumn\":false},{\"capJavaField\":\"CourseId\",\"columnComment\":\"所属课程ID\",\"columnId\":95,\"columnName\":\"course_id\",\"columnType\":\"bigint\",\"createBy\":\"admin\",\"createTime\":\"2024-11-23 21:53:04\",\"dictType\":\"\",\"edit\":true,\"htmlType\":\"input\",\"increment\":false,\"insert\":true,\"isEdit\":\"1\",\"isIncrement\":\"0\",\"isInsert\":\"1\",\"isList\":\"1\",\"isPk\":\"0\",\"isQuery\":\"1\",\"isRequired\":\"1\",\"javaField\":\"courseId\",\"javaType\":\"Long\",\"list\":true,\"params\":{},\"pk\":false,\"query\":true,\"queryType\":\"EQ\",\"required\":true,\"sort\":2,\"superColumn\":false,\"tableId\":13,\"updateBy\":\"\",\"usableColumn\":false},{\"capJavaField\":\"Title\",\"columnComment\":\"作业标题\",\"columnId\":96,\"columnName\":\"title\",\"columnType\":\"varchar(50)\",\"createBy\":\"admin\",\"createTime\":\"2024-11-23 21:53:04\",\"dictType\":\"\",\"edit\":true,\"htmlType\":\"input\",\"increment\":false,\"insert\":true,\"isEdit\":\"1\",\"isIncrement\":\"0\",\"isInsert\":\"1\",\"isList\":\"1\",\"isPk\":\"0\",\"isQuery\":\"1\",\"isRequired\":\"1\",\"javaField\":\"title\",\"javaType\":\"String\",\"list\":true,\"params\":{},\"pk\":false,\"query\":true,\"queryType\":\"EQ\",\"required\":true,\"sort\":3,\"superColumn\":false,\"tableId\":13,\"updateBy\":\"\",\"usableColumn\":false},{\"capJavaField\":\"Content\",\"columnComment\":\"作业内容\",\"columnId\":97,\"columnName\":\"content\",\"columnType\":\"text\",\"createBy\":\"admin\",\"createTime\":\"2024-11-23 21:53:04\",\"dictType\":\"\",\"edit\":true,\"htmlType\":\"editor\",\"increment\":false,\"insert\":true,\"isEdit\":\"1\",\"isIncrement\":\"0\",\"isInsert\":\"1\",\"isList\":\"1\",\"isPk\":\"0\",\"isQuery\":\"0\",\"isRequired\":\"1\",\"javaField\":\"content\",\"javaT', '{\"msg\":\"操作成功\",\"code\":200}', 0, NULL, '2024-11-23 21:54:57', 56);
INSERT INTO `sys_oper_log` VALUES (413, '代码生成', 8, 'com.eduflex.generator.controller.GenController.batchGenCode()', 'GET', 1, 'admin', '研发部门', '/tool/gen/batchGenCode', '127.0.0.1', '内网IP', '{\"tables\":\"tb_homework\"}', NULL, 0, NULL, '2024-11-23 21:55:01', 253);
INSERT INTO `sys_oper_log` VALUES (414, '作业管理', 1, 'com.eduflex.manage.controller.HomeworkController.add()', 'POST', 1, 'admin', '研发部门', '/manage/homework', '127.0.0.1', '内网IP', '{\"content\":\"<p>完成课程第13页</p>\",\"courseId\":1,\"createTime\":\"2024-11-23 22:39:24\",\"deadline\":\"2024-11-29\",\"id\":1,\"params\":{},\"title\":\"作业1\"}', '{\"msg\":\"操作成功\",\"code\":200}', 0, NULL, '2024-11-23 22:39:24', 140);
INSERT INTO `sys_oper_log` VALUES (415, '课程管理', 1, 'com.eduflex.manage.controller.CourseController.add()', 'POST', 1, 'admin', '研发部门', '/manage/course', '127.0.0.1', '内网IP', '{\"createTime\":\"2024-11-23 22:40:09\",\"description\":\"计算机操作系统\",\"endTime\":\"2024-12-18\",\"id\":3,\"name\":\"计算机操作系统\",\"params\":{},\"startTime\":\"2024-09-03\",\"status\":\"1\",\"teacherId\":106}', '{\"msg\":\"操作成功\",\"code\":200}', 0, NULL, '2024-11-23 22:40:09', 14);
INSERT INTO `sys_oper_log` VALUES (416, '作业管理', 1, 'com.eduflex.manage.controller.HomeworkController.add()', 'POST', 1, 'admin', '研发部门', '/manage/homework', '127.0.0.1', '内网IP', '{\"content\":\"<p>完成作业1</p>\",\"courseId\":3,\"createTime\":\"2024-11-23 22:40:31\",\"deadline\":\"2024-11-30\",\"id\":2,\"params\":{},\"title\":\"作业1\"}', '{\"msg\":\"操作成功\",\"code\":200}', 0, NULL, '2024-11-23 22:40:31', 8);
INSERT INTO `sys_oper_log` VALUES (417, '作业管理', 2, 'com.eduflex.manage.controller.HomeworkController.edit()', 'PUT', 1, 'admin', '研发部门', '/manage/homework', '127.0.0.1', '内网IP', '{\"content\":\"<p>完成课程第13页</p>\",\"courseId\":1,\"createTime\":\"2024-11-23 22:39:25\",\"deadline\":\"2024-11-29 12:00:00\",\"id\":1,\"params\":{},\"title\":\"作业1\",\"updateTime\":\"2024-11-23 22:49:39\"}', '{\"msg\":\"操作成功\",\"code\":200}', 0, NULL, '2024-11-23 22:49:39', 29);
INSERT INTO `sys_oper_log` VALUES (418, '作业管理', 2, 'com.eduflex.manage.controller.HomeworkController.edit()', 'PUT', 1, 'admin', '研发部门', '/manage/homework', '127.0.0.1', '内网IP', '{\"content\":\"<p>完成作业1</p>\",\"courseId\":3,\"createTime\":\"2024-11-23 22:40:32\",\"deadline\":\"2024-11-30 12:00:00\",\"id\":2,\"params\":{},\"title\":\"作业1\",\"updateTime\":\"2024-11-23 22:49:48\"}', '{\"msg\":\"操作成功\",\"code\":200}', 0, NULL, '2024-11-23 22:49:48', 13);
INSERT INTO `sys_oper_log` VALUES (419, '作业管理', 2, 'com.eduflex.manage.controller.HomeworkController.edit()', 'PUT', 1, 'admin', '研发部门', '/manage/homework', '127.0.0.1', '内网IP', '{\"content\":\"<p>完成课程第13页</p>\",\"courseId\":1,\"createTime\":\"2024-11-23 22:39:25\",\"deadline\":\"2024-11-29 00:00:00\",\"id\":1,\"params\":{},\"title\":\"作业1\",\"updateTime\":\"2024-11-23 22:51:07\"}', '{\"msg\":\"操作成功\",\"code\":200}', 0, NULL, '2024-11-23 22:51:07', 21);
INSERT INTO `sys_oper_log` VALUES (420, '菜单管理', 2, 'com.eduflex.web.controller.system.SysMenuController.edit()', 'PUT', 1, 'admin', '研发部门', '/system/menu', '127.0.0.1', '内网IP', '{\"children\":[],\"component\":\"manage/homework/index\",\"createTime\":\"2024-11-23 21:55:57\",\"icon\":\"作业管理\",\"isCache\":\"0\",\"isFrame\":\"1\",\"menuId\":2056,\"menuName\":\"作业管理\",\"menuType\":\"C\",\"orderNum\":1,\"params\":{},\"parentId\":2031,\"path\":\"homework\",\"perms\":\"manage:homework:list\",\"routeName\":\"\",\"status\":\"0\",\"updateBy\":\"admin\",\"visible\":\"0\"}', '{\"msg\":\"操作成功\",\"code\":200}', 0, NULL, '2024-11-23 22:58:03', 21);
INSERT INTO `sys_oper_log` VALUES (421, '课程内容章节管理', 1, 'com.eduflex.manage.controller.CourseChapterController.add()', 'POST', 1, 'admin', '研发部门', '/manage/chapter', '127.0.0.1', '内网IP', '{\"children\":[],\"courseId\":3,\"createTime\":\"2024-12-03 22:20:16\",\"id\":14,\"name\":\"操作系统概述\",\"orderNum\":1,\"params\":{},\"parentId\":0}', '{\"msg\":\"操作成功\",\"code\":200}', 0, NULL, '2024-12-03 22:20:17', 50);
INSERT INTO `sys_oper_log` VALUES (422, '课程内容章节管理', 1, 'com.eduflex.manage.controller.CourseChapterController.add()', 'POST', 1, 'admin', '研发部门', '/manage/chapter', '127.0.0.1', '内网IP', '{\"children\":[],\"courseId\":3,\"createTime\":\"2024-12-03 22:20:33\",\"id\":15,\"name\":\"进程与线程\",\"orderNum\":1,\"params\":{},\"parentId\":0}', '{\"msg\":\"操作成功\",\"code\":200}', 0, NULL, '2024-12-03 22:20:33', 15);
INSERT INTO `sys_oper_log` VALUES (423, '课程内容章节管理', 1, 'com.eduflex.manage.controller.CourseChapterController.add()', 'POST', 1, 'admin', '研发部门', '/manage/chapter', '127.0.0.1', '内网IP', '{\"children\":[],\"courseId\":3,\"createTime\":\"2024-12-03 22:20:42\",\"id\":16,\"name\":\"操作系统概念\",\"orderNum\":1,\"params\":{},\"parentId\":14}', '{\"msg\":\"操作成功\",\"code\":200}', 0, NULL, '2024-12-03 22:20:42', 16);
INSERT INTO `sys_oper_log` VALUES (424, '课程内容章节管理', 1, 'com.eduflex.manage.controller.CourseChapterController.add()', 'POST', 1, 'admin', '研发部门', '/manage/chapter', '127.0.0.1', '内网IP', '{\"children\":[],\"courseId\":3,\"createTime\":\"2024-12-03 22:20:59\",\"id\":17,\"name\":\"什么是操作系统\",\"orderNum\":1,\"params\":{},\"parentId\":16}', '{\"msg\":\"操作成功\",\"code\":200}', 0, NULL, '2024-12-03 22:20:59', 21);
INSERT INTO `sys_oper_log` VALUES (425, '课程内容章节管理', 1, 'com.eduflex.manage.controller.CourseChapterController.add()', 'POST', 1, 'admin', '研发部门', '/manage/chapter', '127.0.0.1', '内网IP', '{\"children\":[],\"courseId\":3,\"createTime\":\"2024-12-03 22:21:10\",\"id\":18,\"name\":\"操作系统主要功能\",\"orderNum\":1,\"params\":{},\"parentId\":16}', '{\"msg\":\"操作成功\",\"code\":200}', 0, NULL, '2024-12-03 22:21:10', 9);
INSERT INTO `sys_oper_log` VALUES (426, '课程内容章节管理', 1, 'com.eduflex.manage.controller.CourseChapterController.add()', 'POST', 1, 'admin', '研发部门', '/manage/chapter', '127.0.0.1', '内网IP', '{\"children\":[],\"courseId\":3,\"createTime\":\"2024-12-03 22:21:27\",\"id\":19,\"name\":\"操作系统的基本特性\",\"orderNum\":1,\"params\":{},\"parentId\":16}', '{\"msg\":\"操作成功\",\"code\":200}', 0, NULL, '2024-12-03 22:21:27', 10);
INSERT INTO `sys_oper_log` VALUES (427, '课程内容章节管理', 1, 'com.eduflex.manage.controller.CourseChapterController.add()', 'POST', 1, 'admin', '研发部门', '/manage/chapter', '127.0.0.1', '内网IP', '{\"children\":[],\"courseId\":3,\"createTime\":\"2024-12-03 22:21:40\",\"id\":20,\"name\":\"操作系统的发展过程与分类\",\"orderNum\":1,\"params\":{},\"parentId\":14}', '{\"msg\":\"操作成功\",\"code\":200}', 0, NULL, '2024-12-03 22:21:40', 13);
INSERT INTO `sys_oper_log` VALUES (428, '课程内容章节管理', 1, 'com.eduflex.manage.controller.CourseChapterController.add()', 'POST', 1, 'admin', '研发部门', '/manage/chapter', '127.0.0.1', '内网IP', '{\"children\":[],\"courseId\":3,\"createTime\":\"2024-12-03 22:21:52\",\"id\":21,\"name\":\"操作系统的发展过程\",\"orderNum\":1,\"params\":{},\"parentId\":20}', '{\"msg\":\"操作成功\",\"code\":200}', 0, NULL, '2024-12-03 22:21:52', 12);
INSERT INTO `sys_oper_log` VALUES (429, '课程内容章节管理', 1, 'com.eduflex.manage.controller.CourseChapterController.add()', 'POST', 1, 'admin', '研发部门', '/manage/chapter', '127.0.0.1', '内网IP', '{\"children\":[],\"courseId\":3,\"createTime\":\"2024-12-03 22:25:23\",\"id\":22,\"name\":\"无操作系统\",\"orderNum\":1,\"params\":{},\"parentId\":20}', '{\"msg\":\"操作成功\",\"code\":200}', 0, NULL, '2024-12-03 22:25:23', 9);
INSERT INTO `sys_oper_log` VALUES (430, '课程管理', 2, 'com.eduflex.manage.controller.CourseController.edit()', 'PUT', 1, 'admin', '研发部门', '/manage/course', '127.0.0.1', '内网IP', '{\"createTime\":\"2024-10-11 13:42:40\",\"description\":\"Java 基础教程\",\"endTime\":\"2024-12-31\",\"id\":1,\"name\":\"Java EE\",\"params\":{},\"startTime\":\"2024-09-03\",\"status\":\"1\",\"teacherId\":100,\"updateBy\":\"admin\",\"updateTime\":\"2024-12-07 14:07:26\"}', '{\"msg\":\"操作成功\",\"code\":200}', 0, NULL, '2024-12-07 14:07:26', 118);
INSERT INTO `sys_oper_log` VALUES (431, '课程管理', 2, 'com.eduflex.manage.controller.CourseController.edit()', 'PUT', 1, 'admin', '研发部门', '/manage/course', '127.0.0.1', '内网IP', '{\"cover\":\"/profile/upload/2024/12/07/646dae3b09bbeac405400304_20241207141725A001.png\",\"createTime\":\"2024-10-11 13:42:40\",\"description\":\"Java 基础教程\",\"endTime\":\"2024-12-31\",\"id\":1,\"name\":\"Java EE\",\"params\":{},\"startTime\":\"2024-09-03\",\"status\":\"1\",\"teacherId\":100,\"updateBy\":\"admin\",\"updateTime\":\"2024-12-07 14:17:34\"}', '{\"msg\":\"操作成功\",\"code\":200}', 0, NULL, '2024-12-07 14:17:34', 37);
INSERT INTO `sys_oper_log` VALUES (432, '课程管理', 2, 'com.eduflex.manage.controller.CourseController.edit()', 'PUT', 1, 'admin', '研发部门', '/manage/course', '127.0.0.1', '内网IP', '{\"cover\":\"/profile/upload/2024/12/07/646dae3b09bbeac405400304_20241207144606A001.png\",\"createTime\":\"2024-10-11 13:42:40\",\"description\":\"Java 基础教程\",\"endTime\":\"2024-12-31\",\"id\":1,\"name\":\"Java EE\",\"params\":{},\"startTime\":\"2024-09-03\",\"status\":\"1\",\"teacherId\":100,\"updateBy\":\"admin\",\"updateTime\":\"2024-12-07 14:17:35\"}', '{\"msg\":\"操作成功\",\"code\":200}', 0, NULL, '2024-12-07 14:46:08', 43);
INSERT INTO `sys_oper_log` VALUES (433, '课程资料', 1, 'com.eduflex.manage.controller.CourseMaterialController.add()', 'POST', 1, 'admin', '研发部门', '/manage/material', '127.0.0.1', '内网IP', '{\"chapterId\":2,\"id\":23,\"materialType\":\"1\",\"name\":\"资料1\",\"params\":{},\"url\":\"/profile/upload/2024/12/07/646dae3b09bbeac405400304_20241207231353A001.png\"}', NULL, 1, 'nested exception is com.baomidou.mybatisplus.core.exceptions.MybatisPlusException: Failed to process, Error SQL: UPDATE tb_course_chapter    WHERE id=?', '2024-12-07 23:13:55', 211);
INSERT INTO `sys_oper_log` VALUES (434, '课程资料', 1, 'com.eduflex.manage.controller.CourseMaterialController.add()', 'POST', 1, 'admin', '研发部门', '/manage/material', '127.0.0.1', '内网IP', '{\"chapterId\":2,\"id\":24,\"materialType\":\"1\",\"name\":\"资料1\",\"params\":{},\"url\":\"/profile/upload/2024/12/07/646dae3b09bbeac405400304_20241207231353A001.png\"}', NULL, 1, 'nested exception is com.baomidou.mybatisplus.core.exceptions.MybatisPlusException: Failed to process, Error SQL: UPDATE tb_course_chapter    WHERE id=?', '2024-12-07 23:15:18', 13);
INSERT INTO `sys_oper_log` VALUES (435, '课程资料', 1, 'com.eduflex.manage.controller.CourseMaterialController.add()', 'POST', 1, 'admin', '研发部门', '/manage/material', '127.0.0.1', '内网IP', '{\"chapterId\":2,\"id\":25,\"materialType\":\"1\",\"name\":\"资料1\",\"params\":{},\"url\":\"/profile/upload/2024/12/07/646dae3b09bbeac405400304_20241207231353A001.png\"}', NULL, 1, 'nested exception is com.baomidou.mybatisplus.core.exceptions.MybatisPlusException: Failed to process, Error SQL: UPDATE tb_course_chapter    WHERE id=?', '2024-12-07 23:26:33', 65533);
INSERT INTO `sys_oper_log` VALUES (436, '课程资料', 1, 'com.eduflex.manage.controller.CourseMaterialController.add()', 'POST', 1, 'admin', '研发部门', '/manage/material', '127.0.0.1', '内网IP', '{\"chapterId\":2,\"id\":26,\"materialType\":\"1\",\"name\":\"资料1\",\"params\":{},\"url\":\"/profile/upload/2024/12/07/646dae3b09bbeac405400304_20241207231353A001.png\"}', NULL, 1, 'nested exception is com.baomidou.mybatisplus.core.exceptions.MybatisPlusException: Failed to process, Error SQL: UPDATE tb_course_chapter    WHERE id=?', '2024-12-07 23:26:39', 10);
INSERT INTO `sys_oper_log` VALUES (437, '课程资料', 1, 'com.eduflex.manage.controller.CourseMaterialController.add()', 'POST', 1, 'admin', '研发部门', '/manage/material', '127.0.0.1', '内网IP', '{\"chapterId\":2,\"id\":27,\"materialType\":\"1\",\"name\":\"资料1\",\"params\":{},\"url\":\"/profile/upload/2024/12/07/646dae3b09bbeac405400304_20241207231353A001.png\"}', NULL, 1, 'nested exception is com.baomidou.mybatisplus.core.exceptions.MybatisPlusException: Failed to process, Error SQL: UPDATE tb_course_chapter    WHERE id=?', '2024-12-07 23:36:27', 35948);
INSERT INTO `sys_oper_log` VALUES (438, '课程资料', 1, 'com.eduflex.manage.controller.CourseMaterialController.add()', 'POST', 1, 'admin', '研发部门', '/manage/material', '127.0.0.1', '内网IP', '{\"chapterId\":2,\"id\":28,\"materialType\":\"1\",\"name\":\"资料1\",\"params\":{},\"url\":\"/profile/upload/2024/12/07/646dae3b09bbeac405400304_20241207231353A001.png\"}', NULL, 1, 'can not find lambda cache for this property [hasChildren] of entity [com.eduflex.manage.domain.CourseChapter]', '2024-12-07 23:38:51', 143);
INSERT INTO `sys_oper_log` VALUES (439, '课程资料', 1, 'com.eduflex.manage.controller.CourseMaterialController.add()', 'POST', 1, 'admin', '研发部门', '/manage/material', '127.0.0.1', '内网IP', '{\"chapterId\":2,\"id\":29,\"materialType\":\"1\",\"name\":\"资料1\",\"params\":{},\"url\":\"/profile/upload/2024/12/07/646dae3b09bbeac405400304_20241207231353A001.png\"}', NULL, 1, 'can not find lambda cache for this property [hasChildren] of entity [com.eduflex.manage.domain.CourseChapter]', '2024-12-07 23:38:56', 8);
INSERT INTO `sys_oper_log` VALUES (440, '课程资料', 1, 'com.eduflex.manage.controller.CourseMaterialController.add()', 'POST', 1, 'admin', '研发部门', '/manage/material', '127.0.0.1', '内网IP', '{\"chapterId\":2,\"id\":30,\"materialType\":\"1\",\"name\":\"资料1\",\"params\":{},\"url\":\"/profile/upload/2024/12/07/646dae3b09bbeac405400304_20241207231353A001.png\"}', NULL, 1, 'can not find lambda cache for this property [hasChildren] of entity [com.eduflex.manage.domain.CourseChapter]', '2024-12-07 23:38:58', 7);
INSERT INTO `sys_oper_log` VALUES (441, '课程资料', 1, 'com.eduflex.manage.controller.CourseMaterialController.add()', 'POST', 1, 'admin', '研发部门', '/manage/material', '127.0.0.1', '内网IP', '{\"chapterId\":2,\"id\":31,\"materialType\":\"1\",\"name\":\"资料1\",\"params\":{},\"url\":\"/profile/upload/2024/12/07/646dae3b09bbeac405400304_20241207231353A001.png\"}', NULL, 1, 'can not find lambda cache for this property [hasChildren] of entity [com.eduflex.manage.domain.CourseChapter]', '2024-12-07 23:45:05', 9);
INSERT INTO `sys_oper_log` VALUES (442, '课程资料', 1, 'com.eduflex.manage.controller.CourseMaterialController.add()', 'POST', 1, 'admin', '研发部门', '/manage/material', '127.0.0.1', '内网IP', '{\"chapterId\":2,\"id\":32,\"materialType\":\"1\",\"name\":\"资料1\",\"params\":{},\"url\":\"/profile/upload/2024/12/07/646dae3b09bbeac405400304_20241207231353A001.png\"}', NULL, 1, 'can not find lambda cache for this property [hasChildren] of entity [com.eduflex.manage.domain.CourseChapter]', '2024-12-07 23:45:29', 7);
INSERT INTO `sys_oper_log` VALUES (443, '课程资料', 1, 'com.eduflex.manage.controller.CourseMaterialController.add()', 'POST', 1, 'admin', '研发部门', '/manage/material', '127.0.0.1', '内网IP', '{\"chapterId\":2,\"id\":33,\"materialType\":\"1\",\"name\":\"资料1\",\"params\":{},\"url\":\"/profile/upload/2024/12/07/646dae3b09bbeac405400304_20241207231353A001.png\"}', NULL, 1, '\r\n### Error updating database.  Cause: java.sql.SQLSyntaxErrorException: Unknown column \'has_children\' in \'field list\'\r\n### The error may exist in com/eduflex/manage/mapper/CourseChapterMapper.java (best guess)\r\n### The error may involve com.eduflex.manage.mapper.CourseChapterMapper.update-Inline\r\n### The error occurred while setting parameters\r\n### SQL: UPDATE tb_course_chapter  SET has_children=?       WHERE  (id = ?)\r\n### Cause: java.sql.SQLSyntaxErrorException: Unknown column \'has_children\' in \'field list\'\n; bad SQL grammar []; nested exception is java.sql.SQLSyntaxErrorException: Unknown column \'has_children\' in \'field list\'', '2024-12-07 23:52:54', 277);
INSERT INTO `sys_oper_log` VALUES (444, '课程资料', 1, 'com.eduflex.manage.controller.CourseMaterialController.add()', 'POST', 1, 'admin', '研发部门', '/manage/material', '127.0.0.1', '内网IP', '{\"chapterId\":2,\"id\":34,\"materialType\":\"1\",\"name\":\"资料1\",\"params\":{},\"url\":\"/profile/upload/2024/12/07/646dae3b09bbeac405400304_20241207231353A001.png\"}', NULL, 1, '\r\n### Error updating database.  Cause: java.sql.SQLSyntaxErrorException: Unknown column \'has_children\' in \'field list\'\r\n### The error may exist in com/eduflex/manage/mapper/CourseChapterMapper.java (best guess)\r\n### The error may involve com.eduflex.manage.mapper.CourseChapterMapper.update-Inline\r\n### The error occurred while setting parameters\r\n### SQL: UPDATE tb_course_chapter  SET has_children=?       WHERE  (id = ?)\r\n### Cause: java.sql.SQLSyntaxErrorException: Unknown column \'has_children\' in \'field list\'\n; bad SQL grammar []; nested exception is java.sql.SQLSyntaxErrorException: Unknown column \'has_children\' in \'field list\'', '2024-12-07 23:55:10', 18);
INSERT INTO `sys_oper_log` VALUES (445, '课程资料', 1, 'com.eduflex.manage.controller.CourseMaterialController.add()', 'POST', 1, 'admin', '研发部门', '/manage/material', '127.0.0.1', '内网IP', '{\"chapterId\":2,\"id\":35,\"materialType\":\"1\",\"name\":\"资料1\",\"params\":{},\"url\":\"/profile/upload/2024/12/07/646dae3b09bbeac405400304_20241207231353A001.png\"}', '{\"msg\":\"操作成功\",\"code\":200}', 0, NULL, '2024-12-07 23:55:53', 13);
INSERT INTO `sys_oper_log` VALUES (446, '课程内容章节管理', 1, 'com.eduflex.manage.controller.CourseChapterController.add()', 'POST', 1, 'admin', '研发部门', '/manage/chapter', '127.0.0.1', '内网IP', '{\"children\":[],\"courseId\":1,\"name\":\"SpringCloud\",\"params\":{},\"parentId\":0}', NULL, 1, '\r\n### Error querying database.  Cause: java.sql.SQLSyntaxErrorException: Unknown column \'parentId\' in \'where clause\'\r\n### The error may exist in file [C:\\Study\\SCAUZJ\\FinalExam\\Backend\\EduFlex\\eduflex-manage\\target\\classes\\mapper\\manage\\CourseChapterMapper.xml]\r\n### The error may involve defaultParameterMap\r\n### The error occurred while setting parameters\r\n### SQL: select ifnull(max(order_num), 0) from tb_course_chapter where parentId = 9?\r\n### Cause: java.sql.SQLSyntaxErrorException: Unknown column \'parentId\' in \'where clause\'\n; bad SQL grammar []; nested exception is java.sql.SQLSyntaxErrorException: Unknown column \'parentId\' in \'where clause\'', '2024-12-08 00:02:50', 13);
INSERT INTO `sys_oper_log` VALUES (447, '课程内容章节管理', 1, 'com.eduflex.manage.controller.CourseChapterController.add()', 'POST', 1, 'admin', '研发部门', '/manage/chapter', '127.0.0.1', '内网IP', '{\"children\":[],\"courseId\":1,\"name\":\"SpringCloud\",\"params\":{},\"parentId\":0}', NULL, 1, '\r\n### Error querying database.  Cause: java.sql.SQLSyntaxErrorException: Unknown column \'parentId\' in \'where clause\'\r\n### The error may exist in file [C:\\Study\\SCAUZJ\\FinalExam\\Backend\\EduFlex\\eduflex-manage\\target\\classes\\mapper\\manage\\CourseChapterMapper.xml]\r\n### The error may involve defaultParameterMap\r\n### The error occurred while setting parameters\r\n### SQL: select ifnull(max(order_num), 0) from tb_course_chapter where parentId = 9?\r\n### Cause: java.sql.SQLSyntaxErrorException: Unknown column \'parentId\' in \'where clause\'\n; bad SQL grammar []; nested exception is java.sql.SQLSyntaxErrorException: Unknown column \'parentId\' in \'where clause\'', '2024-12-08 00:04:24', 7);
INSERT INTO `sys_oper_log` VALUES (448, '课程内容章节管理', 1, 'com.eduflex.manage.controller.CourseChapterController.add()', 'POST', 1, 'admin', '研发部门', '/manage/chapter', '127.0.0.1', '内网IP', '{\"children\":[],\"courseId\":1,\"name\":\"SpringCloud\",\"params\":{},\"parentId\":0}', NULL, 1, '\r\n### Error querying database.  Cause: java.sql.SQLSyntaxErrorException: Unknown column \'parentId\' in \'where clause\'\r\n### The error may exist in file [C:\\Study\\SCAUZJ\\FinalExam\\Backend\\EduFlex\\eduflex-manage\\target\\classes\\mapper\\manage\\CourseChapterMapper.xml]\r\n### The error may involve defaultParameterMap\r\n### The error occurred while setting parameters\r\n### SQL: select ifnull(max(order_num), 0) from tb_course_chapter where parentId = 9?\r\n### Cause: java.sql.SQLSyntaxErrorException: Unknown column \'parentId\' in \'where clause\'\n; bad SQL grammar []; nested exception is java.sql.SQLSyntaxErrorException: Unknown column \'parentId\' in \'where clause\'', '2024-12-08 00:04:28', 5);
INSERT INTO `sys_oper_log` VALUES (449, '课程内容章节管理', 1, 'com.eduflex.manage.controller.CourseChapterController.add()', 'POST', 1, 'admin', '研发部门', '/manage/chapter', '127.0.0.1', '内网IP', '{\"children\":[],\"courseId\":1,\"name\":\"SpringCloud\",\"params\":{},\"parentId\":0}', NULL, 1, '\r\n### Error querying database.  Cause: java.sql.SQLSyntaxErrorException: Unknown column \'parentId\' in \'where clause\'\r\n### The error may exist in file [C:\\Study\\SCAUZJ\\FinalExam\\Backend\\EduFlex\\eduflex-manage\\target\\classes\\mapper\\manage\\CourseChapterMapper.xml]\r\n### The error may involve defaultParameterMap\r\n### The error occurred while setting parameters\r\n### SQL: select ifnull(max(order_num), 0) from tb_course_chapter where parentId = 9?\r\n### Cause: java.sql.SQLSyntaxErrorException: Unknown column \'parentId\' in \'where clause\'\n; bad SQL grammar []; nested exception is java.sql.SQLSyntaxErrorException: Unknown column \'parentId\' in \'where clause\'', '2024-12-08 00:11:16', 5);
INSERT INTO `sys_oper_log` VALUES (450, '课程内容章节管理', 1, 'com.eduflex.manage.controller.CourseChapterController.add()', 'POST', 1, 'admin', '研发部门', '/manage/chapter', '127.0.0.1', '内网IP', '{\"children\":[],\"courseId\":1,\"name\":\"SpringCloud\",\"params\":{},\"parentId\":0}', NULL, 1, '\r\n### Error querying database.  Cause: java.sql.SQLSyntaxErrorException: Unknown column \'parentId\' in \'where clause\'\r\n### The error may exist in file [C:\\Study\\SCAUZJ\\FinalExam\\Backend\\EduFlex\\eduflex-manage\\target\\classes\\mapper\\manage\\CourseChapterMapper.xml]\r\n### The error may involve defaultParameterMap\r\n### The error occurred while setting parameters\r\n### SQL: select ifnull(max(order_num), 0) from tb_course_chapter where parentId = 9?\r\n### Cause: java.sql.SQLSyntaxErrorException: Unknown column \'parentId\' in \'where clause\'\n; bad SQL grammar []; nested exception is java.sql.SQLSyntaxErrorException: Unknown column \'parentId\' in \'where clause\'', '2024-12-08 00:19:00', 82);
INSERT INTO `sys_oper_log` VALUES (451, '课程内容章节管理', 1, 'com.eduflex.manage.controller.CourseChapterController.add()', 'POST', 1, 'admin', '研发部门', '/manage/chapter', '127.0.0.1', '内网IP', '{\"children\":[],\"courseId\":1,\"name\":\"SpringCloud\",\"params\":{},\"parentId\":0}', NULL, 1, '\r\n### Error querying database.  Cause: java.sql.SQLSyntaxErrorException: Unknown column \'parentId\' in \'where clause\'\r\n### The error may exist in file [C:\\Study\\SCAUZJ\\FinalExam\\Backend\\EduFlex\\eduflex-manage\\target\\classes\\mapper\\manage\\CourseChapterMapper.xml]\r\n### The error may involve defaultParameterMap\r\n### The error occurred while setting parameters\r\n### SQL: select ifnull(max(order_num), 0) from tb_course_chapter where parentId = 9?\r\n### Cause: java.sql.SQLSyntaxErrorException: Unknown column \'parentId\' in \'where clause\'\n; bad SQL grammar []; nested exception is java.sql.SQLSyntaxErrorException: Unknown column \'parentId\' in \'where clause\'', '2024-12-08 00:21:35', 29663);
INSERT INTO `sys_oper_log` VALUES (452, '课程内容章节管理', 1, 'com.eduflex.manage.controller.CourseChapterController.add()', 'POST', 1, 'admin', '研发部门', '/manage/chapter', '127.0.0.1', '内网IP', '{\"children\":[],\"courseId\":1,\"createTime\":\"2024-12-08 00:22:17\",\"id\":23,\"name\":\"SpringCloud\",\"orderNum\":4,\"params\":{},\"parentId\":0}', '{\"msg\":\"操作成功\",\"code\":200}', 0, NULL, '2024-12-08 00:22:17', 1796);
INSERT INTO `sys_oper_log` VALUES (453, '课程内容章节管理', 3, 'com.eduflex.manage.controller.CourseChapterController.remove()', 'DELETE', 1, 'admin', '研发部门', '/manage/chapter/23', '127.0.0.1', '内网IP', '{}', '{\"msg\":\"操作成功\",\"code\":200}', 0, NULL, '2024-12-08 00:22:23', 130);
INSERT INTO `sys_oper_log` VALUES (454, '课程内容章节管理', 2, 'com.eduflex.manage.controller.CourseChapterController.edit()', 'PUT', 1, 'admin', '研发部门', '/manage/chapter', '127.0.0.1', '内网IP', '{\"children\":[],\"courseId\":1,\"createTime\":\"2024-10-16 12:18:08\",\"id\":1,\"name\":\"软件资源\",\"orderNum\":2,\"params\":{},\"updateTime\":\"2024-12-08 00:58:19\"}', '{\"msg\":\"操作成功\",\"code\":200}', 0, NULL, '2024-12-08 00:58:19', 19);
INSERT INTO `sys_oper_log` VALUES (455, '课程内容章节管理', 2, 'com.eduflex.manage.controller.CourseChapterController.edit()', 'PUT', 1, 'admin', '研发部门', '/manage/chapter', '127.0.0.1', '内网IP', '{\"children\":[],\"courseId\":1,\"createTime\":\"2024-10-16 12:18:08\",\"id\":1,\"name\":\"软件资源\",\"orderNum\":1,\"params\":{},\"updateTime\":\"2024-12-08 00:58:23\"}', '{\"msg\":\"操作成功\",\"code\":200}', 0, NULL, '2024-12-08 00:58:23', 7);
INSERT INTO `sys_oper_log` VALUES (456, '课程内容章节管理', 2, 'com.eduflex.manage.controller.CourseChapterController.edit()', 'PUT', 1, 'admin', '研发部门', '/manage/chapter', '127.0.0.1', '内网IP', '{\"children\":[],\"courseId\":1,\"createTime\":\"2024-10-14 12:32:44\",\"hasChildren\":1,\"id\":2,\"name\":\"RPA开发平台\",\"orderNum\":2,\"params\":{},\"parentId\":1,\"updateTime\":\"2024-12-08 00:58:30\"}', '{\"msg\":\"操作成功\",\"code\":200}', 0, NULL, '2024-12-08 00:58:30', 8);
INSERT INTO `sys_oper_log` VALUES (457, '课程内容章节管理', 2, 'com.eduflex.manage.controller.CourseChapterController.edit()', 'PUT', 1, 'admin', '研发部门', '/manage/chapter', '127.0.0.1', '内网IP', '{\"children\":[],\"courseId\":1,\"createTime\":\"2024-10-14 12:32:44\",\"hasChildren\":1,\"id\":2,\"name\":\"RPA开发平台\",\"orderNum\":1,\"params\":{},\"parentId\":1,\"updateTime\":\"2024-12-08 00:58:34\"}', '{\"msg\":\"操作成功\",\"code\":200}', 0, NULL, '2024-12-08 00:58:34', 7);
INSERT INTO `sys_oper_log` VALUES (458, '学院管理', 2, 'com.eduflex.manage.controller.CollegeController.edit()', 'PUT', 1, 'admin', '研发部门', '/manage/college', '127.0.0.1', '内网IP', '{\"ancestors\":\"0,1\",\"children\":[],\"createBy\":\"admin\",\"createTime\":\"2024-10-05 15:42:06\",\"id\":2,\"name\":\"人工智能学院\",\"params\":{},\"parentId\":1,\"updateBy\":\"admin\",\"updateTime\":\"2024-12-08 01:15:39\"}', '{\"msg\":\"操作成功\",\"code\":200}', 0, NULL, '2024-12-08 01:15:39', 58);
INSERT INTO `sys_oper_log` VALUES (459, '学院管理', 1, 'com.eduflex.manage.controller.CollegeController.add()', 'POST', 1, 'admin', '研发部门', '/manage/college', '127.0.0.1', '内网IP', '{\"ancestors\":\"0,1\",\"children\":[],\"createBy\":\"admin\",\"createTime\":\"2024-12-08 01:15:47\",\"id\":1865445109870743554,\"name\":\"传媒学院\",\"params\":{},\"parentId\":1}', '{\"msg\":\"操作成功\",\"code\":200}', 0, NULL, '2024-12-08 01:15:47', 29);
INSERT INTO `sys_oper_log` VALUES (460, '学院管理', 3, 'com.eduflex.manage.controller.CollegeController.remove()', 'DELETE', 1, 'admin', '研发部门', '/manage/college/1865445109870743600', '127.0.0.1', '内网IP', '{}', '{\"msg\":\"操作失败\",\"code\":500}', 0, NULL, '2024-12-08 01:16:02', 31);
INSERT INTO `sys_oper_log` VALUES (461, '学院管理', 3, 'com.eduflex.manage.controller.CollegeController.remove()', 'DELETE', 1, 'admin', '研发部门', '/manage/college/1865445109870743600', '127.0.0.1', '内网IP', '{}', '{\"msg\":\"操作失败\",\"code\":500}', 0, NULL, '2024-12-08 01:16:29', 9);
INSERT INTO `sys_oper_log` VALUES (462, '课程管理', 1, 'com.eduflex.manage.controller.CourseController.add()', 'POST', 1, 'admin', '研发部门', '/manage/course', '127.0.0.1', '内网IP', '{\"createBy\":\"admin\",\"endTime\":\"2024-12-19\",\"id\":4,\"name\":\"1\",\"params\":{},\"startTime\":\"2024-12-05\",\"status\":\"0\",\"teacherId\":100}', '{\"msg\":\"操作成功\",\"code\":200}', 0, NULL, '2024-12-08 01:17:25', 22);
INSERT INTO `sys_oper_log` VALUES (463, '课程管理', 3, 'com.eduflex.manage.controller.CourseController.remove()', 'DELETE', 1, 'admin', '研发部门', '/manage/course/4', '127.0.0.1', '内网IP', '{}', '{\"msg\":\"操作成功\",\"code\":200}', 0, NULL, '2024-12-08 01:17:27', 25);
INSERT INTO `sys_oper_log` VALUES (464, '学院管理', 3, 'com.eduflex.manage.controller.CollegeController.remove()', 'DELETE', 1, 'admin', '研发部门', '/manage/college/1865445109870743600', '127.0.0.1', '内网IP', '{}', '{\"msg\":\"操作失败\",\"code\":500}', 0, NULL, '2024-12-08 01:17:41', 10);
INSERT INTO `sys_oper_log` VALUES (465, '学院管理', 3, 'com.eduflex.manage.controller.CollegeController.remove()', 'DELETE', 1, 'admin', '研发部门', '/manage/college/4', '127.0.0.1', '内网IP', '{}', '{\"msg\":\"操作成功\",\"code\":200}', 0, NULL, '2024-12-08 01:17:53', 12);
INSERT INTO `sys_oper_log` VALUES (466, '学院管理', 1, 'com.eduflex.manage.controller.CollegeController.add()', 'POST', 1, 'admin', '研发部门', '/manage/college', '127.0.0.1', '内网IP', '{\"ancestors\":\"0,1\",\"children\":[],\"createBy\":\"admin\",\"createTime\":\"2024-12-08 01:19:00\",\"id\":1865445109870743555,\"name\":\"1\",\"params\":{},\"parentId\":1}', '{\"msg\":\"操作成功\",\"code\":200}', 0, NULL, '2024-12-08 01:19:00', 150);
INSERT INTO `sys_oper_log` VALUES (467, '学院管理', 3, 'com.eduflex.manage.controller.CollegeController.remove()', 'DELETE', 1, 'admin', '研发部门', '/manage/college/1865445109870743600', '127.0.0.1', '内网IP', '{}', '{\"msg\":\"操作失败\",\"code\":500}', 0, NULL, '2024-12-08 01:19:05', 44);
INSERT INTO `sys_oper_log` VALUES (468, '学院管理', 3, 'com.eduflex.manage.controller.CollegeController.remove()', 'DELETE', 1, 'admin', '研发部门', '/manage/college/1865445109870743600', '127.0.0.1', '内网IP', '{}', '{\"msg\":\"操作失败\",\"code\":500}', 0, NULL, '2024-12-08 01:20:07', 13569);
INSERT INTO `sys_oper_log` VALUES (469, '学院管理', 3, 'com.eduflex.manage.controller.CollegeController.remove()', 'DELETE', 1, 'admin', '研发部门', '/manage/college/1865445109870743600', '127.0.0.1', '内网IP', '{}', '{\"msg\":\"操作失败\",\"code\":500}', 0, NULL, '2024-12-08 01:20:21', 1962);
INSERT INTO `sys_oper_log` VALUES (470, '学院管理', 3, 'com.eduflex.manage.controller.CollegeController.remove()', 'DELETE', 1, 'admin', '研发部门', '/manage/college/1865445109870743600', '127.0.0.1', '内网IP', '{}', '{\"msg\":\"操作失败\",\"code\":500}', 0, NULL, '2024-12-08 01:21:22', 116);
INSERT INTO `sys_oper_log` VALUES (471, '学院管理', 3, 'com.eduflex.manage.controller.CollegeController.remove()', 'DELETE', 1, 'admin', '研发部门', '/manage/college/1865445109870743600', '127.0.0.1', '内网IP', '{}', '{\"msg\":\"操作失败\",\"code\":500}', 0, NULL, '2024-12-08 01:24:30', 113);
INSERT INTO `sys_oper_log` VALUES (472, '学院管理', 3, 'com.eduflex.manage.controller.CollegeController.remove()', 'DELETE', 1, 'admin', '研发部门', '/manage/college/1865445109870743600', '127.0.0.1', '内网IP', '{}', '{\"msg\":\"操作失败\",\"code\":500}', 0, NULL, '2024-12-08 01:24:32', 10);
INSERT INTO `sys_oper_log` VALUES (473, '学院管理', 1, 'com.eduflex.manage.controller.CollegeController.add()', 'POST', 1, 'admin', '研发部门', '/manage/college', '127.0.0.1', '内网IP', '{\"ancestors\":\"0,1\",\"children\":[],\"createBy\":\"admin\",\"createTime\":\"2024-12-08 01:24:36\",\"id\":1865445109870743556,\"name\":\"12\",\"params\":{},\"parentId\":1}', '{\"msg\":\"操作成功\",\"code\":200}', 0, NULL, '2024-12-08 01:24:37', 31);
INSERT INTO `sys_oper_log` VALUES (474, '学院管理', 3, 'com.eduflex.manage.controller.CollegeController.remove()', 'DELETE', 1, 'admin', '研发部门', '/manage/college/1865445109870743600', '127.0.0.1', '内网IP', '{}', '{\"msg\":\"操作失败\",\"code\":500}', 0, NULL, '2024-12-08 01:24:38', 10);
INSERT INTO `sys_oper_log` VALUES (475, '班级管理', 1, 'com.eduflex.manage.controller.GradeController.add()', 'POST', 1, 'admin', '研发部门', '/manage/grade', '127.0.0.1', '内网IP', '{\"collegeId\":3,\"createTime\":\"2024-12-08 01:27:00\",\"id\":8,\"name\":\"环境设计2101插本班\",\"params\":{}}', '{\"msg\":\"操作成功\",\"code\":200}', 0, NULL, '2024-12-08 01:27:01', 132);
INSERT INTO `sys_oper_log` VALUES (476, '课程管理', 1, 'com.eduflex.manage.controller.CourseController.add()', 'POST', 1, 'admin', '研发部门', '/manage/course', '127.0.0.1', '内网IP', '{\"createBy\":\"admin\",\"endTime\":\"2024-12-20\",\"id\":1865448112031920130,\"name\":\"1\",\"params\":{},\"startTime\":\"2024-12-05\",\"status\":\"2\",\"teacherId\":100}', '{\"msg\":\"操作成功\",\"code\":200}', 0, NULL, '2024-12-08 01:27:42', 21);
INSERT INTO `sys_oper_log` VALUES (477, '课程管理', 3, 'com.eduflex.manage.controller.CourseController.remove()', 'DELETE', 1, 'admin', '研发部门', '/manage/course/1865448112031920000', '127.0.0.1', '内网IP', '{}', '{\"msg\":\"操作失败\",\"code\":500}', 0, NULL, '2024-12-08 01:27:50', 32);
INSERT INTO `sys_oper_log` VALUES (478, '课程管理', 3, 'com.eduflex.manage.controller.CourseController.remove()', 'DELETE', 1, 'admin', '研发部门', '/manage/course/1865448112031920000', '127.0.0.1', '内网IP', '{}', '{\"msg\":\"操作失败\",\"code\":500}', 0, NULL, '2024-12-08 01:37:22', 45);
INSERT INTO `sys_oper_log` VALUES (479, '学院管理', 1, 'com.eduflex.manage.controller.CollegeController.add()', 'POST', 1, 'admin', '研发部门', '/manage/college', '127.0.0.1', '内网IP', '{\"ancestors\":\"0,1\",\"children\":[],\"createBy\":\"admin\",\"createTime\":\"2024-12-08 01:37:40\",\"id\":1865450619743338497,\"name\":\"123123\",\"params\":{},\"parentId\":1}', '{\"msg\":\"操作成功\",\"code\":200}', 0, NULL, '2024-12-08 01:37:40', 26);
INSERT INTO `sys_oper_log` VALUES (480, '学院管理', 3, 'com.eduflex.manage.controller.CollegeController.remove()', 'DELETE', 1, 'admin', '研发部门', '/manage/college/1865450619743338500', '127.0.0.1', '内网IP', '{}', '{\"msg\":\"操作失败\",\"code\":500}', 0, NULL, '2024-12-08 01:37:44', 10);
INSERT INTO `sys_oper_log` VALUES (481, '学院管理', 1, 'com.eduflex.manage.controller.CollegeController.add()', 'POST', 1, 'admin', '研发部门', '/manage/college', '127.0.0.1', '内网IP', '{\"ancestors\":\"0,1\",\"children\":[],\"createBy\":\"admin\",\"createTime\":\"2024-12-08 10:58:05\",\"id\":1865591653756346369,\"name\":\"123\",\"params\":{},\"parentId\":1}', '{\"msg\":\"操作成功\",\"code\":200}', 0, NULL, '2024-12-08 10:58:05', 27);
INSERT INTO `sys_oper_log` VALUES (482, '学院管理', 3, 'com.eduflex.manage.controller.CollegeController.remove()', 'DELETE', 1, 'admin', '研发部门', '/manage/college/1865591653756346400', '127.0.0.1', '内网IP', '{}', '{\"msg\":\"操作失败\",\"code\":500}', 0, NULL, '2024-12-08 10:58:07', 40);
INSERT INTO `sys_oper_log` VALUES (483, '学院管理', 3, 'com.eduflex.manage.controller.CollegeController.remove()', 'DELETE', 1, 'admin', '研发部门', '/manage/college/1865591653756346400', '127.0.0.1', '内网IP', '{}', '{\"msg\":\"操作失败\",\"code\":500}', 0, NULL, '2024-12-08 10:58:11', 11);
INSERT INTO `sys_oper_log` VALUES (484, '学院管理', 3, 'com.eduflex.manage.controller.CollegeController.remove()', 'DELETE', 1, 'admin', '研发部门', '/manage/college/1865591653756346400', '127.0.0.1', '内网IP', '{}', '{\"msg\":\"操作失败\",\"code\":500}', 0, NULL, '2024-12-08 10:59:51', 75403);
INSERT INTO `sys_oper_log` VALUES (485, '学院管理', 3, 'com.eduflex.manage.controller.CollegeController.remove()', 'DELETE', 1, 'admin', '研发部门', '/manage/college/1865591653756346400', '127.0.0.1', '内网IP', '{}', '{\"msg\":\"操作失败\",\"code\":500}', 0, NULL, '2024-12-08 11:01:35', 41340);
INSERT INTO `sys_oper_log` VALUES (486, '学院管理', 3, 'com.eduflex.manage.controller.CollegeController.remove()', 'DELETE', 1, 'admin', '研发部门', '/manage/college/1865591653756346400', '127.0.0.1', '内网IP', '{}', '{\"msg\":\"操作失败\",\"code\":500}', 0, NULL, '2024-12-08 11:02:45', 66725);
INSERT INTO `sys_oper_log` VALUES (487, '学院管理', 3, 'com.eduflex.manage.controller.CollegeController.remove()', 'DELETE', 1, 'admin', '研发部门', '/manage/college/1865591653756346400', '127.0.0.1', '内网IP', '{}', '{\"msg\":\"操作失败\",\"code\":500}', 0, NULL, '2024-12-08 11:05:54', 92379);
INSERT INTO `sys_oper_log` VALUES (488, '学院管理', 3, 'com.eduflex.manage.controller.CollegeController.remove()', 'DELETE', 1, 'admin', '研发部门', '/manage/college/1865591653756346400', '127.0.0.1', '内网IP', '{}', '{\"msg\":\"操作失败\",\"code\":500}', 0, NULL, '2024-12-08 11:07:40', 5186);
INSERT INTO `sys_oper_log` VALUES (489, '学院管理', 1, 'com.eduflex.manage.controller.CollegeController.add()', 'POST', 1, 'admin', '研发部门', '/manage/college', '127.0.0.1', '内网IP', '{\"ancestors\":\"0,1\",\"children\":[],\"createBy\":\"admin\",\"createTime\":\"2024-12-08 11:11:22\",\"id\":1865594995446435842,\"name\":\"123123\",\"params\":{},\"parentId\":1}', '{\"msg\":\"操作成功\",\"code\":200}', 0, NULL, '2024-12-08 11:11:22', 31);
INSERT INTO `sys_oper_log` VALUES (490, '学院管理', 3, 'com.eduflex.manage.controller.CollegeController.remove()', 'DELETE', 1, 'admin', '研发部门', '/manage/college/1865591653756346400', '127.0.0.1', '内网IP', '{}', '{\"msg\":\"操作失败\",\"code\":500}', 0, NULL, '2024-12-08 11:26:04', 2430);
INSERT INTO `sys_oper_log` VALUES (491, '学院管理', 1, 'com.eduflex.manage.controller.CollegeController.add()', 'POST', 1, 'admin', '研发部门', '/manage/college', '127.0.0.1', '内网IP', '{\"ancestors\":\"0,1\",\"children\":[],\"createBy\":\"admin\",\"createTime\":\"2024-12-08 11:26:10\",\"id\":1865598717656371201,\"name\":\"123111\",\"params\":{},\"parentId\":1}', '{\"msg\":\"操作成功\",\"code\":200}', 0, NULL, '2024-12-08 11:26:10', 28);
INSERT INTO `sys_oper_log` VALUES (492, '学院管理', 3, 'com.eduflex.manage.controller.CollegeController.remove()', 'DELETE', 1, 'admin', '研发部门', '/manage/college/1865598717656371201', '127.0.0.1', '内网IP', '{}', '{\"msg\":\"操作成功\",\"code\":200}', 0, NULL, '2024-12-08 11:31:20', 4895);
INSERT INTO `sys_oper_log` VALUES (493, '学院管理', 3, 'com.eduflex.manage.controller.CollegeController.remove()', 'DELETE', 1, 'admin', '研发部门', '/manage/college/1865594995446435842', '127.0.0.1', '内网IP', '{}', '{\"msg\":\"操作成功\",\"code\":200}', 0, NULL, '2024-12-08 11:34:25', 13);
INSERT INTO `sys_oper_log` VALUES (494, '学院管理', 3, 'com.eduflex.manage.controller.CollegeController.remove()', 'DELETE', 1, 'admin', '研发部门', '/manage/college/1865591653756346369', '127.0.0.1', '内网IP', '{}', '{\"msg\":\"操作成功\",\"code\":200}', 0, NULL, '2024-12-08 11:34:27', 10);
INSERT INTO `sys_oper_log` VALUES (495, '课程管理', 3, 'com.eduflex.manage.controller.CourseController.remove()', 'DELETE', 1, 'admin', '研发部门', '/manage/course/1865448112031920130', '127.0.0.1', '内网IP', '{}', '{\"msg\":\"操作成功\",\"code\":200}', 0, NULL, '2024-12-08 11:40:22', 51);
INSERT INTO `sys_oper_log` VALUES (496, '班级管理', 2, 'com.eduflex.manage.controller.GradeController.edit()', 'PUT', 1, 'admin', '研发部门', '/manage/grade', '127.0.0.1', '内网IP', '{\"collegeId\":2,\"createTime\":\"2024-10-05 20:08:12\",\"id\":\"1\",\"name\":\"计算机科学与技术2103插本班\",\"params\":{},\"updateBy\":\"admin\",\"updateTime\":\"2024-12-08 12:55:54\"}', '{\"msg\":\"操作成功\",\"code\":200}', 0, NULL, '2024-12-08 12:55:54', 43);
INSERT INTO `sys_oper_log` VALUES (497, '班级管理', 2, 'com.eduflex.manage.controller.GradeController.edit()', 'PUT', 1, 'admin', '研发部门', '/manage/grade', '127.0.0.1', '内网IP', '{\"collegeId\":\"2\",\"createTime\":\"2024-10-05 20:08:12\",\"id\":\"1\",\"name\":\"计算机科学与技术2103插本班\",\"params\":{},\"updateBy\":\"admin\",\"updateTime\":\"2024-12-08 13:05:04\"}', '{\"msg\":\"操作成功\",\"code\":200}', 0, NULL, '2024-12-08 13:05:04', 62);
INSERT INTO `sys_oper_log` VALUES (498, '学生管理', 1, 'com.eduflex.manage.controller.StudentController.add()', 'POST', 1, 'admin', '研发部门', '/manage/student', '127.0.0.1', '内网IP', '{\"admin\":false,\"gradeId\":\"1\",\"nickName\":\"张三\",\"params\":{},\"sex\":\"2\",\"status\":\"0\",\"userName\":\"202325350124\"}', '{\"msg\":\"新增学生‘202325350124\'失败，登录账号已存在\",\"code\":500}', 0, NULL, '2024-12-08 13:49:25', 68);
INSERT INTO `sys_oper_log` VALUES (499, '学生管理', 1, 'com.eduflex.manage.controller.StudentController.add()', 'POST', 1, 'admin', '研发部门', '/manage/student', '127.0.0.1', '内网IP', '{\"admin\":false,\"createBy\":\"admin\",\"gradeId\":\"1\",\"id\":\"3\",\"nickName\":\"张三\",\"params\":{},\"roleId\":4,\"sex\":\"2\",\"status\":\"0\",\"userId\":\"107\",\"userName\":\"202325350130\"}', '{\"msg\":\"操作成功\",\"code\":200}', 0, NULL, '2024-12-08 13:49:32', 126);
INSERT INTO `sys_oper_log` VALUES (500, '学生管理', 1, 'com.eduflex.manage.controller.StudentController.add()', 'POST', 1, 'admin', '研发部门', '/manage/student', '127.0.0.1', '内网IP', '{\"admin\":false,\"avatar\":\"\",\"createBy\":\"admin\",\"createTime\":\"2024-12-08 13:49:32\",\"email\":\"\",\"gradeId\":\"1\",\"id\":\"3\",\"loginIp\":\"\",\"nickName\":\"张三\",\"params\":{},\"phonenumber\":\"\",\"roleId\":4,\"sex\":\"2\",\"status\":\"0\",\"updateTime\":\"2024-12-08 13:49:32\",\"userId\":\"107\",\"userName\":\"202325350130\"}', NULL, 1, '\r\n### Error updating database.  Cause: java.sql.SQLIntegrityConstraintViolationException: Duplicate entry \'107\' for key \'sys_user.PRIMARY\'\r\n### The error may exist in file [C:\\Study\\SCAUZJ\\FinalExam\\Backend\\EduFlex\\eduflex-system\\target\\classes\\mapper\\system\\SysUserMapper.xml]\r\n### The error may involve com.eduflex.system.mapper.SysUserMapper.insertUser-Inline\r\n### The error occurred while setting parameters\r\n### SQL: insert into sys_user(      user_id,             user_name,       nick_name,                         sex,       password,       status,       create_by,            create_time    )values(      ?,             ?,       ?,                         ?,       ?,       ?,       ?,            sysdate()    )\r\n### Cause: java.sql.SQLIntegrityConstraintViolationException: Duplicate entry \'107\' for key \'sys_user.PRIMARY\'\n; Duplicate entry \'107\' for key \'sys_user.PRIMARY\'; nested exception is java.sql.SQLIntegrityConstraintViolationException: Duplicate entry \'107\' for key \'sys_user.PRIMARY\'', '2024-12-08 13:49:59', 155);
INSERT INTO `sys_oper_log` VALUES (501, '学生管理', 1, 'com.eduflex.manage.controller.StudentController.add()', 'POST', 1, 'admin', '研发部门', '/manage/student', '127.0.0.1', '内网IP', '{\"admin\":false,\"avatar\":\"\",\"createBy\":\"admin\",\"createTime\":\"2024-12-08 13:49:32\",\"email\":\"\",\"gradeId\":\"1\",\"id\":\"3\",\"loginIp\":\"\",\"nickName\":\"张三\",\"params\":{},\"phonenumber\":\"\",\"roleId\":4,\"sex\":\"2\",\"status\":\"0\",\"updateTime\":\"2024-12-08 13:49:32\",\"userId\":\"107\",\"userName\":\"202325350130\"}', NULL, 1, '\r\n### Error updating database.  Cause: java.sql.SQLIntegrityConstraintViolationException: Duplicate entry \'107\' for key \'sys_user.PRIMARY\'\r\n### The error may exist in file [C:\\Study\\SCAUZJ\\FinalExam\\Backend\\EduFlex\\eduflex-system\\target\\classes\\mapper\\system\\SysUserMapper.xml]\r\n### The error may involve com.eduflex.system.mapper.SysUserMapper.insertUser-Inline\r\n### The error occurred while setting parameters\r\n### SQL: insert into sys_user(      user_id,             user_name,       nick_name,                         sex,       password,       status,       create_by,            create_time    )values(      ?,             ?,       ?,                         ?,       ?,       ?,       ?,            sysdate()    )\r\n### Cause: java.sql.SQLIntegrityConstraintViolationException: Duplicate entry \'107\' for key \'sys_user.PRIMARY\'\n; Duplicate entry \'107\' for key \'sys_user.PRIMARY\'; nested exception is java.sql.SQLIntegrityConstraintViolationException: Duplicate entry \'107\' for key \'sys_user.PRIMARY\'', '2024-12-08 13:52:16', 95);
INSERT INTO `sys_oper_log` VALUES (502, '学生管理', 1, 'com.eduflex.manage.controller.StudentController.add()', 'POST', 1, 'admin', '研发部门', '/manage/student', '127.0.0.1', '内网IP', '{\"admin\":false,\"avatar\":\"\",\"createBy\":\"admin\",\"createTime\":\"2024-12-08 13:49:32\",\"email\":\"\",\"gradeId\":\"1\",\"id\":\"3\",\"loginIp\":\"\",\"nickName\":\"张三\",\"params\":{},\"phonenumber\":\"\",\"roleId\":4,\"sex\":\"0\",\"status\":\"0\",\"updateTime\":\"2024-12-08 13:49:32\",\"userId\":\"107\",\"userName\":\"202325350130\"}', NULL, 1, '\r\n### Error updating database.  Cause: java.sql.SQLIntegrityConstraintViolationException: Duplicate entry \'107\' for key \'sys_user.PRIMARY\'\r\n### The error may exist in file [C:\\Study\\SCAUZJ\\FinalExam\\Backend\\EduFlex\\eduflex-system\\target\\classes\\mapper\\system\\SysUserMapper.xml]\r\n### The error may involve com.eduflex.system.mapper.SysUserMapper.insertUser-Inline\r\n### The error occurred while setting parameters\r\n### SQL: insert into sys_user(      user_id,             user_name,       nick_name,                         sex,       password,       status,       create_by,            create_time    )values(      ?,             ?,       ?,                         ?,       ?,       ?,       ?,            sysdate()    )\r\n### Cause: java.sql.SQLIntegrityConstraintViolationException: Duplicate entry \'107\' for key \'sys_user.PRIMARY\'\n; Duplicate entry \'107\' for key \'sys_user.PRIMARY\'; nested exception is java.sql.SQLIntegrityConstraintViolationException: Duplicate entry \'107\' for key \'sys_user.PRIMARY\'', '2024-12-08 16:07:52', 282);
INSERT INTO `sys_oper_log` VALUES (503, '学生管理', 1, 'com.eduflex.manage.controller.StudentController.add()', 'POST', 1, 'admin', '研发部门', '/manage/student', '127.0.0.1', '内网IP', '{\"admin\":false,\"avatar\":\"\",\"createBy\":\"admin\",\"createTime\":\"2024-12-08 13:49:32\",\"email\":\"\",\"gradeId\":\"1\",\"id\":\"3\",\"loginIp\":\"\",\"nickName\":\"张三\",\"params\":{},\"phonenumber\":\"\",\"roleId\":4,\"sex\":\"0\",\"status\":\"0\",\"updateTime\":\"2024-12-08 13:49:32\",\"userId\":\"107\",\"userName\":\"202325350130\"}', NULL, 1, '\r\n### Error updating database.  Cause: java.sql.SQLIntegrityConstraintViolationException: Duplicate entry \'107\' for key \'sys_user.PRIMARY\'\r\n### The error may exist in file [C:\\Study\\SCAUZJ\\FinalExam\\Backend\\EduFlex\\eduflex-system\\target\\classes\\mapper\\system\\SysUserMapper.xml]\r\n### The error may involve com.eduflex.system.mapper.SysUserMapper.insertUser-Inline\r\n### The error occurred while setting parameters\r\n### SQL: insert into sys_user(      user_id,             user_name,       nick_name,                         sex,       password,       status,       create_by,            create_time    )values(      ?,             ?,       ?,                         ?,       ?,       ?,       ?,            sysdate()    )\r\n### Cause: java.sql.SQLIntegrityConstraintViolationException: Duplicate entry \'107\' for key \'sys_user.PRIMARY\'\n; Duplicate entry \'107\' for key \'sys_user.PRIMARY\'; nested exception is java.sql.SQLIntegrityConstraintViolationException: Duplicate entry \'107\' for key \'sys_user.PRIMARY\'', '2024-12-08 16:08:38', 77);
INSERT INTO `sys_oper_log` VALUES (504, '学生管理', 1, 'com.eduflex.manage.controller.StudentController.add()', 'POST', 1, 'admin', '研发部门', '/manage/student', '127.0.0.1', '内网IP', '{\"admin\":false,\"avatar\":\"\",\"createBy\":\"admin\",\"createTime\":\"2024-12-08 13:49:32\",\"email\":\"\",\"gradeId\":\"1\",\"id\":\"3\",\"loginIp\":\"\",\"nickName\":\"张三\",\"params\":{},\"phonenumber\":\"\",\"roleId\":4,\"sex\":\"0\",\"status\":\"0\",\"updateTime\":\"2024-12-08 13:49:32\",\"userId\":\"107\",\"userName\":\"202325350130\"}', NULL, 1, '\r\n### Error updating database.  Cause: java.sql.SQLIntegrityConstraintViolationException: Duplicate entry \'107\' for key \'sys_user.PRIMARY\'\r\n### The error may exist in file [C:\\Study\\SCAUZJ\\FinalExam\\Backend\\EduFlex\\eduflex-system\\target\\classes\\mapper\\system\\SysUserMapper.xml]\r\n### The error may involve com.eduflex.system.mapper.SysUserMapper.insertUser-Inline\r\n### The error occurred while setting parameters\r\n### SQL: insert into sys_user(      user_id,             user_name,       nick_name,                         sex,       password,       status,       create_by,            create_time    )values(      ?,             ?,       ?,                         ?,       ?,       ?,       ?,            sysdate()    )\r\n### Cause: java.sql.SQLIntegrityConstraintViolationException: Duplicate entry \'107\' for key \'sys_user.PRIMARY\'\n; Duplicate entry \'107\' for key \'sys_user.PRIMARY\'; nested exception is java.sql.SQLIntegrityConstraintViolationException: Duplicate entry \'107\' for key \'sys_user.PRIMARY\'', '2024-12-08 16:08:44', 84);
INSERT INTO `sys_oper_log` VALUES (505, '学生管理', 1, 'com.eduflex.manage.controller.StudentController.add()', 'POST', 1, 'admin', '研发部门', '/manage/student', '127.0.0.1', '内网IP', '{\"admin\":false,\"avatar\":\"\",\"collegeId\":\"2\",\"createBy\":\"admin\",\"createTime\":\"2024-12-08 01:35:51\",\"email\":\"\",\"gradeId\":\"1\",\"id\":\"1\",\"loginIp\":\"\",\"nickName\":\"林煜鋒\",\"params\":{},\"phonenumber\":\"\",\"roleId\":4,\"sex\":\"0\",\"status\":\"0\",\"updateTime\":\"2024-12-08 01:35:51\",\"userId\":\"104\",\"userName\":\"202325350123\"}', NULL, 1, '\r\n### Error updating database.  Cause: java.sql.SQLIntegrityConstraintViolationException: Duplicate entry \'104\' for key \'sys_user.PRIMARY\'\r\n### The error may exist in file [C:\\Study\\SCAUZJ\\FinalExam\\Backend\\EduFlex\\eduflex-system\\target\\classes\\mapper\\system\\SysUserMapper.xml]\r\n### The error may involve com.eduflex.system.mapper.SysUserMapper.insertUser-Inline\r\n### The error occurred while setting parameters\r\n### SQL: insert into sys_user(      user_id,             user_name,       nick_name,                         sex,       password,       status,       create_by,            create_time    )values(      ?,             ?,       ?,                         ?,       ?,       ?,       ?,            sysdate()    )\r\n### Cause: java.sql.SQLIntegrityConstraintViolationException: Duplicate entry \'104\' for key \'sys_user.PRIMARY\'\n; Duplicate entry \'104\' for key \'sys_user.PRIMARY\'; nested exception is java.sql.SQLIntegrityConstraintViolationException: Duplicate entry \'104\' for key \'sys_user.PRIMARY\'', '2024-12-08 16:09:16', 81);
INSERT INTO `sys_oper_log` VALUES (506, '学生管理', 2, 'com.eduflex.manage.controller.StudentController.edit()', 'PUT', 1, 'admin', '研发部门', '/manage/student', '127.0.0.1', '内网IP', '{\"admin\":false,\"avatar\":\"\",\"createTime\":\"2024-12-08 13:49:32\",\"email\":\"\",\"gradeId\":\"1\",\"id\":\"3\",\"loginIp\":\"\",\"nickName\":\"张三\",\"params\":{},\"phonenumber\":\"\",\"roleId\":4,\"sex\":\"2\",\"status\":\"0\",\"updateBy\":\"admin\",\"updateTime\":\"2024-12-08 16:12:14\",\"userId\":\"107\",\"userName\":\"202325350130\"}', '{\"msg\":\"操作成功\",\"code\":200}', 0, NULL, '2024-12-08 16:12:17', 3146);
INSERT INTO `sys_oper_log` VALUES (507, '学生管理', 2, 'com.eduflex.manage.controller.StudentController.edit()', 'PUT', 1, 'admin', '研发部门', '/manage/student', '127.0.0.1', '内网IP', '{\"admin\":false,\"avatar\":\"\",\"createTime\":\"2024-12-08 13:49:32\",\"email\":\"\",\"gradeId\":\"1\",\"id\":\"3\",\"loginIp\":\"\",\"nickName\":\"张三\",\"params\":{},\"phonenumber\":\"\",\"roleId\":4,\"sex\":\"0\",\"status\":\"0\",\"updateBy\":\"admin\",\"updateTime\":\"2024-12-08 16:12:20\",\"userId\":\"107\",\"userName\":\"202325350130\"}', '{\"msg\":\"操作成功\",\"code\":200}', 0, NULL, '2024-12-08 16:12:20', 31);
INSERT INTO `sys_oper_log` VALUES (508, '学生管理', 1, 'com.eduflex.manage.controller.StudentController.add()', 'POST', 1, 'admin', '研发部门', '/manage/student', '127.0.0.1', '内网IP', '{\"admin\":false,\"createBy\":\"admin\",\"gradeId\":\"1\",\"id\":\"1865672162641510401\",\"nickName\":\"李四\",\"params\":{},\"roleId\":4,\"sex\":\"2\",\"status\":\"0\",\"userId\":\"108\",\"userName\":\"202325350131\"}', NULL, 1, '\r\n### Error updating database.  Cause: java.sql.SQLSyntaxErrorException: Unknown column \'user_name\' in \'field list\'\r\n### The error may exist in com/eduflex/manage/mapper/StudentMapper.java (best guess)\r\n### The error may involve com.eduflex.manage.mapper.StudentMapper.insert-Inline\r\n### The error occurred while setting parameters\r\n### SQL: INSERT INTO tb_student  ( id, user_id,  grade_id, user_name, nick_name,  create_by )  VALUES (  ?, ?,  ?, ?, ?,  ?  )\r\n### Cause: java.sql.SQLSyntaxErrorException: Unknown column \'user_name\' in \'field list\'\n; bad SQL grammar []; nested exception is java.sql.SQLSyntaxErrorException: Unknown column \'user_name\' in \'field list\'', '2024-12-08 16:18:00', 314);
INSERT INTO `sys_oper_log` VALUES (509, '学生管理', 1, 'com.eduflex.manage.controller.StudentController.add()', 'POST', 1, 'admin', '研发部门', '/manage/student', '127.0.0.1', '内网IP', '{\"admin\":false,\"createBy\":\"admin\",\"gradeId\":\"1\",\"id\":\"1865673201620942850\",\"nickName\":\"李四\",\"params\":{},\"roleId\":4,\"sex\":\"2\",\"status\":\"0\",\"userId\":\"109\",\"userName\":\"202325350131\"}', NULL, 1, '\r\n### Error updating database.  Cause: java.sql.SQLSyntaxErrorException: Unknown column \'user_name\' in \'field list\'\r\n### The error may exist in com/eduflex/manage/mapper/StudentMapper.java (best guess)\r\n### The error may involve com.eduflex.manage.mapper.StudentMapper.insert-Inline\r\n### The error occurred while setting parameters\r\n### SQL: INSERT INTO tb_student  ( id, user_id,  grade_id, user_name, nick_name,  create_by )  VALUES (  ?, ?,  ?, ?, ?,  ?  )\r\n### Cause: java.sql.SQLSyntaxErrorException: Unknown column \'user_name\' in \'field list\'\n; bad SQL grammar []; nested exception is java.sql.SQLSyntaxErrorException: Unknown column \'user_name\' in \'field list\'', '2024-12-08 16:22:08', 164877);
INSERT INTO `sys_oper_log` VALUES (510, '学生管理', 2, 'com.eduflex.manage.controller.StudentController.edit()', 'PUT', 1, 'admin', '研发部门', '/manage/student', '127.0.0.1', '内网IP', '{\"admin\":false,\"avatar\":\"\",\"collegeId\":\"2\",\"createTime\":\"2024-12-08 13:49:32\",\"email\":\"\",\"gradeId\":\"1\",\"id\":\"3\",\"loginIp\":\"\",\"nickName\":\"张三\",\"params\":{},\"phonenumber\":\"\",\"roleId\":4,\"sex\":\"0\",\"status\":\"0\",\"updateBy\":\"admin\",\"updateTime\":\"2024-12-08 16:42:44\",\"userId\":\"107\",\"userName\":\"202325350130\"}', NULL, 1, '\r\n### Error updating database.  Cause: java.sql.SQLSyntaxErrorException: Unknown column \'user_name\' in \'field list\'\r\n### The error may exist in com/eduflex/manage/mapper/StudentMapper.java (best guess)\r\n### The error may involve com.eduflex.manage.mapper.StudentMapper.updateById-Inline\r\n### The error occurred while setting parameters\r\n### SQL: UPDATE tb_student  SET user_id=?, college_id=?, grade_id=?, user_name=?, nick_name=?, phonenumber=?,  create_time=?, update_by=?, update_time=?  WHERE id=? AND deleted=0\r\n### Cause: java.sql.SQLSyntaxErrorException: Unknown column \'user_name\' in \'field list\'\n; bad SQL grammar []; nested exception is java.sql.SQLSyntaxErrorException: Unknown column \'user_name\' in \'field list\'', '2024-12-08 16:42:44', 268);
INSERT INTO `sys_oper_log` VALUES (511, '学生管理', 2, 'com.eduflex.manage.controller.StudentController.edit()', 'PUT', 1, 'admin', '研发部门', '/manage/student', '127.0.0.1', '内网IP', '{\"admin\":false,\"avatar\":\"\",\"collegeId\":\"2\",\"createTime\":\"2024-12-08 13:49:32\",\"email\":\"\",\"gradeId\":\"1\",\"id\":\"3\",\"loginIp\":\"\",\"nickName\":\"张三\",\"params\":{},\"phonenumber\":\"\",\"roleId\":4,\"sex\":\"0\",\"status\":\"0\",\"updateBy\":\"admin\",\"updateTime\":\"2024-12-08 16:43:12\",\"userId\":\"107\",\"userName\":\"202325350130\"}', NULL, 1, '\r\n### Error updating database.  Cause: java.sql.SQLSyntaxErrorException: Unknown column \'user_name\' in \'field list\'\r\n### The error may exist in com/eduflex/manage/mapper/StudentMapper.java (best guess)\r\n### The error may involve com.eduflex.manage.mapper.StudentMapper.updateById-Inline\r\n### The error occurred while setting parameters\r\n### SQL: UPDATE tb_student  SET user_id=?, college_id=?, grade_id=?, user_name=?, nick_name=?, phonenumber=?,  create_time=?, update_by=?, update_time=?  WHERE id=? AND deleted=0\r\n### Cause: java.sql.SQLSyntaxErrorException: Unknown column \'user_name\' in \'field list\'\n; bad SQL grammar []; nested exception is java.sql.SQLSyntaxErrorException: Unknown column \'user_name\' in \'field list\'', '2024-12-08 16:43:14', 2001);
INSERT INTO `sys_oper_log` VALUES (512, '学生管理', 2, 'com.eduflex.manage.controller.StudentController.edit()', 'PUT', 1, 'admin', '研发部门', '/manage/student', '127.0.0.1', '内网IP', '{\"admin\":false,\"avatar\":\"\",\"collegeId\":\"2\",\"createTime\":\"2024-12-08 13:49:32\",\"email\":\"\",\"gradeId\":\"1\",\"id\":\"3\",\"loginIp\":\"\",\"nickName\":\"张三\",\"params\":{},\"phonenumber\":\"\",\"roleId\":4,\"sex\":\"0\",\"status\":\"0\",\"updateBy\":\"admin\",\"updateTime\":\"2024-12-08 16:45:29\",\"userId\":\"107\",\"userName\":\"202325350130\"}', NULL, 1, '\r\n### Error updating database.  Cause: java.sql.SQLSyntaxErrorException: Unknown column \'user_name\' in \'field list\'\r\n### The error may exist in com/eduflex/manage/mapper/StudentMapper.java (best guess)\r\n### The error may involve com.eduflex.manage.mapper.StudentMapper.updateById-Inline\r\n### The error occurred while setting parameters\r\n### SQL: UPDATE tb_student  SET user_id=?, college_id=?, grade_id=?, user_name=?, nick_name=?, phonenumber=?,  create_time=?, update_by=?, update_time=?  WHERE id=? AND deleted=0\r\n### Cause: java.sql.SQLSyntaxErrorException: Unknown column \'user_name\' in \'field list\'\n; bad SQL grammar []; nested exception is java.sql.SQLSyntaxErrorException: Unknown column \'user_name\' in \'field list\'', '2024-12-08 16:45:33', 3234);
INSERT INTO `sys_oper_log` VALUES (513, '学生管理', 2, 'com.eduflex.manage.controller.StudentController.edit()', 'PUT', 1, 'admin', '研发部门', '/manage/student', '127.0.0.1', '内网IP', '{\"admin\":false,\"avatar\":\"\",\"collegeId\":\"2\",\"createTime\":\"2024-12-08 13:49:32\",\"email\":\"\",\"gradeId\":\"1\",\"id\":\"3\",\"loginIp\":\"\",\"nickName\":\"张三\",\"params\":{},\"phonenumber\":\"\",\"roleId\":4,\"sex\":\"0\",\"status\":\"0\",\"updateBy\":\"admin\",\"updateTime\":\"2024-12-08 16:45:52\",\"userId\":\"107\",\"userName\":\"202325350130\"}', NULL, 1, '\r\n### Error updating database.  Cause: java.sql.SQLSyntaxErrorException: Unknown column \'user_name\' in \'field list\'\r\n### The error may exist in com/eduflex/manage/mapper/StudentMapper.java (best guess)\r\n### The error may involve com.eduflex.manage.mapper.StudentMapper.updateById-Inline\r\n### The error occurred while setting parameters\r\n### SQL: UPDATE tb_student  SET user_id=?, college_id=?, grade_id=?, user_name=?, nick_name=?, phonenumber=?,  create_time=?, update_by=?, update_time=?  WHERE id=? AND deleted=0\r\n### Cause: java.sql.SQLSyntaxErrorException: Unknown column \'user_name\' in \'field list\'\n; bad SQL grammar []; nested exception is java.sql.SQLSyntaxErrorException: Unknown column \'user_name\' in \'field list\'', '2024-12-08 16:46:00', 8191);
INSERT INTO `sys_oper_log` VALUES (514, '学生管理', 2, 'com.eduflex.manage.controller.StudentController.edit()', 'PUT', 1, 'admin', '研发部门', '/manage/student', '127.0.0.1', '内网IP', '{\"admin\":false,\"avatar\":\"\",\"collegeId\":\"2\",\"createTime\":\"2024-12-08 13:49:32\",\"email\":\"\",\"gradeId\":\"1\",\"id\":\"3\",\"loginIp\":\"\",\"nickName\":\"张三\",\"params\":{},\"phonenumber\":\"\",\"roleId\":4,\"sex\":\"0\",\"status\":\"0\",\"updateBy\":\"admin\",\"updateTime\":\"2024-12-08 16:46:34\",\"userId\":\"107\",\"userName\":\"202325350130\"}', '{\"msg\":\"操作失败\",\"code\":500}', 0, NULL, '2024-12-08 16:46:34', 303);
INSERT INTO `sys_oper_log` VALUES (515, '学生管理', 2, 'com.eduflex.manage.controller.StudentController.edit()', 'PUT', 1, 'admin', '研发部门', '/manage/student', '127.0.0.1', '内网IP', '{\"admin\":false,\"avatar\":\"\",\"collegeId\":\"2\",\"createTime\":\"2024-12-08 13:49:32\",\"email\":\"\",\"gradeId\":\"1\",\"id\":\"3\",\"loginIp\":\"\",\"nickName\":\"张三\",\"params\":{},\"phonenumber\":\"\",\"roleId\":4,\"sex\":\"0\",\"status\":\"0\",\"updateBy\":\"admin\",\"updateTime\":\"2024-12-08 16:47:39\",\"userId\":\"107\",\"userName\":\"202325350130\"}', '{\"msg\":\"操作成功\",\"code\":200}', 0, NULL, '2024-12-08 16:47:40', 287);
INSERT INTO `sys_oper_log` VALUES (516, '学生管理', 2, 'com.eduflex.manage.controller.StudentController.edit()', 'PUT', 1, 'admin', '研发部门', '/manage/student', '127.0.0.1', '内网IP', '{\"admin\":false,\"avatar\":\"\",\"collegeId\":\"2\",\"createTime\":\"2024-12-08 13:49:32\",\"email\":\"\",\"gradeId\":\"1\",\"id\":\"3\",\"loginIp\":\"\",\"nickName\":\"张三三\",\"params\":{},\"phonenumber\":\"\",\"roleId\":4,\"sex\":\"0\",\"status\":\"0\",\"updateBy\":\"admin\",\"updateTime\":\"2024-12-08 16:47:57\",\"userId\":\"107\",\"userName\":\"202325350130\"}', '{\"msg\":\"操作成功\",\"code\":200}', 0, NULL, '2024-12-08 16:47:58', 43);
INSERT INTO `sys_oper_log` VALUES (517, '学生管理', 2, 'com.eduflex.manage.controller.StudentController.resetPwd()', 'PUT', 1, 'admin', '研发部门', '/manage/student/resetPwd', '127.0.0.1', '内网IP', '{\"admin\":false,\"avatar\":\"\",\"collegeId\":\"2\",\"createTime\":\"2024-12-08 13:49:32\",\"email\":\"\",\"gradeId\":\"1\",\"id\":\"3\",\"loginIp\":\"\",\"nickName\":\"张三三\",\"params\":{},\"phonenumber\":\"\",\"sex\":\"0\",\"status\":\"0\",\"updateBy\":\"admin\",\"updateTime\":\"2024-12-08 16:48:01\",\"userId\":\"107\",\"userName\":\"202325350130\"}', '{\"msg\":\"操作成功\",\"code\":200}', 0, NULL, '2024-12-08 16:48:01', 90);
INSERT INTO `sys_oper_log` VALUES (518, '学生管理', 1, 'com.eduflex.manage.controller.StudentController.add()', 'POST', 1, 'admin', '研发部门', '/manage/student', '127.0.0.1', '内网IP', '{\"admin\":false,\"collegeId\":\"2\",\"createBy\":\"admin\",\"gradeId\":\"1\",\"nickName\":\"李思思\",\"params\":{},\"roleId\":4,\"sex\":\"1\",\"status\":\"0\",\"userName\":\"202325350132\"}', '{\"msg\":\"操作成功\",\"code\":200}', 0, NULL, '2024-12-08 16:48:19', 105);
INSERT INTO `sys_oper_log` VALUES (519, '学期管理', 2, 'com.eduflex.manage.controller.SemesterController.edit()', 'PUT', 1, 'admin', '研发部门', '/manage/semester', '127.0.0.1', '内网IP', '{\"createTime\":\"2024-10-05 21:22:45\",\"id\":\"1\",\"name\":\"2023春\",\"params\":{},\"updateTime\":\"2024-12-08 16:48:26\"}', '{\"msg\":\"操作成功\",\"code\":200}', 0, NULL, '2024-12-08 16:48:26', 12);
INSERT INTO `sys_oper_log` VALUES (520, '学期管理', 2, 'com.eduflex.manage.controller.SemesterController.edit()', 'PUT', 1, 'admin', '研发部门', '/manage/semester', '127.0.0.1', '内网IP', '{\"createTime\":\"2024-10-05 21:22:45\",\"id\":\"1\",\"name\":\"2023春\",\"params\":{},\"updateBy\":\"admin\",\"updateTime\":\"2024-12-08 16:53:38\"}', '{\"msg\":\"操作成功\",\"code\":200}', 0, NULL, '2024-12-08 16:53:38', 40);
INSERT INTO `sys_oper_log` VALUES (521, '学期管理', 1, 'com.eduflex.manage.controller.SemesterController.add()', 'POST', 1, 'admin', '研发部门', '/manage/semester', '127.0.0.1', '内网IP', '{\"createBy\":\"admin\",\"createTime\":\"2024-12-08 16:53:44\",\"id\":\"1865681153945837570\",\"name\":\"2025春\",\"params\":{}}', '{\"msg\":\"操作成功\",\"code\":200}', 0, NULL, '2024-12-08 16:53:44', 10);
INSERT INTO `sys_oper_log` VALUES (522, '学期管理', 3, 'com.eduflex.manage.controller.SemesterController.remove()', 'DELETE', 1, 'admin', '研发部门', '/manage/semester/1865681153945837570', '127.0.0.1', '内网IP', '{}', '{\"msg\":\"操作成功\",\"code\":200}', 0, NULL, '2024-12-08 16:53:48', 32);
INSERT INTO `sys_oper_log` VALUES (523, '学期管理', 5, 'com.eduflex.manage.controller.SemesterController.export()', 'POST', 1, 'admin', '研发部门', '/manage/semester/export', '127.0.0.1', '内网IP', '{\"pageSize\":\"10\",\"pageNum\":\"1\"}', NULL, 0, NULL, '2024-12-08 16:54:14', 921);
INSERT INTO `sys_oper_log` VALUES (524, '教师管理', 2, 'com.eduflex.manage.controller.TeacherController.edit()', 'PUT', 1, 'admin', '研发部门', '/manage/teacher', '127.0.0.1', '内网IP', '{\"admin\":false,\"avatar\":\"\",\"collegeId\":\"2\",\"createTime\":\"2024-12-08 01:36:53\",\"email\":\"1972212424@qq.com\",\"id\":\"1\",\"loginDate\":\"2024-10-16 23:49:02\",\"loginIp\":\"127.0.0.1\",\"nickName\":\"张三\",\"params\":{},\"phonenumber\":\"15815161605\",\"roleId\":3,\"sex\":\"0\",\"status\":\"0\",\"updateBy\":\"admin\",\"updateTime\":\"2024-12-08 17:22:31\",\"userId\":\"100\",\"userName\":\"zhangsan\"}', '{\"msg\":\"操作成功\",\"code\":200}', 0, NULL, '2024-12-08 17:22:31', 343);
INSERT INTO `sys_oper_log` VALUES (525, '学生管理', 2, 'com.eduflex.manage.controller.StudentController.edit()', 'PUT', 1, 'admin', '研发部门', '/manage/student', '127.0.0.1', '内网IP', '{\"admin\":false,\"avatar\":\"\",\"collegeId\":\"2\",\"createTime\":\"2024-12-08 16:48:19\",\"email\":\"\",\"gradeId\":\"1\",\"id\":\"1865679792990621698\",\"loginIp\":\"\",\"nickName\":\"李思思\",\"params\":{},\"phonenumber\":\"\",\"roleId\":4,\"sex\":\"1\",\"status\":\"0\",\"updateBy\":\"admin\",\"updateTime\":\"2024-12-08 17:22:41\",\"userId\":\"110\",\"userName\":\"202325350132\"}', '{\"msg\":\"操作成功\",\"code\":200}', 0, NULL, '2024-12-08 17:22:41', 59);
INSERT INTO `sys_oper_log` VALUES (526, '班级课程管理', 2, 'com.eduflex.manage.controller.CourseGradeController.edit()', 'PUT', 1, 'admin', '研发部门', '/manage/courseGrade', '127.0.0.1', '内网IP', '{\"courseId\":\"1\",\"createTime\":\"2024-10-13 22:26:37\",\"gradeId\":\"1\",\"id\":\"1\",\"params\":{},\"updateBy\":\"admin\",\"updateTime\":\"2024-12-08 17:33:22\"}', '{\"msg\":\"操作成功\",\"code\":200}', 0, NULL, '2024-12-08 17:33:22', 48);
INSERT INTO `sys_oper_log` VALUES (527, '班级课程管理', 1, 'com.eduflex.manage.controller.CourseGradeController.add()', 'POST', 1, 'admin', '研发部门', '/manage/courseGrade', '127.0.0.1', '内网IP', '{\"courseId\":\"3\",\"createBy\":\"admin\",\"createTime\":\"2024-12-08 17:33:28\",\"gradeId\":\"1\",\"id\":\"1865691152902320129\",\"params\":{}}', '{\"msg\":\"操作成功\",\"code\":200}', 0, NULL, '2024-12-08 17:33:28', 16);
INSERT INTO `sys_oper_log` VALUES (528, '班级课程管理', 3, 'com.eduflex.manage.controller.CourseGradeController.remove()', 'DELETE', 1, 'admin', '研发部门', '/manage/courseGrade/1865691152902320129', '127.0.0.1', '内网IP', '{}', '{\"msg\":\"操作成功\",\"code\":200}', 0, NULL, '2024-12-08 17:33:32', 35);
INSERT INTO `sys_oper_log` VALUES (529, '课程管理', 1, 'com.eduflex.manage.controller.CourseController.add()', 'POST', 1, 'admin', '研发部门', '/manage/course', '127.0.0.1', '内网IP', '{\"createBy\":\"admin\",\"endTime\":\"2024-12-19\",\"id\":\"1865691646660046850\",\"name\":\"1\",\"params\":{},\"startTime\":\"2024-11-28\",\"status\":\"0\",\"teacherId\":\"103\"}', '{\"msg\":\"操作成功\",\"code\":200}', 0, NULL, '2024-12-08 17:35:26', 152);
INSERT INTO `sys_oper_log` VALUES (530, '课程管理', 3, 'com.eduflex.manage.controller.CourseController.remove()', 'DELETE', 1, 'admin', '研发部门', '/manage/course/1865691646660046850', '127.0.0.1', '内网IP', '{}', '{\"msg\":\"操作成功\",\"code\":200}', 0, NULL, '2024-12-08 17:35:28', 43);
INSERT INTO `sys_oper_log` VALUES (531, '作业管理', 2, 'com.eduflex.manage.controller.HomeworkController.edit()', 'PUT', 1, 'admin', '研发部门', '/manage/homework', '127.0.0.1', '内网IP', '{\"content\":\"<p>完成课程第13页</p>\",\"courseId\":\"1\",\"createTime\":\"2024-11-23 22:39:25\",\"deadline\":\"2024-11-29 00:00:00\",\"id\":\"1\",\"params\":{},\"title\":\"作业1\",\"updateTime\":\"2024-12-08 17:53:26\"}', '{\"msg\":\"操作成功\",\"code\":200}', 0, NULL, '2024-12-08 17:53:26', 14);
INSERT INTO `sys_oper_log` VALUES (532, '代码生成', 6, 'com.eduflex.generator.controller.GenController.importTableSave()', 'POST', 1, 'admin', '研发部门', '/tool/gen/importTable', '127.0.0.1', '内网IP', '{\"tables\":\"tb_course_category\"}', '{\"msg\":\"操作成功\",\"code\":200}', 0, NULL, '2024-12-08 21:37:06', 211);
INSERT INTO `sys_oper_log` VALUES (533, '代码生成', 2, 'com.eduflex.generator.controller.GenController.editSave()', 'PUT', 1, 'admin', '研发部门', '/tool/gen', '127.0.0.1', '内网IP', '{\"businessName\":\"category\",\"className\":\"CourseCategory\",\"columns\":[{\"capJavaField\":\"Id\",\"columnComment\":\"分类ID\",\"columnId\":103,\"columnName\":\"id\",\"columnType\":\"bigint\",\"createBy\":\"admin\",\"createTime\":\"2024-12-08 21:37:06\",\"dictType\":\"\",\"edit\":false,\"htmlType\":\"input\",\"increment\":false,\"insert\":false,\"isIncrement\":\"0\",\"isInsert\":\"0\",\"isPk\":\"1\",\"isRequired\":\"0\",\"javaField\":\"id\",\"javaType\":\"Long\",\"list\":false,\"params\":{},\"pk\":true,\"query\":false,\"queryType\":\"EQ\",\"required\":false,\"sort\":1,\"superColumn\":false,\"tableId\":14,\"updateBy\":\"\",\"usableColumn\":false},{\"capJavaField\":\"Name\",\"columnComment\":\"分类名称\",\"columnId\":104,\"columnName\":\"name\",\"columnType\":\"varchar(100)\",\"createBy\":\"admin\",\"createTime\":\"2024-12-08 21:37:06\",\"dictType\":\"\",\"edit\":true,\"htmlType\":\"input\",\"increment\":false,\"insert\":true,\"isEdit\":\"1\",\"isIncrement\":\"0\",\"isInsert\":\"1\",\"isList\":\"1\",\"isPk\":\"0\",\"isQuery\":\"1\",\"isRequired\":\"1\",\"javaField\":\"name\",\"javaType\":\"String\",\"list\":true,\"params\":{},\"pk\":false,\"query\":true,\"queryType\":\"LIKE\",\"required\":true,\"sort\":2,\"superColumn\":false,\"tableId\":14,\"updateBy\":\"\",\"usableColumn\":false},{\"capJavaField\":\"ParentId\",\"columnComment\":\"父级分类ID\",\"columnId\":105,\"columnName\":\"parent_id\",\"columnType\":\"bigint\",\"createBy\":\"admin\",\"createTime\":\"2024-12-08 21:37:06\",\"edit\":true,\"htmlType\":\"select\",\"increment\":false,\"insert\":true,\"isEdit\":\"1\",\"isIncrement\":\"0\",\"isInsert\":\"1\",\"isList\":\"1\",\"isPk\":\"0\",\"isQuery\":\"1\",\"isRequired\":\"1\",\"javaField\":\"parentId\",\"javaType\":\"Long\",\"list\":true,\"params\":{},\"pk\":false,\"query\":true,\"queryType\":\"EQ\",\"required\":true,\"sort\":3,\"superColumn\":true,\"tableId\":14,\"updateBy\":\"\",\"usableColumn\":true},{\"capJavaField\":\"Status\",\"columnComment\":\"分类状态 \",\"columnId\":106,\"columnName\":\"status\",\"columnType\":\"tinyint\",\"createBy\":\"admin\",\"createTime\":\"2024-12-08 21:37:06\",\"dictType\":\"\",\"edit\":true,\"htmlType\":\"radio\",\"increment\":false,\"insert\":true,\"isEdit\":\"1\",\"isIncrement\":\"0\",\"isInsert\":\"1\",\"isList\":\"1\",\"isPk\":\"0\",\"isQuery\":\"1\",\"isRequired\":\"1\",\"javaField\":\"status\",\"javaType\"', '{\"msg\":\"操作成功\",\"code\":200}', 0, NULL, '2024-12-08 21:39:45', 122);
INSERT INTO `sys_oper_log` VALUES (534, '代码生成', 8, 'com.eduflex.generator.controller.GenController.batchGenCode()', 'GET', 1, 'admin', '研发部门', '/tool/gen/batchGenCode', '127.0.0.1', '内网IP', '{\"tables\":\"tb_course_category\"}', NULL, 0, NULL, '2024-12-08 21:39:49', 331);
INSERT INTO `sys_oper_log` VALUES (535, '课程分类', 1, 'com.eduflex.manage.controller.CourseCategoryController.add()', 'POST', 1, 'admin', '研发部门', '/manage/category', '127.0.0.1', '内网IP', '{\"children\":[],\"createBy\":\"admin\",\"createTime\":\"2024-12-08 22:03:50\",\"id\":1865759191580205058,\"name\":\"计算机科学\",\"params\":{},\"parentId\":0}', '{\"msg\":\"操作成功\",\"code\":200}', 0, NULL, '2024-12-08 22:03:50', 127);
INSERT INTO `sys_oper_log` VALUES (536, '课程分类', 1, 'com.eduflex.manage.controller.CourseCategoryController.add()', 'POST', 1, 'admin', '研发部门', '/manage/category', '127.0.0.1', '内网IP', '{\"children\":[],\"createBy\":\"admin\",\"createTime\":\"2024-12-08 22:12:01\",\"id\":1865761252468289538,\"name\":\"编程语言\",\"params\":{},\"parentId\":1865759191580205000}', '{\"msg\":\"操作成功\",\"code\":200}', 0, NULL, '2024-12-08 22:12:01', 136);
INSERT INTO `sys_oper_log` VALUES (537, '课程分类', 1, 'com.eduflex.manage.controller.CourseCategoryController.add()', 'POST', 1, 'admin', '研发部门', '/manage/category', '127.0.0.1', '内网IP', '{\"children\":[],\"createBy\":\"admin\",\"createTime\":\"2024-12-08 22:14:30\",\"id\":1865761876010299394,\"name\":\"计算机网络\",\"params\":{},\"parentId\":1865759191580205000}', '{\"msg\":\"操作成功\",\"code\":200}', 0, NULL, '2024-12-08 22:14:30', 8);
INSERT INTO `sys_oper_log` VALUES (538, '课程分类', 1, 'com.eduflex.manage.controller.CourseCategoryController.add()', 'POST', 1, 'admin', '研发部门', '/manage/category', '127.0.0.1', '内网IP', '{\"children\":[],\"createBy\":\"admin\",\"createTime\":\"2024-12-08 22:14:38\",\"id\":1865761910525227009,\"name\":\"Java\",\"params\":{},\"parentId\":1865761252468289500}', '{\"msg\":\"操作成功\",\"code\":200}', 0, NULL, '2024-12-08 22:14:38', 6);
INSERT INTO `sys_oper_log` VALUES (539, '课程分类', 1, 'com.eduflex.manage.controller.CourseCategoryController.add()', 'POST', 1, 'admin', '研发部门', '/manage/category', '127.0.0.1', '内网IP', '{\"children\":[],\"createBy\":\"admin\",\"createTime\":\"2024-12-08 22:14:44\",\"id\":1865761937997918210,\"name\":\"Python\",\"params\":{},\"parentId\":1865761252468289500}', '{\"msg\":\"操作成功\",\"code\":200}', 0, NULL, '2024-12-08 22:14:44', 6);
INSERT INTO `sys_oper_log` VALUES (540, '课程分类', 1, 'com.eduflex.manage.controller.CourseCategoryController.add()', 'POST', 1, 'admin', '研发部门', '/manage/category', '127.0.0.1', '内网IP', '{\"children\":[],\"createBy\":\"admin\",\"createTime\":\"2024-12-08 22:14:55\",\"id\":1865761983480950786,\"name\":\"计算机网络基础\",\"params\":{},\"parentId\":1865761876010299400}', '{\"msg\":\"操作成功\",\"code\":200}', 0, NULL, '2024-12-08 22:14:55', 5);
INSERT INTO `sys_oper_log` VALUES (541, '课程分类', 1, 'com.eduflex.manage.controller.CourseCategoryController.add()', 'POST', 1, 'admin', '研发部门', '/manage/category', '127.0.0.1', '内网IP', '{\"children\":[],\"createBy\":\"admin\",\"createTime\":\"2024-12-08 22:24:14\",\"id\":1865764325911666690,\"name\":\"编程语言\",\"params\":{},\"parentId\":\"1865759191580205000\"}', '{\"msg\":\"操作成功\",\"code\":200}', 0, NULL, '2024-12-08 22:24:14', 132);
INSERT INTO `sys_oper_log` VALUES (542, '课程分类', 1, 'com.eduflex.manage.controller.CourseCategoryController.add()', 'POST', 1, 'admin', '研发部门', '/manage/category', '127.0.0.1', '内网IP', '{\"children\":[],\"createBy\":\"admin\",\"createTime\":\"2024-12-08 22:26:38\",\"id\":1865764931946659842,\"name\":\"数学\",\"params\":{}}', NULL, 1, '\r\n### Error updating database.  Cause: java.sql.SQLException: Field \'parent_id\' doesn\'t have a default value\r\n### The error may exist in com/eduflex/manage/mapper/CourseCategoryMapper.java (best guess)\r\n### The error may involve com.eduflex.manage.mapper.CourseCategoryMapper.insert-Inline\r\n### The error occurred while setting parameters\r\n### SQL: INSERT INTO tb_course_category  ( id, name,    create_by, create_time )  VALUES (  ?, ?,    ?, ?  )\r\n### Cause: java.sql.SQLException: Field \'parent_id\' doesn\'t have a default value\n; Field \'parent_id\' doesn\'t have a default value; nested exception is java.sql.SQLException: Field \'parent_id\' doesn\'t have a default value', '2024-12-08 22:26:38', 209);
INSERT INTO `sys_oper_log` VALUES (543, '课程分类', 1, 'com.eduflex.manage.controller.CourseCategoryController.add()', 'POST', 1, 'admin', '研发部门', '/manage/category', '127.0.0.1', '内网IP', '{\"children\":[],\"createBy\":\"admin\",\"createTime\":\"2024-12-08 22:27:04\",\"id\":1865765042017779713,\"name\":\"数学\",\"params\":{}}', '{\"msg\":\"操作成功\",\"code\":200}', 0, NULL, '2024-12-08 22:27:04', 8);
INSERT INTO `sys_oper_log` VALUES (544, '课程分类', 1, 'com.eduflex.manage.controller.CourseCategoryController.add()', 'POST', 1, 'admin', '研发部门', '/manage/category', '127.0.0.1', '内网IP', '{\"children\":[],\"createBy\":\"admin\",\"createTime\":\"2024-12-08 22:28:30\",\"id\":\"1865765399288561665\",\"name\":\"高等数学\",\"params\":{},\"parentId\":\"1865765042017779713\"}', '{\"msg\":\"操作成功\",\"code\":200}', 0, NULL, '2024-12-08 22:28:30', 123);
INSERT INTO `sys_oper_log` VALUES (545, '课程分类', 2, 'com.eduflex.manage.controller.CourseCategoryController.edit()', 'PUT', 1, 'admin', '研发部门', '/manage/category', '127.0.0.1', '内网IP', '{\"children\":[],\"createBy\":\"admin\",\"createTime\":\"2024-12-08 22:24:14\",\"id\":\"1865764325911666690\",\"name\":\"编程语言\",\"params\":{},\"parentId\":\"1865759191580205058\",\"updateBy\":\"admin\",\"updateTime\":\"2024-12-08 22:35:09\"}', '{\"msg\":\"操作成功\",\"code\":200}', 0, NULL, '2024-12-08 22:35:09', 24);
INSERT INTO `sys_oper_log` VALUES (546, '课程分类', 1, 'com.eduflex.manage.controller.CourseCategoryController.add()', 'POST', 1, 'admin', '研发部门', '/manage/category', '127.0.0.1', '内网IP', '{\"children\":[],\"createBy\":\"admin\",\"createTime\":\"2024-12-08 22:54:34\",\"name\":\"计算机科学\",\"params\":{}}', NULL, 1, 'Cannot invoke \"com.eduflex.manage.domain.CourseCategory.getAncestors()\" because \"info\" is null', '2024-12-08 22:54:35', 27);
INSERT INTO `sys_oper_log` VALUES (547, '课程分类', 1, 'com.eduflex.manage.controller.CourseCategoryController.add()', 'POST', 1, 'admin', '研发部门', '/manage/category', '127.0.0.1', '内网IP', '{\"ancestors\":\"0\",\"children\":[],\"createBy\":\"admin\",\"createTime\":\"2024-12-08 22:56:25\",\"id\":\"1865772427033673729\",\"name\":\"计算机科学\",\"params\":{}}', '{\"msg\":\"操作成功\",\"code\":200}', 0, NULL, '2024-12-08 22:56:25', 143);
INSERT INTO `sys_oper_log` VALUES (548, '课程分类', 1, 'com.eduflex.manage.controller.CourseCategoryController.add()', 'POST', 1, 'admin', '研发部门', '/manage/category', '127.0.0.1', '内网IP', '{\"ancestors\":\"0,1865772427033673729\",\"children\":[],\"createBy\":\"admin\",\"createTime\":\"2024-12-08 23:00:07\",\"id\":\"1865773357393215489\",\"name\":\"编程语言\",\"params\":{},\"parentId\":\"1865772427033673729\"}', '{\"msg\":\"操作成功\",\"code\":200}', 0, NULL, '2024-12-08 23:00:07', 12);
INSERT INTO `sys_oper_log` VALUES (549, '课程分类', 1, 'com.eduflex.manage.controller.CourseCategoryController.add()', 'POST', 1, 'admin', '研发部门', '/manage/category', '127.0.0.1', '内网IP', '{\"ancestors\":\"0,1865772427033673729\",\"children\":[],\"createBy\":\"admin\",\"createTime\":\"2024-12-08 23:05:52\",\"id\":\"1865774804440600577\",\"name\":\"计算机网络\",\"params\":{},\"parentId\":\"1865772427033673729\"}', '{\"msg\":\"操作成功\",\"code\":200}', 0, NULL, '2024-12-08 23:05:52', 130);
INSERT INTO `sys_oper_log` VALUES (550, '课程分类', 1, 'com.eduflex.manage.controller.CourseCategoryController.add()', 'POST', 1, 'admin', '研发部门', '/manage/category', '127.0.0.1', '内网IP', '{\"ancestors\":\"0\",\"children\":[],\"createBy\":\"admin\",\"createTime\":\"2024-12-08 23:06:13\",\"id\":\"1865774893179490305\",\"name\":\"数学\",\"params\":{}}', '{\"msg\":\"操作成功\",\"code\":200}', 0, NULL, '2024-12-08 23:06:13', 15);
INSERT INTO `sys_oper_log` VALUES (551, '课程分类', 1, 'com.eduflex.manage.controller.CourseCategoryController.add()', 'POST', 1, 'admin', '研发部门', '/manage/category', '127.0.0.1', '内网IP', '{\"ancestors\":\"0,1865774893179490305\",\"children\":[],\"createBy\":\"admin\",\"createTime\":\"2024-12-08 23:06:19\",\"id\":\"1865774917003137026\",\"name\":\"高等数学\",\"params\":{},\"parentId\":\"1865774893179490305\"}', '{\"msg\":\"操作成功\",\"code\":200}', 0, NULL, '2024-12-08 23:06:19', 10);
INSERT INTO `sys_oper_log` VALUES (552, '课程分类', 1, 'com.eduflex.manage.controller.CourseCategoryController.add()', 'POST', 1, 'admin', '研发部门', '/manage/category', '127.0.0.1', '内网IP', '{\"ancestors\":\"0,1865774893179490305\",\"children\":[],\"createBy\":\"admin\",\"createTime\":\"2024-12-08 23:06:25\",\"id\":\"1865774943993483266\",\"name\":\"离散数学\",\"params\":{},\"parentId\":\"1865774893179490305\"}', '{\"msg\":\"操作成功\",\"code\":200}', 0, NULL, '2024-12-08 23:06:25', 10);
INSERT INTO `sys_oper_log` VALUES (553, '课程分类', 1, 'com.eduflex.manage.controller.CourseCategoryController.add()', 'POST', 1, 'admin', '研发部门', '/manage/category', '127.0.0.1', '内网IP', '{\"ancestors\":\"0,1865772427033673729\",\"children\":[],\"createBy\":\"admin\",\"createTime\":\"2024-12-08 23:16:46\",\"id\":\"1865777547125346306\",\"name\":\"操作系统\",\"params\":{},\"parentId\":\"1865772427033673729\"}', '{\"msg\":\"操作成功\",\"code\":200}', 0, NULL, '2024-12-08 23:16:46', 7);
INSERT INTO `sys_oper_log` VALUES (554, '课程管理', 2, 'com.eduflex.manage.controller.CourseController.edit()', 'PUT', 1, 'admin', '研发部门', '/manage/course', '127.0.0.1', '内网IP', '{\"categoryId\":\"1865777547125346306\",\"createTime\":\"2024-11-23 22:40:10\",\"description\":\"计算机操作系统\",\"endTime\":\"2024-12-18\",\"id\":\"3\",\"name\":\"计算机操作系统\",\"params\":{},\"startTime\":\"2024-09-03\",\"status\":\"1\",\"teacherId\":\"106\",\"updateBy\":\"admin\",\"updateTime\":\"2024-11-23 22:40:09\"}', '{\"msg\":\"操作成功\",\"code\":200}', 0, NULL, '2024-12-08 23:17:15', 31);
INSERT INTO `sys_oper_log` VALUES (555, '课程分类', 1, 'com.eduflex.manage.controller.CourseCategoryController.add()', 'POST', 1, 'admin', '研发部门', '/manage/category', '127.0.0.1', '内网IP', '{\"ancestors\":\"0,1865772427033673729,1865773357393215489\",\"children\":[],\"createBy\":\"admin\",\"createTime\":\"2024-12-08 23:18:17\",\"id\":\"1865777929406795777\",\"name\":\"JAVA\",\"params\":{},\"parentId\":\"1865773357393215489\"}', '{\"msg\":\"操作成功\",\"code\":200}', 0, NULL, '2024-12-08 23:18:17', 9);
INSERT INTO `sys_oper_log` VALUES (556, '课程分类', 2, 'com.eduflex.manage.controller.CourseCategoryController.edit()', 'PUT', 1, 'admin', '研发部门', '/manage/category', '127.0.0.1', '内网IP', '{\"ancestors\":\"0,1865772427033673729,1865773357393215489\",\"children\":[],\"createBy\":\"admin\",\"createTime\":\"2024-12-08 23:18:18\",\"id\":\"1865777929406795777\",\"name\":\"Java\",\"params\":{},\"parentId\":\"1865773357393215489\",\"updateBy\":\"admin\",\"updateTime\":\"2024-12-08 23:18:23\"}', '{\"msg\":\"操作成功\",\"code\":200}', 0, NULL, '2024-12-08 23:18:23', 12);
INSERT INTO `sys_oper_log` VALUES (557, '课程管理', 2, 'com.eduflex.manage.controller.CourseController.edit()', 'PUT', 1, 'admin', '研发部门', '/manage/course', '127.0.0.1', '内网IP', '{\"categoryId\":\"1865777929406795777\",\"cover\":\"/profile/upload/2024/12/07/646dae3b09bbeac405400304_20241207144606A001.png\",\"createTime\":\"2024-10-11 13:42:40\",\"description\":\"Java 基础教程\",\"endTime\":\"2024-12-31\",\"id\":\"1\",\"name\":\"Java EE\",\"params\":{},\"startTime\":\"2024-09-03\",\"status\":\"1\",\"teacherId\":\"100\",\"updateBy\":\"admin\",\"updateTime\":\"2024-12-07 14:17:35\"}', '{\"msg\":\"操作成功\",\"code\":200}', 0, NULL, '2024-12-08 23:18:30', 1632);
INSERT INTO `sys_oper_log` VALUES (558, '课程管理', 2, 'com.eduflex.manage.controller.CourseController.edit()', 'PUT', 1, 'admin', '研发部门', '/manage/course', '127.0.0.1', '内网IP', '{\"categoryId\":\"1865777547125346306\",\"cover\":\"/profile/upload/2024/12/12/logo_20241212161441A001.jpg\",\"createTime\":\"2024-11-23 22:40:10\",\"description\":\"计算机操作系统\",\"endTime\":\"2024-12-18\",\"id\":\"3\",\"name\":\"计算机操作系统\",\"params\":{},\"startTime\":\"2024-09-03\",\"status\":\"1\",\"teacherId\":\"106\",\"updateBy\":\"admin\",\"updateTime\":\"2024-11-23 22:40:09\"}', '{\"msg\":\"操作成功\",\"code\":200}', 0, NULL, '2024-12-12 16:14:42', 29);
INSERT INTO `sys_oper_log` VALUES (559, '课程管理', 2, 'com.eduflex.manage.controller.CourseController.edit()', 'PUT', 1, 'admin', '研发部门', '/manage/course', '127.0.0.1', '内网IP', '{\"categoryId\":\"1865777929406795777\",\"cover\":\"/profile/upload/2024/12/12/欢迎登录(1)_20241212161600A003.png\",\"createTime\":\"2024-10-11 13:42:40\",\"description\":\"Java 基础教程\",\"endTime\":\"2024-12-31\",\"id\":\"1\",\"name\":\"Java EE\",\"params\":{},\"startTime\":\"2024-09-03\",\"status\":\"1\",\"teacherId\":\"100\",\"updateBy\":\"admin\",\"updateTime\":\"2024-12-07 14:17:35\"}', '{\"msg\":\"操作成功\",\"code\":200}', 0, NULL, '2024-12-12 16:16:01', 10);
INSERT INTO `sys_oper_log` VALUES (560, '用户头像', 2, 'com.eduflex.web.controller.system.SysProfileController.avatar()', 'POST', 1, 'admin', '研发部门', '/system/user/profile/avatar', '127.0.0.1', '内网IP', '', '{\"msg\":\"操作成功\",\"imgUrl\":\"/profile/avatar/2024/12/12/欢迎登录(1)_20241212162203A004.png\",\"code\":200}', 0, NULL, '2024-12-12 16:22:03', 8);
INSERT INTO `sys_oper_log` VALUES (561, '用户头像', 2, 'com.eduflex.web.controller.system.SysProfileController.avatar()', 'POST', 1, 'admin', '研发部门', '/system/user/profile/avatar', '127.0.0.1', '内网IP', '', '{\"msg\":\"操作成功\",\"imgUrl\":\"/profile/avatar/2024/12/31/logo_20241231152013A001.jpg\",\"code\":200}', 0, NULL, '2024-12-31 15:20:13', 76);
INSERT INTO `sys_oper_log` VALUES (562, '课程管理', 2, 'com.eduflex.manage.controller.CourseController.edit()', 'PUT', 1, 'admin', '研发部门', '/manage/course', '127.0.0.1', '内网IP', '{\"categoryId\":\"1865777929406795777\",\"cover\":\"\",\"createTime\":\"2024-10-11 13:42:40\",\"deleted\":0,\"description\":\"Java 基础教程\",\"endTime\":\"2024-12-31\",\"id\":\"1\",\"name\":\"Java EE\",\"params\":{},\"startTime\":\"2024-09-03\",\"status\":\"1\",\"teacherId\":\"100\",\"updateBy\":\"admin\",\"updateTime\":\"2024-12-07 14:17:35\"}', '{\"msg\":\"操作成功\",\"code\":200}', 0, NULL, '2025-01-07 13:11:29', 27);
INSERT INTO `sys_oper_log` VALUES (563, '课程管理', 2, 'com.eduflex.manage.controller.CourseController.edit()', 'PUT', 1, 'admin', '研发部门', '/manage/course', '127.0.0.1', '内网IP', '{\"categoryId\":\"1865777929406795777\",\"cover\":\"\",\"createTime\":\"2024-10-11 13:42:40\",\"deleted\":0,\"description\":\"Java 基础教程\",\"endTime\":\"2024-12-31\",\"id\":\"1\",\"name\":\"Java EE\",\"params\":{},\"startTime\":\"2024-09-03\",\"status\":\"1\",\"teacherId\":\"100\",\"updateBy\":\"admin\",\"updateTime\":\"2024-12-07 14:17:35\"}', '{\"msg\":\"操作成功\",\"code\":200}', 0, NULL, '2025-01-07 13:11:44', 8);
INSERT INTO `sys_oper_log` VALUES (564, '课程管理', 2, 'com.eduflex.manage.controller.CourseController.edit()', 'PUT', 1, 'admin', '研发部门', '/manage/course', '127.0.0.1', '内网IP', '{\"categoryId\":\"1865777929406795777\",\"createTime\":\"2024-10-11 13:42:40\",\"deleted\":0,\"description\":\"Java 基础教程\",\"endTime\":\"2024-12-31\",\"id\":\"1\",\"name\":\"Java EE\",\"params\":{},\"startTime\":\"2024-09-03\",\"status\":\"1\",\"teacherId\":\"100\",\"updateBy\":\"admin\",\"updateTime\":\"2024-12-07 14:17:35\"}', '{\"msg\":\"操作成功\",\"code\":200}', 0, NULL, '2025-01-07 13:23:21', 21);
INSERT INTO `sys_oper_log` VALUES (565, '课程管理', 2, 'com.eduflex.manage.controller.CourseController.edit()', 'PUT', 1, 'admin', '研发部门', '/manage/course', '127.0.0.1', '内网IP', '{\"categoryId\":\"1865777929406795777\",\"createTime\":\"2024-10-11 13:42:40\",\"deleted\":0,\"description\":\"Java 基础教程\",\"endTime\":\"2024-12-31\",\"id\":\"1\",\"name\":\"Java EE\",\"params\":{},\"startTime\":\"2024-09-03\",\"status\":\"1\",\"teacherId\":\"100\",\"updateBy\":\"admin\",\"updateTime\":\"2024-12-07 14:17:35\"}', '{\"msg\":\"操作成功\",\"code\":200}', 0, NULL, '2025-01-07 13:28:59', 5);
INSERT INTO `sys_oper_log` VALUES (566, '课程管理', 2, 'com.eduflex.manage.controller.CourseController.edit()', 'PUT', 1, 'admin', '研发部门', '/manage/course', '127.0.0.1', '内网IP', '{\"categoryId\":\"1865777929406795777\",\"createTime\":\"2024-10-11 13:42:40\",\"deleted\":0,\"description\":\"Java 基础教程\",\"endTime\":\"2024-12-31\",\"id\":\"1\",\"name\":\"Java EE\",\"params\":{},\"startTime\":\"2024-09-03\",\"status\":\"1\",\"teacherId\":\"100\",\"updateBy\":\"admin\",\"updateTime\":\"2024-12-07 14:17:35\"}', '{\"msg\":\"操作成功\",\"code\":200}', 0, NULL, '2025-01-07 13:51:06', 5);
INSERT INTO `sys_oper_log` VALUES (567, '课程管理', 2, 'com.eduflex.manage.controller.CourseController.edit()', 'PUT', 1, 'admin', '研发部门', '/manage/course', '127.0.0.1', '内网IP', '{\"categoryId\":\"1865777929406795777\",\"cover\":\"1876519289634611200\",\"createTime\":\"2024-10-11 13:42:40\",\"deleted\":0,\"description\":\"Java 基础教程\",\"endTime\":\"2024-12-31\",\"id\":\"1\",\"name\":\"Java EE\",\"params\":{},\"startTime\":\"2024-09-03\",\"status\":\"1\",\"teacherId\":\"100\",\"updateBy\":\"admin\",\"updateTime\":\"2024-12-07 14:17:35\"}', '{\"msg\":\"操作成功\",\"code\":200}', 0, NULL, '2025-01-07 14:41:30', 23);
INSERT INTO `sys_oper_log` VALUES (568, '课程管理', 2, 'com.eduflex.manage.controller.CourseController.edit()', 'PUT', 1, 'admin', '研发部门', '/manage/course', '127.0.0.1', '内网IP', '{\"categoryId\":\"1865777929406795777\",\"cover\":\"1876522047536336898\",\"createTime\":\"2024-10-11 13:42:40\",\"deleted\":0,\"description\":\"Java 基础教程\",\"endTime\":\"2024-12-31\",\"id\":\"1\",\"name\":\"Java EE\",\"params\":{},\"startTime\":\"2024-09-03\",\"status\":\"1\",\"teacherId\":\"100\",\"updateBy\":\"admin\",\"updateTime\":\"2024-12-07 14:17:35\"}', '{\"msg\":\"操作成功\",\"code\":200}', 0, NULL, '2025-01-07 14:51:40', 21);
INSERT INTO `sys_oper_log` VALUES (569, '课程管理', 2, 'com.eduflex.manage.controller.CourseController.edit()', 'PUT', 1, 'admin', '研发部门', '/manage/course', '127.0.0.1', '内网IP', '{\"categoryId\":\"1865777547125346306\",\"cover\":\"1876522292307529730\",\"createTime\":\"2024-11-23 22:40:10\",\"deleted\":0,\"description\":\"计算机操作系统\",\"endTime\":\"2024-12-18\",\"id\":\"3\",\"name\":\"计算机操作系统\",\"params\":{},\"startTime\":\"2024-09-03\",\"status\":\"1\",\"teacherId\":\"106\",\"updateBy\":\"admin\",\"updateTime\":\"2024-11-23 22:40:09\"}', '{\"msg\":\"操作成功\",\"code\":200}', 0, NULL, '2025-01-07 14:52:38', 6);
INSERT INTO `sys_oper_log` VALUES (570, '课程资料', 1, 'com.eduflex.manage.controller.CourseMaterialController.add()', 'POST', 1, 'admin', '研发部门', '/manage/material', '127.0.0.1', '内网IP', '{\"chapterId\":1,\"fileId\":1876556599004696578,\"id\":1876556965565894657,\"materialType\":\"1\",\"name\":\"hhhh\",\"params\":{}}', '{\"msg\":\"操作成功\",\"code\":200}', 0, NULL, '2025-01-07 17:10:20', 24);
INSERT INTO `sys_oper_log` VALUES (571, '课程资料', 1, 'com.eduflex.manage.controller.CourseMaterialController.add()', 'POST', 1, 'admin', '研发部门', '/manage/material', '127.0.0.1', '内网IP', '{\"chapterId\":1,\"fileId\":1876557248127766530,\"id\":1876557281413763073,\"materialType\":\"1\",\"name\":\"哈哈哈\",\"params\":{}}', '{\"msg\":\"操作成功\",\"code\":200}', 0, NULL, '2025-01-07 17:11:35', 8);
INSERT INTO `sys_oper_log` VALUES (572, '课程资料', 1, 'com.eduflex.manage.controller.CourseMaterialController.add()', 'POST', 1, 'admin', '研发部门', '/manage/material', '127.0.0.1', '内网IP', '{\"chapterId\":1,\"fileId\":1876557742900449282,\"id\":1876557753822416898,\"materialType\":\"1\",\"name\":\"哈哈哈哈.jpeg\",\"params\":{}}', '{\"msg\":\"操作成功\",\"code\":200}', 0, NULL, '2025-01-07 17:13:27', 9);
INSERT INTO `sys_oper_log` VALUES (573, '课程资料', 1, 'com.eduflex.manage.controller.CourseMaterialController.add()', 'POST', 1, 'admin', '研发部门', '/manage/material', '127.0.0.1', '内网IP', '{\"chapterId\":2,\"fileId\":1876561576947290114,\"id\":1876561583700119553,\"materialType\":\"1\",\"name\":\"哈哈哈哈.jpeg\",\"params\":{}}', '{\"msg\":\"操作成功\",\"code\":200}', 0, NULL, '2025-01-07 17:28:41', 24);
INSERT INTO `sys_oper_log` VALUES (574, '课程资料', 1, 'com.eduflex.manage.controller.CourseMaterialController.add()', 'POST', 1, 'admin', '研发部门', '/manage/material', '127.0.0.1', '内网IP', '{\"chapterId\":1,\"fileId\":1876562447399587842,\"id\":1876562455175827458,\"materialType\":\"1\",\"name\":\"哈哈哈哈.jpeg\",\"params\":{}}', '{\"msg\":\"操作成功\",\"code\":200}', 0, NULL, '2025-01-07 17:32:08', 8);
INSERT INTO `sys_oper_log` VALUES (575, '课程资料', 1, 'com.eduflex.manage.controller.CourseMaterialController.add()', 'POST', 1, 'admin', '研发部门', '/manage/material', '127.0.0.1', '内网IP', '{\"chapterId\":13,\"fileId\":1876885518002102274,\"id\":1876885522464841730,\"materialType\":\"1\",\"name\":\"哈哈哈哈.jpeg\",\"params\":{}}', NULL, 1, 'can not find lambda cache for this property [hasChildren] of entity [com.eduflex.manage.domain.CourseChapter]', '2025-01-08 14:55:54', 14);
INSERT INTO `sys_oper_log` VALUES (576, '课程资料', 1, 'com.eduflex.manage.controller.CourseMaterialController.add()', 'POST', 1, 'admin', '研发部门', '/manage/material', '127.0.0.1', '内网IP', '{\"chapterId\":13,\"fileId\":1876885518002102274,\"id\":1876885778275389442,\"materialType\":\"1\",\"name\":\"哈哈哈哈.jpeg\",\"params\":{}}', NULL, 1, 'nested exception is com.baomidou.mybatisplus.core.exceptions.MybatisPlusException: Failed to process, Error SQL: UPDATE tb_course_chapter     WHERE deleted=0     AND (id = ?)', '2025-01-08 14:56:55', 136);
INSERT INTO `sys_oper_log` VALUES (577, '课程资料', 1, 'com.eduflex.manage.controller.CourseMaterialController.add()', 'POST', 1, 'admin', '研发部门', '/manage/material', '127.0.0.1', '内网IP', '{\"chapterId\":13,\"fileId\":1876885518002102274,\"id\":1876886158900076546,\"materialType\":\"1\",\"name\":\"哈哈哈哈.jpeg\",\"params\":{}}', '{\"msg\":\"操作成功\",\"code\":200}', 0, NULL, '2025-01-08 14:58:25', 77);
INSERT INTO `sys_oper_log` VALUES (578, '课程内容章节管理', 1, 'com.eduflex.manage.controller.CourseChapterController.add()', 'POST', 1, 'admin', '研发部门', '/manage/chapter', '127.0.0.1', '内网IP', '{\"children\":[],\"courseId\":1,\"createTime\":\"2025-01-08 15:38:53\",\"id\":1876896342196232193,\"name\":\"Springboot\",\"orderNum\":3,\"params\":{},\"parentId\":0}', '{\"msg\":\"操作成功\",\"code\":200}', 0, NULL, '2025-01-08 15:38:53', 13);
INSERT INTO `sys_oper_log` VALUES (579, '课程内容章节管理', 1, 'com.eduflex.manage.controller.CourseChapterController.add()', 'POST', 1, 'admin', '研发部门', '/manage/chapter', '127.0.0.1', '内网IP', '{\"children\":[],\"courseId\":1,\"createTime\":\"2025-01-08 15:39:08\",\"id\":1876896403235938306,\"name\":\"Springboot 入门\",\"orderNum\":1,\"params\":{},\"parentId\":1876896342196232193}', '{\"msg\":\"操作成功\",\"code\":200}', 0, NULL, '2025-01-08 15:39:08', 6);
INSERT INTO `sys_oper_log` VALUES (580, '菜单管理', 1, 'com.eduflex.web.controller.system.SysMenuController.add()', 'POST', 1, 'admin', '研发部门', '/system/menu', '127.0.0.1', '内网IP', '{\"children\":[],\"createBy\":\"admin\",\"isCache\":\"0\",\"isFrame\":\"1\",\"menuName\":\"题库管理\",\"menuType\":\"M\",\"orderNum\":3,\"params\":{},\"parentId\":0,\"path\":\"question_bank\",\"status\":\"0\",\"visible\":\"0\"}', '{\"msg\":\"操作成功\",\"code\":200}', 0, NULL, '2025-01-10 15:38:50', 13);
INSERT INTO `sys_oper_log` VALUES (581, '字典类型', 1, 'com.eduflex.web.controller.system.SysDictTypeController.add()', 'POST', 1, 'admin', '研发部门', '/system/dict/type', '127.0.0.1', '内网IP', '{\"createBy\":\"admin\",\"dictName\":\"题目类型\",\"dictType\":\"question_type\",\"params\":{},\"remark\":\"题目类型\",\"status\":\"0\"}', '{\"msg\":\"操作成功\",\"code\":200}', 0, NULL, '2025-01-10 15:40:32', 7);
INSERT INTO `sys_oper_log` VALUES (582, '字典数据', 1, 'com.eduflex.web.controller.system.SysDictDataController.add()', 'POST', 1, 'admin', '研发部门', '/system/dict/data', '127.0.0.1', '内网IP', '{\"createBy\":\"admin\",\"default\":false,\"dictLabel\":\"单选题\",\"dictSort\":0,\"dictType\":\"question_type\",\"dictValue\":\"1\",\"listClass\":\"default\",\"params\":{},\"status\":\"0\"}', '{\"msg\":\"操作成功\",\"code\":200}', 0, NULL, '2025-01-10 15:42:59', 7);
INSERT INTO `sys_oper_log` VALUES (583, '字典数据', 1, 'com.eduflex.web.controller.system.SysDictDataController.add()', 'POST', 1, 'admin', '研发部门', '/system/dict/data', '127.0.0.1', '内网IP', '{\"createBy\":\"admin\",\"default\":false,\"dictLabel\":\"多选题\",\"dictSort\":1,\"dictType\":\"question_type\",\"dictValue\":\"2\",\"listClass\":\"default\",\"params\":{},\"status\":\"0\"}', '{\"msg\":\"操作成功\",\"code\":200}', 0, NULL, '2025-01-10 15:43:14', 6);
INSERT INTO `sys_oper_log` VALUES (584, '字典数据', 2, 'com.eduflex.web.controller.system.SysDictDataController.edit()', 'PUT', 1, 'admin', '研发部门', '/system/dict/data', '127.0.0.1', '内网IP', '{\"createBy\":\"admin\",\"createTime\":\"2025-01-10 15:42:59\",\"default\":false,\"dictCode\":110,\"dictLabel\":\"单选题\",\"dictSort\":1,\"dictType\":\"question_type\",\"dictValue\":\"1\",\"isDefault\":\"N\",\"listClass\":\"default\",\"params\":{},\"status\":\"0\",\"updateBy\":\"admin\"}', '{\"msg\":\"操作成功\",\"code\":200}', 0, NULL, '2025-01-10 15:43:20', 6);
INSERT INTO `sys_oper_log` VALUES (585, '字典数据', 2, 'com.eduflex.web.controller.system.SysDictDataController.edit()', 'PUT', 1, 'admin', '研发部门', '/system/dict/data', '127.0.0.1', '内网IP', '{\"createBy\":\"admin\",\"createTime\":\"2025-01-10 15:43:14\",\"default\":false,\"dictCode\":111,\"dictLabel\":\"多选题\",\"dictSort\":2,\"dictType\":\"question_type\",\"dictValue\":\"2\",\"isDefault\":\"N\",\"listClass\":\"default\",\"params\":{},\"status\":\"0\",\"updateBy\":\"admin\"}', '{\"msg\":\"操作成功\",\"code\":200}', 0, NULL, '2025-01-10 15:43:23', 8);
INSERT INTO `sys_oper_log` VALUES (586, '字典数据', 1, 'com.eduflex.web.controller.system.SysDictDataController.add()', 'POST', 1, 'admin', '研发部门', '/system/dict/data', '127.0.0.1', '内网IP', '{\"createBy\":\"admin\",\"default\":false,\"dictLabel\":\"判断题\",\"dictSort\":2,\"dictType\":\"question_type\",\"dictValue\":\"2\",\"listClass\":\"default\",\"params\":{},\"status\":\"0\"}', '{\"msg\":\"操作成功\",\"code\":200}', 0, NULL, '2025-01-10 15:43:35', 5);
INSERT INTO `sys_oper_log` VALUES (587, '字典数据', 1, 'com.eduflex.web.controller.system.SysDictDataController.add()', 'POST', 1, 'admin', '研发部门', '/system/dict/data', '127.0.0.1', '内网IP', '{\"createBy\":\"admin\",\"default\":false,\"dictLabel\":\"填空题\",\"dictSort\":4,\"dictType\":\"question_type\",\"dictValue\":\"4\",\"listClass\":\"default\",\"params\":{},\"status\":\"0\"}', '{\"msg\":\"操作成功\",\"code\":200}', 0, NULL, '2025-01-10 15:43:44', 7);
INSERT INTO `sys_oper_log` VALUES (588, '字典数据', 1, 'com.eduflex.web.controller.system.SysDictDataController.add()', 'POST', 1, 'admin', '研发部门', '/system/dict/data', '127.0.0.1', '内网IP', '{\"createBy\":\"admin\",\"default\":false,\"dictLabel\":\"简答题\",\"dictSort\":5,\"dictType\":\"question_type\",\"dictValue\":\"5\",\"listClass\":\"default\",\"params\":{},\"status\":\"0\"}', '{\"msg\":\"操作成功\",\"code\":200}', 0, NULL, '2025-01-10 15:43:53', 6);
INSERT INTO `sys_oper_log` VALUES (589, '代码生成', 6, 'com.eduflex.generator.controller.GenController.importTableSave()', 'POST', 1, 'admin', '研发部门', '/tool/gen/importTable', '127.0.0.1', '内网IP', '{\"tables\":\"tb_exam_question,tb_knowledge,tb_exam_paper\"}', '{\"msg\":\"操作成功\",\"code\":200}', 0, NULL, '2025-01-10 16:09:03', 75);
INSERT INTO `sys_oper_log` VALUES (590, '代码生成', 2, 'com.eduflex.generator.controller.GenController.editSave()', 'PUT', 1, 'admin', '研发部门', '/tool/gen', '127.0.0.1', '内网IP', '{\"businessName\":\"paper\",\"className\":\"ExamPaper\",\"columns\":[{\"capJavaField\":\"Id\",\"columnComment\":\"试卷ID\",\"columnId\":112,\"columnName\":\"id\",\"columnType\":\"bigint\",\"createBy\":\"admin\",\"createTime\":\"2025-01-10 16:09:03\",\"dictType\":\"\",\"edit\":false,\"htmlType\":\"input\",\"increment\":false,\"insert\":false,\"isIncrement\":\"0\",\"isInsert\":\"0\",\"isPk\":\"1\",\"isRequired\":\"0\",\"javaField\":\"id\",\"javaType\":\"Long\",\"list\":false,\"params\":{},\"pk\":true,\"query\":false,\"queryType\":\"EQ\",\"required\":false,\"sort\":1,\"superColumn\":false,\"tableId\":15,\"updateBy\":\"\",\"usableColumn\":false},{\"capJavaField\":\"Title\",\"columnComment\":\"试卷名称\",\"columnId\":113,\"columnName\":\"title\",\"columnType\":\"varchar(255)\",\"createBy\":\"admin\",\"createTime\":\"2025-01-10 16:09:03\",\"dictType\":\"\",\"edit\":true,\"htmlType\":\"input\",\"increment\":false,\"insert\":true,\"isEdit\":\"1\",\"isIncrement\":\"0\",\"isInsert\":\"1\",\"isList\":\"1\",\"isPk\":\"0\",\"isQuery\":\"1\",\"isRequired\":\"1\",\"javaField\":\"title\",\"javaType\":\"String\",\"list\":true,\"params\":{},\"pk\":false,\"query\":true,\"queryType\":\"EQ\",\"required\":true,\"sort\":2,\"superColumn\":false,\"tableId\":15,\"updateBy\":\"\",\"usableColumn\":false},{\"capJavaField\":\"TotalScore\",\"columnComment\":\"总分\",\"columnId\":114,\"columnName\":\"total_score\",\"columnType\":\"int\",\"createBy\":\"admin\",\"createTime\":\"2025-01-10 16:09:03\",\"dictType\":\"\",\"edit\":true,\"htmlType\":\"input\",\"increment\":false,\"insert\":true,\"isEdit\":\"1\",\"isIncrement\":\"0\",\"isInsert\":\"1\",\"isList\":\"1\",\"isPk\":\"0\",\"isQuery\":\"0\",\"isRequired\":\"1\",\"javaField\":\"totalScore\",\"javaType\":\"Long\",\"list\":true,\"params\":{},\"pk\":false,\"query\":false,\"queryType\":\"EQ\",\"required\":true,\"sort\":3,\"superColumn\":false,\"tableId\":15,\"updateBy\":\"\",\"usableColumn\":false},{\"capJavaField\":\"Duration\",\"columnComment\":\"考试时长（分钟）\",\"columnId\":115,\"columnName\":\"duration\",\"columnType\":\"int\",\"createBy\":\"admin\",\"createTime\":\"2025-01-10 16:09:03\",\"dictType\":\"\",\"edit\":true,\"htmlType\":\"input\",\"increment\":false,\"insert\":true,\"isEdit\":\"1\",\"isIncrement\":\"0\",\"isInsert\":\"1\",\"isList\":\"1\",\"isPk\":\"0\",\"isQuery\":\"0\",\"isRequired\":\"1\",\"javaField\":\"duratio', '{\"msg\":\"操作成功\",\"code\":200}', 0, NULL, '2025-01-10 16:12:18', 46);
INSERT INTO `sys_oper_log` VALUES (591, '代码生成', 2, 'com.eduflex.generator.controller.GenController.editSave()', 'PUT', 1, 'admin', '研发部门', '/tool/gen', '127.0.0.1', '内网IP', '{\"businessName\":\"question\",\"className\":\"ExamQuestion\",\"columns\":[{\"capJavaField\":\"Id\",\"columnComment\":\"题目ID\",\"columnId\":122,\"columnName\":\"id\",\"columnType\":\"bigint\",\"createBy\":\"admin\",\"createTime\":\"2025-01-10 16:09:03\",\"dictType\":\"\",\"edit\":false,\"htmlType\":\"input\",\"increment\":false,\"insert\":false,\"isIncrement\":\"0\",\"isInsert\":\"0\",\"isPk\":\"1\",\"isRequired\":\"0\",\"javaField\":\"id\",\"javaType\":\"Long\",\"list\":false,\"params\":{},\"pk\":true,\"query\":false,\"queryType\":\"EQ\",\"required\":false,\"sort\":1,\"superColumn\":false,\"tableId\":16,\"updateBy\":\"\",\"usableColumn\":false},{\"capJavaField\":\"Title\",\"columnComment\":\"题目内容\",\"columnId\":123,\"columnName\":\"title\",\"columnType\":\"varchar(500)\",\"createBy\":\"admin\",\"createTime\":\"2025-01-10 16:09:03\",\"dictType\":\"\",\"edit\":true,\"htmlType\":\"textarea\",\"increment\":false,\"insert\":true,\"isEdit\":\"1\",\"isIncrement\":\"0\",\"isInsert\":\"1\",\"isList\":\"1\",\"isPk\":\"0\",\"isQuery\":\"1\",\"isRequired\":\"1\",\"javaField\":\"title\",\"javaType\":\"String\",\"list\":true,\"params\":{},\"pk\":false,\"query\":true,\"queryType\":\"EQ\",\"required\":true,\"sort\":2,\"superColumn\":false,\"tableId\":16,\"updateBy\":\"\",\"usableColumn\":false},{\"capJavaField\":\"Type\",\"columnComment\":\"题目类型（1-单选 2-多选 3-判断 4-填空 5-简答）\",\"columnId\":124,\"columnName\":\"type\",\"columnType\":\"tinyint\",\"createBy\":\"admin\",\"createTime\":\"2025-01-10 16:09:03\",\"dictType\":\"question_type\",\"edit\":true,\"htmlType\":\"select\",\"increment\":false,\"insert\":true,\"isEdit\":\"1\",\"isIncrement\":\"0\",\"isInsert\":\"1\",\"isList\":\"1\",\"isPk\":\"0\",\"isQuery\":\"1\",\"isRequired\":\"1\",\"javaField\":\"type\",\"javaType\":\"Long\",\"list\":true,\"params\":{},\"pk\":false,\"query\":true,\"queryType\":\"EQ\",\"required\":true,\"sort\":3,\"superColumn\":false,\"tableId\":16,\"updateBy\":\"\",\"usableColumn\":false},{\"capJavaField\":\"Options\",\"columnComment\":\"选项（JSON格式，仅适用于选择题）\",\"columnId\":125,\"columnName\":\"options\",\"columnType\":\"text\",\"createBy\":\"admin\",\"createTime\":\"2025-01-10 16:09:03\",\"dictType\":\"\",\"edit\":true,\"htmlType\":\"textarea\",\"increment\":false,\"insert\":true,\"isEdit\":\"1\",\"isIncrement\":\"0\",\"isInsert\":\"1\",\"isList\":\"0\",\"isPk\":\"0\",\"isQ', '{\"msg\":\"操作成功\",\"code\":200}', 0, NULL, '2025-01-10 16:18:15', 46);
INSERT INTO `sys_oper_log` VALUES (592, '代码生成', 2, 'com.eduflex.generator.controller.GenController.editSave()', 'PUT', 1, 'admin', '研发部门', '/tool/gen', '127.0.0.1', '内网IP', '{\"businessName\":\"knowledge\",\"className\":\"Knowledge\",\"columns\":[{\"capJavaField\":\"Id\",\"columnComment\":\"知识点ID\",\"columnId\":135,\"columnName\":\"id\",\"columnType\":\"bigint\",\"createBy\":\"admin\",\"createTime\":\"2025-01-10 16:09:03\",\"dictType\":\"\",\"edit\":false,\"htmlType\":\"input\",\"increment\":false,\"insert\":false,\"isIncrement\":\"0\",\"isInsert\":\"0\",\"isPk\":\"1\",\"isRequired\":\"0\",\"javaField\":\"id\",\"javaType\":\"Long\",\"list\":false,\"params\":{},\"pk\":true,\"query\":false,\"queryType\":\"EQ\",\"required\":false,\"sort\":1,\"superColumn\":false,\"tableId\":17,\"updateBy\":\"\",\"usableColumn\":false},{\"capJavaField\":\"CourseId\",\"columnComment\":\"关联课程ID\",\"columnId\":136,\"columnName\":\"course_id\",\"columnType\":\"bigint\",\"createBy\":\"admin\",\"createTime\":\"2025-01-10 16:09:03\",\"dictType\":\"\",\"edit\":true,\"htmlType\":\"input\",\"increment\":false,\"insert\":true,\"isEdit\":\"1\",\"isIncrement\":\"0\",\"isInsert\":\"1\",\"isList\":\"1\",\"isPk\":\"0\",\"isQuery\":\"1\",\"isRequired\":\"1\",\"javaField\":\"courseId\",\"javaType\":\"Long\",\"list\":true,\"params\":{},\"pk\":false,\"query\":true,\"queryType\":\"EQ\",\"required\":true,\"sort\":2,\"superColumn\":false,\"tableId\":17,\"updateBy\":\"\",\"usableColumn\":false},{\"capJavaField\":\"Name\",\"columnComment\":\"知识点名称\",\"columnId\":137,\"columnName\":\"name\",\"columnType\":\"varchar(255)\",\"createBy\":\"admin\",\"createTime\":\"2025-01-10 16:09:03\",\"dictType\":\"\",\"edit\":true,\"htmlType\":\"input\",\"increment\":false,\"insert\":true,\"isEdit\":\"1\",\"isIncrement\":\"0\",\"isInsert\":\"1\",\"isList\":\"1\",\"isPk\":\"0\",\"isQuery\":\"1\",\"isRequired\":\"1\",\"javaField\":\"name\",\"javaType\":\"String\",\"list\":true,\"params\":{},\"pk\":false,\"query\":true,\"queryType\":\"LIKE\",\"required\":true,\"sort\":3,\"superColumn\":false,\"tableId\":17,\"updateBy\":\"\",\"usableColumn\":false},{\"capJavaField\":\"ParentId\",\"columnComment\":\"父级知识点ID\",\"columnId\":138,\"columnName\":\"parent_id\",\"columnType\":\"bigint\",\"createBy\":\"admin\",\"createTime\":\"2025-01-10 16:09:03\",\"dictType\":\"\",\"edit\":true,\"htmlType\":\"input\",\"increment\":false,\"insert\":true,\"isEdit\":\"1\",\"isIncrement\":\"0\",\"isInsert\":\"1\",\"isList\":\"1\",\"isPk\":\"0\",\"isQuery\":\"0\",\"isRequired\":\"1\",\"javaField\":', '{\"msg\":\"操作成功\",\"code\":200}', 0, NULL, '2025-01-10 16:31:57', 38);
INSERT INTO `sys_oper_log` VALUES (593, '代码生成', 2, 'com.eduflex.generator.controller.GenController.editSave()', 'PUT', 1, 'admin', '研发部门', '/tool/gen', '127.0.0.1', '内网IP', '{\"businessName\":\"knowledge\",\"className\":\"Knowledge\",\"columns\":[{\"capJavaField\":\"Id\",\"columnComment\":\"知识点ID\",\"columnId\":135,\"columnName\":\"id\",\"columnType\":\"bigint\",\"createBy\":\"admin\",\"createTime\":\"2025-01-10 16:09:03\",\"dictType\":\"\",\"edit\":false,\"htmlType\":\"input\",\"increment\":false,\"insert\":false,\"isIncrement\":\"0\",\"isInsert\":\"0\",\"isPk\":\"1\",\"isRequired\":\"0\",\"javaField\":\"id\",\"javaType\":\"Long\",\"list\":false,\"params\":{},\"pk\":true,\"query\":false,\"queryType\":\"EQ\",\"required\":false,\"sort\":1,\"superColumn\":false,\"tableId\":17,\"updateBy\":\"\",\"updateTime\":\"2025-01-10 16:31:57\",\"usableColumn\":false},{\"capJavaField\":\"CourseId\",\"columnComment\":\"关联课程ID\",\"columnId\":136,\"columnName\":\"course_id\",\"columnType\":\"bigint\",\"createBy\":\"admin\",\"createTime\":\"2025-01-10 16:09:03\",\"dictType\":\"\",\"edit\":true,\"htmlType\":\"input\",\"increment\":false,\"insert\":true,\"isEdit\":\"1\",\"isIncrement\":\"0\",\"isInsert\":\"1\",\"isList\":\"1\",\"isPk\":\"0\",\"isQuery\":\"1\",\"isRequired\":\"1\",\"javaField\":\"courseId\",\"javaType\":\"Long\",\"list\":true,\"params\":{},\"pk\":false,\"query\":true,\"queryType\":\"EQ\",\"required\":true,\"sort\":2,\"superColumn\":false,\"tableId\":17,\"updateBy\":\"\",\"updateTime\":\"2025-01-10 16:31:57\",\"usableColumn\":false},{\"capJavaField\":\"Name\",\"columnComment\":\"知识点名称\",\"columnId\":137,\"columnName\":\"name\",\"columnType\":\"varchar(255)\",\"createBy\":\"admin\",\"createTime\":\"2025-01-10 16:09:03\",\"dictType\":\"\",\"edit\":true,\"htmlType\":\"input\",\"increment\":false,\"insert\":true,\"isEdit\":\"1\",\"isIncrement\":\"0\",\"isInsert\":\"1\",\"isList\":\"1\",\"isPk\":\"0\",\"isQuery\":\"1\",\"isRequired\":\"1\",\"javaField\":\"name\",\"javaType\":\"String\",\"list\":true,\"params\":{},\"pk\":false,\"query\":true,\"queryType\":\"LIKE\",\"required\":true,\"sort\":3,\"superColumn\":false,\"tableId\":17,\"updateBy\":\"\",\"updateTime\":\"2025-01-10 16:31:57\",\"usableColumn\":false},{\"capJavaField\":\"ParentId\",\"columnComment\":\"父级知识点ID\",\"columnId\":138,\"columnName\":\"parent_id\",\"columnType\":\"bigint\",\"createBy\":\"admin\",\"createTime\":\"2025-01-10 16:09:03\",\"dictType\":\"\",\"edit\":true,\"htmlType\":\"input\",\"increment\":false,\"insert\":true,\"isEdit\"', '{\"msg\":\"操作成功\",\"code\":200}', 0, NULL, '2025-01-10 16:32:16', 34);
INSERT INTO `sys_oper_log` VALUES (594, '代码生成', 8, 'com.eduflex.generator.controller.GenController.batchGenCode()', 'GET', 1, 'admin', '研发部门', '/tool/gen/batchGenCode', '127.0.0.1', '内网IP', '{\"tables\":\"tb_exam_paper,tb_exam_question,tb_knowledge\"}', NULL, 0, NULL, '2025-01-10 16:32:24', 234);
INSERT INTO `sys_oper_log` VALUES (595, '知识点分类', 1, 'com.eduflex.manage.controller.KnowledgeController.add()', 'POST', 1, 'admin', '研发部门', '/manage/knowledge', '127.0.0.1', '内网IP', '{\"children\":[],\"courseId\":1,\"createBy\":\"admin\",\"createTime\":\"2025-01-10 17:45:57\",\"name\":\"高等数学\",\"params\":{},\"parentId\":0}', NULL, 1, '\r\n### Error updating database.  Cause: java.sql.SQLException: Field \'id\' doesn\'t have a default value\r\n### The error may exist in com/eduflex/manage/mapper/KnowledgeMapper.java (best guess)\r\n### The error may involve com.eduflex.manage.mapper.KnowledgeMapper.insert-Inline\r\n### The error occurred while setting parameters\r\n### SQL: INSERT INTO tb_knowledge  ( course_id, name,  parent_id,   create_by, create_time )  VALUES (  ?, ?,  ?,   ?, ?  )\r\n### Cause: java.sql.SQLException: Field \'id\' doesn\'t have a default value\n; Field \'id\' doesn\'t have a default value; nested exception is java.sql.SQLException: Field \'id\' doesn\'t have a default value', '2025-01-10 17:45:57', 96);
INSERT INTO `sys_oper_log` VALUES (596, '知识点分类', 1, 'com.eduflex.manage.controller.KnowledgeController.add()', 'POST', 1, 'admin', '研发部门', '/manage/knowledge', '127.0.0.1', '内网IP', '{\"children\":[],\"courseId\":1,\"createBy\":\"admin\",\"createTime\":\"2025-01-10 17:48:10\",\"id\":1877653652954918913,\"name\":\"高等数学\",\"params\":{},\"parentId\":0}', '{\"msg\":\"操作成功\",\"code\":200}', 0, NULL, '2025-01-10 17:48:10', 73);
INSERT INTO `sys_oper_log` VALUES (597, '知识点分类', 1, 'com.eduflex.manage.controller.KnowledgeController.add()', 'POST', 1, 'admin', '研发部门', '/manage/knowledge', '127.0.0.1', '内网IP', '{\"children\":[],\"courseId\":1,\"createBy\":\"admin\",\"createTime\":\"2025-01-10 17:50:30\",\"id\":1877654239176011777,\"name\":\"函数\",\"params\":{},\"parentId\":1877653652954918913}', '{\"msg\":\"操作成功\",\"code\":200}', 0, NULL, '2025-01-10 17:50:30', 9);
INSERT INTO `sys_oper_log` VALUES (598, '字典数据', 2, 'com.eduflex.web.controller.system.SysDictDataController.edit()', 'PUT', 1, 'admin', '研发部门', '/system/dict/data', '127.0.0.1', '内网IP', '{\"createBy\":\"admin\",\"createTime\":\"2025-01-10 15:43:35\",\"default\":false,\"dictCode\":112,\"dictLabel\":\"判断题\",\"dictSort\":3,\"dictType\":\"question_type\",\"dictValue\":\"3\",\"isDefault\":\"N\",\"listClass\":\"default\",\"params\":{},\"status\":\"0\",\"updateBy\":\"admin\"}', '{\"msg\":\"操作成功\",\"code\":200}', 0, NULL, '2025-01-14 15:40:30', 12);
INSERT INTO `sys_oper_log` VALUES (599, '题目管理', 1, 'com.eduflex.manage.controller.ExamQuestionController.add()', 'POST', 1, 'admin', '研发部门', '/manage/question', '127.0.0.1', '内网IP', '{\"analysis\":\"A\",\"answer\":\"A\",\"courseId\":1,\"createBy\":\"admin\",\"createTime\":\"2025-01-14 16:25:17\",\"id\":1879082351088553986,\"knowledgeId\":1877653652954918913,\"options\":\"[{\\\"key\\\":\\\"A\\\",\\\"value\\\":\\\"Python\\\"},{\\\"key\\\":\\\"B\\\",\\\"value\\\":\\\"C++\\\"},{\\\"key\\\":\\\"C\\\",\\\"value\\\":\\\"HTML\\\"}]\",\"params\":{},\"title\":\"以下哪种语言是面向对象的？\",\"type\":1}', '{\"msg\":\"操作成功\",\"code\":200}', 0, NULL, '2025-01-14 16:25:18', 260559);
INSERT INTO `sys_oper_log` VALUES (600, '题目管理', 2, 'com.eduflex.manage.controller.ExamQuestionController.edit()', 'PUT', 1, 'admin', '研发部门', '/manage/question', '127.0.0.1', '内网IP', '{\"analysis\":\"Python 是一种面向对象的编程语言，支持多种编程范式。\",\"answer\":\"A\",\"courseId\":1,\"createBy\":\"admin\",\"createTime\":\"2025-01-14 16:25:17\",\"deleted\":0,\"id\":1879082351088553986,\"knowledgeId\":1877653652954918913,\"options\":\"[{\\\"key\\\":\\\"A\\\",\\\"value\\\":\\\"Python\\\"},{\\\"key\\\":\\\"B\\\",\\\"value\\\":\\\"C++\\\"},{\\\"key\\\":\\\"C\\\",\\\"value\\\":\\\"HTML\\\"}]\",\"params\":{},\"title\":\"以下哪种语言是面向对象的？\",\"type\":1,\"updateBy\":\"admin\",\"updateTime\":\"2025-01-14 16:43:19\"}', '{\"msg\":\"操作成功\",\"code\":200}', 0, NULL, '2025-01-14 16:43:19', 9);
INSERT INTO `sys_oper_log` VALUES (601, '题目管理', 2, 'com.eduflex.manage.controller.ExamQuestionController.edit()', 'PUT', 1, 'admin', '研发部门', '/manage/question', '127.0.0.1', '内网IP', '{\"analysis\":\"Python 是一种面向对象的编程语言，支持多种编程范式。\",\"answer\":\"A\",\"courseId\":1,\"createBy\":\"admin\",\"createTime\":\"2025-01-14 16:25:17\",\"deleted\":0,\"id\":1879082351088553986,\"knowledgeId\":1877653652954918913,\"options\":\"[{\\\"key\\\":\\\"A\\\",\\\"value\\\":\\\"Python\\\"},{\\\"key\\\":\\\"B\\\",\\\"value\\\":\\\"C++\\\"},{\\\"key\\\":\\\"C\\\",\\\"value\\\":\\\"HTML\\\"}]\",\"params\":{},\"title\":\"以下哪种语言是面向对象的？\",\"type\":1,\"updateBy\":\"admin\",\"updateTime\":\"2025-01-14 16:43:29\"}', '{\"msg\":\"操作成功\",\"code\":200}', 0, NULL, '2025-01-14 16:43:29', 6);
INSERT INTO `sys_oper_log` VALUES (602, '题目管理', 2, 'com.eduflex.manage.controller.ExamQuestionController.edit()', 'PUT', 1, 'admin', '研发部门', '/manage/question', '127.0.0.1', '内网IP', '{\"analysis\":\"Python 是一种面向对象的编程语言，支持多种编程范式。\",\"answer\":\"A\",\"courseId\":1,\"createBy\":\"admin\",\"createTime\":\"2025-01-14 16:25:17\",\"deleted\":0,\"id\":1879082351088553986,\"knowledgeId\":1877653652954918913,\"options\":\"[{\\\"key\\\":\\\"A\\\",\\\"value\\\":\\\"Python\\\"},{\\\"key\\\":\\\"B\\\",\\\"value\\\":\\\"C++\\\"},{\\\"key\\\":\\\"C\\\",\\\"value\\\":\\\"HTML\\\"}]\",\"params\":{},\"title\":\"以下哪种语言是面向对象的？\",\"type\":1,\"updateBy\":\"admin\",\"updateTime\":\"2025-01-14 16:43:42\"}', '{\"msg\":\"操作成功\",\"code\":200}', 0, NULL, '2025-01-14 16:43:42', 7);
INSERT INTO `sys_oper_log` VALUES (603, '题目管理', 2, 'com.eduflex.manage.controller.ExamQuestionController.edit()', 'PUT', 1, 'admin', '研发部门', '/manage/question', '127.0.0.1', '内网IP', '{\"analysis\":\"Python 是一种面向对象的编程语言，支持多种编程范式。\",\"answer\":\"A\",\"courseId\":1,\"createBy\":\"admin\",\"createTime\":\"2025-01-14 16:25:17\",\"deleted\":0,\"id\":1879082351088553986,\"knowledgeId\":1877653652954918913,\"options\":\"[{\\\"key\\\":\\\"A\\\",\\\"value\\\":\\\"Python\\\"},{\\\"key\\\":\\\"B\\\",\\\"value\\\":\\\"C++\\\"},{\\\"key\\\":\\\"C\\\",\\\"value\\\":\\\"HTML\\\"}]\",\"params\":{},\"title\":\"以下哪种语言是面向对象的？\",\"type\":1,\"updateBy\":\"admin\",\"updateTime\":\"2025-01-14 16:45:56\"}', '{\"msg\":\"操作成功\",\"code\":200}', 0, NULL, '2025-01-14 16:45:56', 6);
INSERT INTO `sys_oper_log` VALUES (604, '题目管理', 2, 'com.eduflex.manage.controller.ExamQuestionController.edit()', 'PUT', 1, 'admin', '研发部门', '/manage/question', '127.0.0.1', '内网IP', '{\"analysis\":\"Python 是一种面向对象的编程语言，支持多种编程范式。\",\"answer\":\"A\",\"courseId\":1,\"createBy\":\"admin\",\"createTime\":\"2025-01-14 16:25:17\",\"deleted\":0,\"id\":1879082351088553986,\"knowledgeId\":1877653652954918913,\"options\":\"[{\\\"key\\\":\\\"A\\\",\\\"value\\\":\\\"Python\\\"},{\\\"key\\\":\\\"B\\\",\\\"value\\\":\\\"C++\\\"},{\\\"key\\\":\\\"C\\\",\\\"value\\\":\\\"HTML\\\"}]\",\"params\":{},\"title\":\"以下哪种语言是面向对象的？\",\"type\":1,\"updateBy\":\"admin\",\"updateTime\":\"2025-01-14 16:47:09\"}', '{\"msg\":\"操作成功\",\"code\":200}', 0, NULL, '2025-01-14 16:47:09', 6);
INSERT INTO `sys_oper_log` VALUES (605, '题目管理', 2, 'com.eduflex.manage.controller.ExamQuestionController.edit()', 'PUT', 1, 'admin', '研发部门', '/manage/question', '127.0.0.1', '内网IP', '{\"analysis\":\"Python 是一种面向对象的编程语言，支持多种编程范式。\",\"answer\":\"A\",\"courseId\":1,\"createBy\":\"admin\",\"createTime\":\"2025-01-14 16:25:17\",\"deleted\":0,\"id\":1879082351088553986,\"knowledgeId\":1877653652954918913,\"options\":\"[{\\\"key\\\":\\\"A\\\",\\\"value\\\":\\\"Python\\\"},{\\\"key\\\":\\\"B\\\",\\\"value\\\":\\\"C++\\\"},{\\\"key\\\":\\\"C\\\",\\\"value\\\":\\\"HTML\\\"}]\",\"params\":{},\"title\":\"以下哪种语言是面向对象的？\",\"type\":1,\"updateBy\":\"admin\",\"updateTime\":\"2025-01-14 16:49:28\"}', '{\"msg\":\"操作成功\",\"code\":200}', 0, NULL, '2025-01-14 16:49:28', 5);
INSERT INTO `sys_oper_log` VALUES (606, '题目管理', 2, 'com.eduflex.manage.controller.ExamQuestionController.edit()', 'PUT', 1, 'admin', '研发部门', '/manage/question', '127.0.0.1', '内网IP', '{\"analysis\":\"Python 是一种面向对象的编程语言，支持多种编程范式。\",\"answer\":\"A\",\"courseId\":1,\"createBy\":\"admin\",\"createTime\":\"2025-01-14 16:25:17\",\"deleted\":0,\"id\":1879082351088553986,\"knowledgeId\":1877653652954918913,\"options\":\"\\\"A\\\"\",\"params\":{},\"title\":\"以下哪种语言是面向对象的？\",\"type\":1,\"updateBy\":\"admin\",\"updateTime\":\"2025-01-14 16:51:44\"}', '{\"msg\":\"操作成功\",\"code\":200}', 0, NULL, '2025-01-14 16:51:44', 8);
INSERT INTO `sys_oper_log` VALUES (607, '题目管理', 2, 'com.eduflex.manage.controller.ExamQuestionController.edit()', 'PUT', 1, 'admin', '研发部门', '/manage/question', '127.0.0.1', '内网IP', '{\"analysis\":\"Python 是一种面向对象的编程语言，支持多种编程范式。\",\"answer\":\"A\",\"courseId\":1,\"createBy\":\"admin\",\"createTime\":\"2025-01-14 16:25:17\",\"deleted\":0,\"id\":1879082351088553986,\"knowledgeId\":1877653652954918913,\"options\":\"[{\\\"key\\\":\\\"A\\\",\\\"value\\\":\\\"Python\\\"},{\\\"key\\\":\\\"B\\\",\\\"value\\\":\\\"C++\\\"},{\\\"key\\\":\\\"C\\\",\\\"value\\\":\\\"HTML\\\"}]\",\"params\":{},\"title\":\"以下哪种语言是面向对象的？\",\"type\":1,\"updateBy\":\"admin\",\"updateTime\":\"2025-01-14 16:54:14\"}', '{\"msg\":\"操作成功\",\"code\":200}', 0, NULL, '2025-01-14 16:54:14', 5);
INSERT INTO `sys_oper_log` VALUES (608, '题目管理', 2, 'com.eduflex.manage.controller.ExamQuestionController.edit()', 'PUT', 1, 'admin', '研发部门', '/manage/question', '127.0.0.1', '内网IP', '{\"analysis\":\"Python 是一种面向对象的编程语言，支持多种编程范式。\",\"answer\":\"[\\\"A\\\",\\\"B\\\"]\",\"courseId\":1,\"createBy\":\"admin\",\"createTime\":\"2025-01-14 16:25:17\",\"deleted\":0,\"id\":1879082351088553986,\"knowledgeId\":1877653652954918913,\"options\":\"[{\\\"key\\\":\\\"A\\\",\\\"value\\\":\\\"Python\\\"},{\\\"key\\\":\\\"B\\\",\\\"value\\\":\\\"C++\\\"},{\\\"key\\\":\\\"C\\\",\\\"value\\\":\\\"HTML\\\"}]\",\"params\":{},\"title\":\"以下哪种语言是面向对象的？\",\"type\":2,\"updateBy\":\"admin\",\"updateTime\":\"2025-01-14 16:58:47\"}', '{\"msg\":\"操作成功\",\"code\":200}', 0, NULL, '2025-01-14 16:58:48', 8);
INSERT INTO `sys_oper_log` VALUES (609, '题目管理', 2, 'com.eduflex.manage.controller.ExamQuestionController.edit()', 'PUT', 1, 'admin', '研发部门', '/manage/question', '127.0.0.1', '内网IP', '{\"analysis\":\"Python 是一种面向对象的编程语言，支持多种编程范式。\",\"answer\":\"[\\\"A\\\"]\",\"courseId\":1,\"createBy\":\"admin\",\"createTime\":\"2025-01-14 16:25:17\",\"deleted\":0,\"id\":1879082351088553986,\"knowledgeId\":1877653652954918913,\"options\":\"[{\\\"key\\\":\\\"A\\\",\\\"value\\\":\\\"Python\\\"},{\\\"key\\\":\\\"B\\\",\\\"value\\\":\\\"C++\\\"},{\\\"key\\\":\\\"C\\\",\\\"value\\\":\\\"HTML\\\"}]\",\"params\":{},\"title\":\"以下哪种语言是面向对象的？\",\"type\":1,\"updateBy\":\"admin\",\"updateTime\":\"2025-01-14 17:14:21\"}', '{\"msg\":\"操作成功\",\"code\":200}', 0, NULL, '2025-01-14 17:14:21', 4);
INSERT INTO `sys_oper_log` VALUES (610, '题目管理', 2, 'com.eduflex.manage.controller.ExamQuestionController.edit()', 'PUT', 1, 'admin', '研发部门', '/manage/question', '127.0.0.1', '内网IP', '{\"analysis\":\"Python 是一种面向对象的编程语言，支持多种编程范式。\",\"answer\":\"[\\\"A\\\",\\\"B\\\"]\",\"courseId\":1,\"createBy\":\"admin\",\"createTime\":\"2025-01-14 16:25:17\",\"deleted\":0,\"id\":1879082351088553986,\"knowledgeId\":1877653652954918913,\"options\":\"[{\\\"key\\\":\\\"A\\\",\\\"value\\\":\\\"Python\\\"},{\\\"key\\\":\\\"B\\\",\\\"value\\\":\\\"C++\\\"},{\\\"key\\\":\\\"C\\\",\\\"value\\\":\\\"HTML\\\"}]\",\"params\":{},\"title\":\"以下哪种语言是面向对象的？\",\"type\":2,\"updateBy\":\"admin\",\"updateTime\":\"2025-01-14 17:16:00\"}', '{\"msg\":\"操作成功\",\"code\":200}', 0, NULL, '2025-01-14 17:16:00', 5);
INSERT INTO `sys_oper_log` VALUES (611, '题目管理', 2, 'com.eduflex.manage.controller.ExamQuestionController.edit()', 'PUT', 1, 'admin', '研发部门', '/manage/question', '127.0.0.1', '内网IP', '{\"analysis\":\"Python 是一种面向对象的编程语言，支持多种编程范式。\",\"answer\":\"[\\\"A\\\"]\",\"courseId\":1,\"createBy\":\"admin\",\"createTime\":\"2025-01-14 16:25:17\",\"deleted\":0,\"id\":1879082351088553986,\"knowledgeId\":1877653652954918913,\"options\":\"[{\\\"key\\\":\\\"A\\\",\\\"value\\\":\\\"Python\\\"},{\\\"key\\\":\\\"B\\\",\\\"value\\\":\\\"C++\\\"},{\\\"key\\\":\\\"C\\\",\\\"value\\\":\\\"HTML\\\"}]\",\"params\":{},\"title\":\"以下哪种语言是面向对象的？\",\"type\":1,\"updateBy\":\"admin\",\"updateTime\":\"2025-01-14 17:17:44\"}', '{\"msg\":\"操作成功\",\"code\":200}', 0, NULL, '2025-01-14 17:17:44', 6);
INSERT INTO `sys_oper_log` VALUES (612, '题目管理', 2, 'com.eduflex.manage.controller.ExamQuestionController.edit()', 'PUT', 1, 'admin', '研发部门', '/manage/question', '127.0.0.1', '内网IP', '{\"analysis\":\"Python 是一种面向对象的编程语言，支持多种编程范式。\",\"answer\":\"[\\\"A\\\",\\\"B\\\"]\",\"courseId\":1,\"createBy\":\"admin\",\"createTime\":\"2025-01-14 16:25:17\",\"deleted\":0,\"id\":1879082351088553986,\"knowledgeId\":1877653652954918913,\"options\":\"[{\\\"key\\\":\\\"A\\\",\\\"value\\\":\\\"Python\\\"},{\\\"key\\\":\\\"B\\\",\\\"value\\\":\\\"C++\\\"},{\\\"key\\\":\\\"C\\\",\\\"value\\\":\\\"HTML\\\"}]\",\"params\":{},\"title\":\"以下哪种语言是面向对象的？\",\"type\":2,\"updateBy\":\"admin\",\"updateTime\":\"2025-01-14 17:18:18\"}', '{\"msg\":\"操作成功\",\"code\":200}', 0, NULL, '2025-01-14 17:18:18', 5);
INSERT INTO `sys_oper_log` VALUES (613, '题目管理', 2, 'com.eduflex.manage.controller.ExamQuestionController.edit()', 'PUT', 1, 'admin', '研发部门', '/manage/question', '127.0.0.1', '内网IP', '{\"analysis\":\"Python 是一种面向对象的编程语言，支持多种编程范式。\",\"answer\":\"true\",\"courseId\":1,\"createBy\":\"admin\",\"createTime\":\"2025-01-14 16:25:17\",\"deleted\":0,\"id\":1879082351088553986,\"knowledgeId\":1877653652954918913,\"options\":\"[{\\\"key\\\":\\\"A\\\",\\\"value\\\":\\\"Python\\\"},{\\\"key\\\":\\\"B\\\",\\\"value\\\":\\\"C++\\\"},{\\\"key\\\":\\\"C\\\",\\\"value\\\":\\\"HTML\\\"}]\",\"params\":{},\"title\":\"以下哪种语言是面向对象的？\",\"type\":3,\"updateBy\":\"admin\",\"updateTime\":\"2025-01-14 17:18:25\"}', '{\"msg\":\"操作成功\",\"code\":200}', 0, NULL, '2025-01-14 17:18:25', 6);
INSERT INTO `sys_oper_log` VALUES (614, '题目管理', 2, 'com.eduflex.manage.controller.ExamQuestionController.edit()', 'PUT', 1, 'admin', '研发部门', '/manage/question', '127.0.0.1', '内网IP', '{\"analysis\":\"Python 是一种面向对象的编程语言，支持多种编程范式。\",\"answer\":\"[true]\",\"courseId\":1,\"createBy\":\"admin\",\"createTime\":\"2025-01-14 16:25:17\",\"deleted\":0,\"id\":1879082351088553986,\"knowledgeId\":1877653652954918913,\"options\":\"[{\\\"key\\\":\\\"A\\\",\\\"value\\\":\\\"Python\\\"},{\\\"key\\\":\\\"B\\\",\\\"value\\\":\\\"C++\\\"},{\\\"key\\\":\\\"C\\\",\\\"value\\\":\\\"HTML\\\"}]\",\"params\":{},\"title\":\"以下哪种语言是面向对象的？\",\"type\":3,\"updateBy\":\"admin\",\"updateTime\":\"2025-01-14 17:18:59\"}', '{\"msg\":\"操作成功\",\"code\":200}', 0, NULL, '2025-01-14 17:18:59', 6);
INSERT INTO `sys_oper_log` VALUES (615, '题目管理', 2, 'com.eduflex.manage.controller.ExamQuestionController.edit()', 'PUT', 1, 'admin', '研发部门', '/manage/question', '127.0.0.1', '内网IP', '{\"analysis\":\"Python 是一种面向对象的编程语言，支持多种编程范式。\",\"answer\":\"[\\\"嘻嘻嘻\\\"]\",\"courseId\":1,\"createBy\":\"admin\",\"createTime\":\"2025-01-14 16:25:17\",\"deleted\":0,\"id\":1879082351088553986,\"knowledgeId\":1877653652954918913,\"options\":\"[{\\\"key\\\":\\\"A\\\",\\\"value\\\":\\\"Python\\\"},{\\\"key\\\":\\\"B\\\",\\\"value\\\":\\\"C++\\\"},{\\\"key\\\":\\\"C\\\",\\\"value\\\":\\\"HTML\\\"}]\",\"params\":{},\"title\":\"以下哪种语言是面向对象的？\",\"type\":4,\"updateBy\":\"admin\",\"updateTime\":\"2025-01-14 17:19:13\"}', '{\"msg\":\"操作成功\",\"code\":200}', 0, NULL, '2025-01-14 17:19:13', 5);
INSERT INTO `sys_oper_log` VALUES (616, '题目管理', 2, 'com.eduflex.manage.controller.ExamQuestionController.edit()', 'PUT', 1, 'admin', '研发部门', '/manage/question', '127.0.0.1', '内网IP', '{\"analysis\":\"Python 是一种面向对象的编程语言，支持多种编程范式。\",\"answer\":\"[\\\"嘻嘻嘻\\\"]\",\"courseId\":1,\"createBy\":\"admin\",\"createTime\":\"2025-01-14 16:25:17\",\"deleted\":0,\"id\":1879082351088553986,\"knowledgeId\":1877653652954918913,\"options\":\"[{\\\"key\\\":\\\"A\\\",\\\"value\\\":\\\"Python\\\"},{\\\"key\\\":\\\"B\\\",\\\"value\\\":\\\"C++\\\"},{\\\"key\\\":\\\"C\\\",\\\"value\\\":\\\"HTML\\\"}]\",\"params\":{},\"title\":\"以下哪种语言是面向对象的？\",\"type\":5,\"updateBy\":\"admin\",\"updateTime\":\"2025-01-14 17:19:19\"}', '{\"msg\":\"操作成功\",\"code\":200}', 0, NULL, '2025-01-14 17:19:19', 5);
INSERT INTO `sys_oper_log` VALUES (617, '题目管理', 2, 'com.eduflex.manage.controller.ExamQuestionController.edit()', 'PUT', 1, 'admin', '研发部门', '/manage/question', '127.0.0.1', '内网IP', '{\"analysis\":\"Python 是一种面向对象的编程语言，支持多种编程范式。\",\"answer\":\"[\\\"A\\\"]\",\"courseId\":1,\"createBy\":\"admin\",\"createTime\":\"2025-01-14 16:25:17\",\"deleted\":0,\"id\":1879082351088553986,\"knowledgeId\":1877653652954918913,\"options\":\"[{\\\"key\\\":\\\"A\\\",\\\"value\\\":\\\"Python\\\"},{\\\"key\\\":\\\"B\\\",\\\"value\\\":\\\"C++\\\"},{\\\"key\\\":\\\"C\\\",\\\"value\\\":\\\"HTML\\\"}]\",\"params\":{},\"title\":\"以下哪种语言是面向对象的？\",\"type\":1,\"updateBy\":\"admin\",\"updateTime\":\"2025-01-14 17:19:25\"}', '{\"msg\":\"操作成功\",\"code\":200}', 0, NULL, '2025-01-14 17:19:25', 10);
INSERT INTO `sys_oper_log` VALUES (618, '题目管理', 1, 'com.eduflex.manage.controller.ExamQuestionController.add()', 'POST', 1, 'admin', '研发部门', '/manage/question', '127.0.0.1', '内网IP', '{\"analysis\":\"404 状态码表示客户端请求的资源在服务器上不存在。\",\"answer\":\"[\\\"B\\\"]\",\"courseId\":3,\"createBy\":\"admin\",\"createTime\":\"2025-01-14 17:21:00\",\"id\":1879096369215885314,\"options\":\"[{\\\"key\\\":\\\"A\\\",\\\"value\\\":\\\"请求成功\\\"},{\\\"key\\\":\\\"B\\\",\\\"value\\\":\\\"未找到资源\\\"},{\\\"key\\\":\\\"C\\\",\\\"value\\\":\\\"服务器错误\\\"},{\\\"key\\\":\\\"D\\\",\\\"value\\\":\\\"无权限访问\\\"}]\",\"params\":{},\"title\":\"HTTP 状态码 404 的含义是什么？\",\"type\":1}', '{\"msg\":\"操作成功\",\"code\":200}', 0, NULL, '2025-01-14 17:21:01', 3042);
INSERT INTO `sys_oper_log` VALUES (619, '题目管理', 1, 'com.eduflex.manage.controller.ExamQuestionController.add()', 'POST', 1, 'admin', '研发部门', '/manage/question', '127.0.0.1', '内网IP', '{\"analysis\":\"Python 和 C++ 是编程语言，而 HTML 是标记语言，JSON 是数据格式。\",\"answer\":\"[\\\"A\\\",\\\"C\\\"]\",\"courseId\":3,\"createBy\":\"admin\",\"createTime\":\"2025-01-14 17:21:33\",\"id\":1879096505274912770,\"options\":\"[{\\\"key\\\":\\\"A\\\",\\\"value\\\":\\\"Python\\\"},{\\\"key\\\":\\\"B\\\",\\\"value\\\":\\\"HTML\\\"},{\\\"key\\\":\\\"C\\\",\\\"value\\\":\\\"C++\\\"},{\\\"key\\\":\\\"D\\\",\\\"value\\\":\\\"JSON\\\"}]\",\"params\":{},\"title\":\"以下哪些是编程语言？\",\"type\":2}', '{\"msg\":\"操作成功\",\"code\":200}', 0, NULL, '2025-01-14 17:21:33', 3);
INSERT INTO `sys_oper_log` VALUES (620, '题目管理', 1, 'com.eduflex.manage.controller.ExamQuestionController.add()', 'POST', 1, 'admin', '研发部门', '/manage/question', '127.0.0.1', '内网IP', '{\"analysis\":\"GET、POST、DELETE 和 CONNECT 都是 HTTP 请求方法，用于客户端与服务器之间的通信。\",\"answer\":\"[\\\"A\\\",\\\"D\\\",\\\"B\\\",\\\"C\\\"]\",\"createBy\":\"admin\",\"createTime\":\"2025-01-14 17:21:58\",\"id\":1879096608295407618,\"options\":\"[{\\\"key\\\":\\\"A\\\",\\\"value\\\":\\\"GET\\\"},{\\\"key\\\":\\\"B\\\",\\\"value\\\":\\\"POST\\\"},{\\\"key\\\":\\\"C\\\",\\\"value\\\":\\\"DELETE\\\"},{\\\"key\\\":\\\"D\\\",\\\"value\\\":\\\"CONNECT\\\"}]\",\"params\":{},\"title\":\"以下哪些是 HTTP 的请求方法？\",\"type\":2}', '{\"msg\":\"操作成功\",\"code\":200}', 0, NULL, '2025-01-14 17:21:58', 4);
INSERT INTO `sys_oper_log` VALUES (621, '题目管理', 1, 'com.eduflex.manage.controller.ExamQuestionController.add()', 'POST', 1, 'admin', '研发部门', '/manage/question', '127.0.0.1', '内网IP', '{\"analysis\":\"JavaScript 是一种动态类型语言，不需要显式声明变量的类型。\",\"answer\":\"[false]\",\"createBy\":\"admin\",\"createTime\":\"2025-01-14 17:22:17\",\"id\":1879096689383886850,\"options\":\"[]\",\"params\":{},\"title\":\"JavaScript 是一种静态类型语言。\",\"type\":3}', '{\"msg\":\"操作成功\",\"code\":200}', 0, NULL, '2025-01-14 17:22:17', 3);
INSERT INTO `sys_oper_log` VALUES (622, '题目管理', 1, 'com.eduflex.manage.controller.ExamQuestionController.add()', 'POST', 1, 'admin', '研发部门', '/manage/question', '127.0.0.1', '内网IP', '{\"analysis\":\"TCP 是面向连接的协议，提供可靠的数据传输服务。\",\"answer\":\"[false]\",\"createBy\":\"admin\",\"createTime\":\"2025-01-14 17:22:30\",\"id\":1879096745101021186,\"options\":\"[]\",\"params\":{},\"title\":\"TCP 协议是无连接的。\",\"type\":3}', '{\"msg\":\"操作成功\",\"code\":200}', 0, NULL, '2025-01-14 17:22:30', 4);
INSERT INTO `sys_oper_log` VALUES (623, '题目管理', 1, 'com.eduflex.manage.controller.ExamQuestionController.add()', 'POST', 1, 'admin', '研发部门', '/manage/question', '127.0.0.1', '内网IP', '{\"analysis\":\"根据运算优先级，乘法优先于加法，计算顺序为 2 * 2 = 4，然后 3 + 4 = 7。\",\"answer\":\"[\\\"7\\\"]\",\"createBy\":\"admin\",\"createTime\":\"2025-01-14 17:22:58\",\"id\":1879096862541533186,\"options\":\"[]\",\"params\":{},\"title\":\"请填写以下代码的输出：\\nSystem.out.println(3 + 2 * 2);\",\"type\":4}', '{\"msg\":\"操作成功\",\"code\":200}', 0, NULL, '2025-01-14 17:22:58', 3);
INSERT INTO `sys_oper_log` VALUES (624, '题目管理', 1, 'com.eduflex.manage.controller.ExamQuestionController.add()', 'POST', 1, 'admin', '研发部门', '/manage/question', '127.0.0.1', '内网IP', '{\"analysis\":\"通过 for 循环遍历范围内的数值，用 if 判断是否为偶数，输出结果即可。\",\"answer\":\"[\\\"for i in range(1, 11):     if i % 2 == 0:         print(i)\\\"]\",\"createBy\":\"admin\",\"createTime\":\"2025-01-14 17:23:19\",\"id\":1879096950579974145,\"options\":\"[]\",\"params\":{},\"title\":\"编写一段 Python 代码，输出从 1 到 10 的所有偶数。\",\"type\":5}', '{\"msg\":\"操作成功\",\"code\":200}', 0, NULL, '2025-01-14 17:23:19', 3);
INSERT INTO `sys_oper_log` VALUES (625, '题目管理', 2, 'com.eduflex.manage.controller.ExamQuestionController.edit()', 'PUT', 1, 'admin', '研发部门', '/manage/question', '127.0.0.1', '内网IP', '{\"analysis\":\"通过 for 循环遍历范围内的数值，用 if 判断是否为偶数，输出结果即可。\",\"answer\":\"[\\\"for i in range(1, 11):\\\\n    if i % 2 == 0:\\\\n        print(i)\\\"]\",\"createBy\":\"admin\",\"createTime\":\"2025-01-14 17:23:20\",\"deleted\":0,\"id\":1879096950579974145,\"options\":\"[]\",\"params\":{},\"title\":\"编写一段 Python 代码，输出从 1 到 10 的所有偶数。\",\"type\":5,\"updateBy\":\"admin\",\"updateTime\":\"2025-01-14 17:24:30\"}', '{\"msg\":\"操作成功\",\"code\":200}', 0, NULL, '2025-01-14 17:24:30', 7);
INSERT INTO `sys_oper_log` VALUES (626, '题目管理', 2, 'com.eduflex.manage.controller.ExamQuestionController.edit()', 'PUT', 1, 'admin', '研发部门', '/manage/question', '127.0.0.1', '内网IP', '{\"analysis\":\"GET、POST、DELETE 和 CONNECT 都是 HTTP 请求方法，用于客户端与服务器之间的通信。\",\"answer\":\"[\\\"A\\\",\\\"D\\\",\\\"B\\\",\\\"C\\\"]\",\"courseId\":1,\"createBy\":\"admin\",\"createTime\":\"2025-01-14 17:21:58\",\"deleted\":0,\"id\":1879096608295407618,\"knowledgeId\":1877654239176011777,\"options\":\"[{\\\"key\\\":\\\"A\\\",\\\"value\\\":\\\"GET\\\"},{\\\"key\\\":\\\"B\\\",\\\"value\\\":\\\"POST\\\"},{\\\"key\\\":\\\"C\\\",\\\"value\\\":\\\"DELETE\\\"},{\\\"key\\\":\\\"D\\\",\\\"value\\\":\\\"CONNECT\\\"}]\",\"params\":{},\"title\":\"以下哪些是 HTTP 的请求方法？\",\"type\":2,\"updateBy\":\"admin\",\"updateTime\":\"2025-01-14 17:45:42\"}', '{\"msg\":\"操作成功\",\"code\":200}', 0, NULL, '2025-01-14 17:45:42', 20);
INSERT INTO `sys_oper_log` VALUES (627, '题目管理', 2, 'com.eduflex.manage.controller.ExamQuestionController.edit()', 'PUT', 1, 'admin', '研发部门', '/manage/question', '127.0.0.1', '内网IP', '{\"analysis\":\"JavaScript 是一种动态类型语言，不需要显式声明变量的类型。\",\"answer\":\"[false]\",\"courseId\":1,\"createBy\":\"admin\",\"createTime\":\"2025-01-14 17:22:17\",\"deleted\":0,\"id\":1879096689383886850,\"knowledgeId\":1877654239176011777,\"options\":\"[]\",\"params\":{},\"title\":\"JavaScript 是一种静态类型语言。\",\"type\":3,\"updateBy\":\"admin\",\"updateTime\":\"2025-01-14 17:45:47\"}', '{\"msg\":\"操作成功\",\"code\":200}', 0, NULL, '2025-01-14 17:45:47', 9);
INSERT INTO `sys_oper_log` VALUES (628, '课程管理', 1, 'com.eduflex.manage.controller.CourseController.add()', 'POST', 1, 'admin', '研发部门', '/manage/course', '127.0.0.1', '内网IP', '{\"categoryId\":1865774804440600577,\"createBy\":\"admin\",\"endTime\":\"2025-01-16\",\"id\":1879105493781590018,\"name\":\"计算机网络\",\"params\":{},\"startTime\":\"2025-01-14\",\"status\":\"1\",\"teacherId\":106}', '{\"msg\":\"操作成功\",\"code\":200}', 0, NULL, '2025-01-14 17:57:16', 10);
INSERT INTO `sys_oper_log` VALUES (629, '课程管理', 1, 'com.eduflex.manage.controller.CourseController.add()', 'POST', 1, 'admin', '研发部门', '/manage/course', '127.0.0.1', '内网IP', '{\"categoryId\":1865774917003137026,\"createBy\":\"admin\",\"endTime\":\"2025-01-15\",\"id\":1879105733238599681,\"name\":\"高等数学\",\"params\":{},\"startTime\":\"2025-01-13\",\"status\":\"1\",\"teacherId\":100}', '{\"msg\":\"操作成功\",\"code\":200}', 0, NULL, '2025-01-14 17:58:13', 16);
INSERT INTO `sys_oper_log` VALUES (630, '知识点分类', 2, 'com.eduflex.manage.controller.KnowledgeController.edit()', 'PUT', 1, 'admin', '研发部门', '/manage/knowledge', '127.0.0.1', '内网IP', '{\"ancestors\":\"0\",\"children\":[],\"courseId\":1879105733238599681,\"createBy\":\"admin\",\"createTime\":\"2025-01-10 17:48:11\",\"deleted\":0,\"id\":1877653652954918913,\"name\":\"高等数学\",\"params\":{},\"parentId\":0,\"updateBy\":\"admin\",\"updateTime\":\"2025-01-14 17:58:45\"}', '{\"msg\":\"操作成功\",\"code\":200}', 0, NULL, '2025-01-14 17:58:45', 10);
INSERT INTO `sys_oper_log` VALUES (631, '知识点分类', 2, 'com.eduflex.manage.controller.KnowledgeController.edit()', 'PUT', 1, 'admin', '研发部门', '/manage/knowledge', '127.0.0.1', '内网IP', '{\"ancestors\":\"0,1877653652954918913\",\"children\":[],\"courseId\":1879105733238599681,\"createBy\":\"admin\",\"createTime\":\"2025-01-10 17:50:30\",\"deleted\":0,\"id\":1877654239176011777,\"name\":\"函数\",\"params\":{},\"parentId\":1877653652954918913,\"updateBy\":\"admin\",\"updateTime\":\"2025-01-14 17:58:51\"}', '{\"msg\":\"操作成功\",\"code\":200}', 0, NULL, '2025-01-14 17:58:51', 9);
INSERT INTO `sys_oper_log` VALUES (632, '题目管理', 2, 'com.eduflex.manage.controller.ExamQuestionController.edit()', 'PUT', 1, 'admin', '研发部门', '/manage/question', '127.0.0.1', '内网IP', '{\"analysis\":\"404 状态码表示客户端请求的资源在服务器上不存在。\",\"answer\":\"[\\\"B\\\"]\",\"courseId\":1879105493781590018,\"createBy\":\"admin\",\"createTime\":\"2025-01-14 17:21:01\",\"deleted\":0,\"id\":1879096369215885314,\"options\":\"[{\\\"key\\\":\\\"A\\\",\\\"value\\\":\\\"请求成功\\\"},{\\\"key\\\":\\\"B\\\",\\\"value\\\":\\\"未找到资源\\\"},{\\\"key\\\":\\\"C\\\",\\\"value\\\":\\\"服务器错误\\\"},{\\\"key\\\":\\\"D\\\",\\\"value\\\":\\\"无权限访问\\\"}]\",\"params\":{},\"title\":\"HTTP 状态码 404 的含义是什么？\",\"type\":1,\"updateBy\":\"admin\",\"updateTime\":\"2025-01-14 17:59:36\"}', '{\"msg\":\"操作成功\",\"code\":200}', 0, NULL, '2025-01-14 17:59:36', 12);
INSERT INTO `sys_oper_log` VALUES (633, '题目管理', 2, 'com.eduflex.manage.controller.ExamQuestionController.edit()', 'PUT', 1, 'admin', '研发部门', '/manage/question', '127.0.0.1', '内网IP', '{\"analysis\":\"GET、POST、DELETE 和 CONNECT 都是 HTTP 请求方法，用于客户端与服务器之间的通信。\",\"answer\":\"[\\\"A\\\",\\\"D\\\",\\\"B\\\",\\\"C\\\"]\",\"courseId\":1879105493781590018,\"createBy\":\"admin\",\"createTime\":\"2025-01-14 17:21:58\",\"deleted\":0,\"id\":1879096608295407618,\"options\":\"[{\\\"key\\\":\\\"A\\\",\\\"value\\\":\\\"GET\\\"},{\\\"key\\\":\\\"B\\\",\\\"value\\\":\\\"POST\\\"},{\\\"key\\\":\\\"C\\\",\\\"value\\\":\\\"DELETE\\\"},{\\\"key\\\":\\\"D\\\",\\\"value\\\":\\\"CONNECT\\\"}]\",\"params\":{},\"title\":\"以下哪些是 HTTP 的请求方法？\",\"type\":2,\"updateBy\":\"admin\",\"updateTime\":\"2025-01-14 17:59:48\"}', '{\"msg\":\"操作成功\",\"code\":200}', 0, NULL, '2025-01-14 17:59:48', 10);
INSERT INTO `sys_oper_log` VALUES (634, '题目管理', 2, 'com.eduflex.manage.controller.ExamQuestionController.edit()', 'PUT', 1, 'admin', '研发部门', '/manage/question', '127.0.0.1', '内网IP', '{\"analysis\":\"GET、POST、DELETE 和 CONNECT 都是 HTTP 请求方法，用于客户端与服务器之间的通信。\",\"answer\":\"[\\\"A\\\",\\\"D\\\",\\\"B\\\",\\\"C\\\"]\",\"courseId\":1879105493781590018,\"createBy\":\"admin\",\"createTime\":\"2025-01-14 17:21:58\",\"deleted\":0,\"id\":1879096608295407618,\"knowledgeId\":1877654239176011777,\"options\":\"[{\\\"key\\\":\\\"A\\\",\\\"value\\\":\\\"GET\\\"},{\\\"key\\\":\\\"B\\\",\\\"value\\\":\\\"POST\\\"},{\\\"key\\\":\\\"C\\\",\\\"value\\\":\\\"DELETE\\\"},{\\\"key\\\":\\\"D\\\",\\\"value\\\":\\\"CONNECT\\\"}]\",\"params\":{},\"title\":\"以下哪些是 HTTP 的请求方法？\",\"type\":2,\"updateBy\":\"admin\",\"updateTime\":\"2025-01-14 18:00:01\"}', '{\"msg\":\"操作成功\",\"code\":200}', 0, NULL, '2025-01-14 18:00:01', 9);
INSERT INTO `sys_oper_log` VALUES (635, '题目管理', 2, 'com.eduflex.manage.controller.ExamQuestionController.edit()', 'PUT', 1, 'admin', '研发部门', '/manage/question', '127.0.0.1', '内网IP', '{\"analysis\":\"根据运算优先级，乘法优先于加法，计算顺序为 2 * 2 = 4，然后 3 + 4 = 7。\",\"answer\":\"[\\\"7\\\"]\",\"courseId\":1,\"createBy\":\"admin\",\"createTime\":\"2025-01-14 17:22:59\",\"deleted\":0,\"id\":1879096862541533186,\"options\":\"[]\",\"params\":{},\"title\":\"请填写以下代码的输出：\\nSystem.out.println(3 + 2 * 2);\",\"type\":4,\"updateBy\":\"admin\",\"updateTime\":\"2025-01-14 18:00:54\"}', '{\"msg\":\"操作成功\",\"code\":200}', 0, NULL, '2025-01-14 18:00:54', 20);
INSERT INTO `sys_oper_log` VALUES (636, '题目管理', 2, 'com.eduflex.manage.controller.ExamQuestionController.edit()', 'PUT', 1, 'admin', '研发部门', '/manage/question', '127.0.0.1', '内网IP', '{\"analysis\":\"TCP 是面向连接的协议，提供可靠的数据传输服务。\",\"answer\":\"[false]\",\"courseId\":1879105493781590018,\"createBy\":\"admin\",\"createTime\":\"2025-01-14 17:22:31\",\"deleted\":0,\"id\":1879096745101021186,\"options\":\"[]\",\"params\":{},\"title\":\"TCP 协议是无连接的。\",\"type\":3,\"updateBy\":\"admin\",\"updateTime\":\"2025-01-14 18:00:57\"}', '{\"msg\":\"操作成功\",\"code\":200}', 0, NULL, '2025-01-14 18:00:57', 10);
INSERT INTO `sys_oper_log` VALUES (637, '题目管理', 2, 'com.eduflex.manage.controller.ExamQuestionController.edit()', 'PUT', 1, 'admin', '研发部门', '/manage/question', '127.0.0.1', '内网IP', '{\"analysis\":\"通过 for 循环遍历范围内的数值，用 if 判断是否为偶数，输出结果即可。\",\"answer\":\"[\\\"for i in range(1, 11):\\\\n    if i % 2 == 0:\\\\n        print(i)\\\"]\",\"courseId\":1,\"createBy\":\"admin\",\"createTime\":\"2025-01-14 17:23:20\",\"deleted\":0,\"id\":1879096950579974145,\"options\":\"[]\",\"params\":{},\"title\":\"编写一段 Python 代码，输出从 1 到 10 的所有偶数。\",\"type\":5,\"updateBy\":\"admin\",\"updateTime\":\"2025-01-14 18:01:01\"}', '{\"msg\":\"操作成功\",\"code\":200}', 0, NULL, '2025-01-14 18:01:01', 8);
INSERT INTO `sys_oper_log` VALUES (638, '字典类型', 1, 'com.eduflex.web.controller.system.SysDictTypeController.add()', 'POST', 1, 'admin', '研发部门', '/system/dict/type', '127.0.0.1', '内网IP', '{\"createBy\":\"admin\",\"dictName\":\"题目难易程度\",\"dictType\":\"question_difficulty\",\"params\":{},\"status\":\"0\"}', '{\"msg\":\"操作成功\",\"code\":200}', 0, NULL, '2025-01-15 09:30:52', 147);
INSERT INTO `sys_oper_log` VALUES (639, '字典类型', 2, 'com.eduflex.web.controller.system.SysDictTypeController.edit()', 'PUT', 1, 'admin', '研发部门', '/system/dict/type', '127.0.0.1', '内网IP', '{\"createBy\":\"admin\",\"createTime\":\"2025-01-15 09:30:52\",\"dictId\":104,\"dictName\":\"题目难易程度\",\"dictType\":\"question_difficulty\",\"params\":{},\"remark\":\"题目难易程度\",\"status\":\"0\",\"updateBy\":\"admin\"}', '{\"msg\":\"操作成功\",\"code\":200}', 0, NULL, '2025-01-15 09:30:56', 35);
INSERT INTO `sys_oper_log` VALUES (640, '字典数据', 1, 'com.eduflex.web.controller.system.SysDictDataController.add()', 'POST', 1, 'admin', '研发部门', '/system/dict/data', '127.0.0.1', '内网IP', '{\"createBy\":\"admin\",\"default\":false,\"dictLabel\":\"简单\",\"dictSort\":1,\"dictType\":\"question_difficulty\",\"dictValue\":\"1\",\"listClass\":\"default\",\"params\":{},\"status\":\"0\"}', '{\"msg\":\"操作成功\",\"code\":200}', 0, NULL, '2025-01-15 09:31:07', 10);
INSERT INTO `sys_oper_log` VALUES (641, '字典数据', 2, 'com.eduflex.web.controller.system.SysDictDataController.edit()', 'PUT', 1, 'admin', '研发部门', '/system/dict/data', '127.0.0.1', '内网IP', '{\"createBy\":\"admin\",\"createTime\":\"2025-01-15 09:31:07\",\"default\":false,\"dictCode\":115,\"dictLabel\":\"简单\",\"dictSort\":1,\"dictType\":\"question_difficulty\",\"dictValue\":\"1\",\"isDefault\":\"N\",\"listClass\":\"primary\",\"params\":{},\"status\":\"0\",\"updateBy\":\"admin\"}', '{\"msg\":\"操作成功\",\"code\":200}', 0, NULL, '2025-01-15 09:31:15', 13);
INSERT INTO `sys_oper_log` VALUES (642, '字典数据', 1, 'com.eduflex.web.controller.system.SysDictDataController.add()', 'POST', 1, 'admin', '研发部门', '/system/dict/data', '127.0.0.1', '内网IP', '{\"createBy\":\"admin\",\"default\":false,\"dictLabel\":\"中等\",\"dictSort\":0,\"dictType\":\"question_difficulty\",\"dictValue\":\"2\",\"listClass\":\"primary\",\"params\":{},\"status\":\"0\"}', '{\"msg\":\"操作成功\",\"code\":200}', 0, NULL, '2025-01-15 09:31:38', 9);
INSERT INTO `sys_oper_log` VALUES (643, '字典数据', 1, 'com.eduflex.web.controller.system.SysDictDataController.add()', 'POST', 1, 'admin', '研发部门', '/system/dict/data', '127.0.0.1', '内网IP', '{\"createBy\":\"admin\",\"default\":false,\"dictLabel\":\"困难\",\"dictSort\":0,\"dictType\":\"question_difficulty\",\"dictValue\":\"3\",\"listClass\":\"primary\",\"params\":{},\"status\":\"0\"}', '{\"msg\":\"操作成功\",\"code\":200}', 0, NULL, '2025-01-15 09:31:46', 9);
INSERT INTO `sys_oper_log` VALUES (644, '字典数据', 2, 'com.eduflex.web.controller.system.SysDictDataController.edit()', 'PUT', 1, 'admin', '研发部门', '/system/dict/data', '127.0.0.1', '内网IP', '{\"createBy\":\"admin\",\"createTime\":\"2025-01-15 09:31:46\",\"default\":false,\"dictCode\":117,\"dictLabel\":\"困难\",\"dictSort\":2,\"dictType\":\"question_difficulty\",\"dictValue\":\"3\",\"isDefault\":\"N\",\"listClass\":\"danger\",\"params\":{},\"status\":\"0\",\"updateBy\":\"admin\"}', '{\"msg\":\"操作成功\",\"code\":200}', 0, NULL, '2025-01-15 09:33:57', 26);
INSERT INTO `sys_oper_log` VALUES (645, '字典数据', 2, 'com.eduflex.web.controller.system.SysDictDataController.edit()', 'PUT', 1, 'admin', '研发部门', '/system/dict/data', '127.0.0.1', '内网IP', '{\"createBy\":\"admin\",\"createTime\":\"2025-01-15 09:31:46\",\"default\":false,\"dictCode\":117,\"dictLabel\":\"困难\",\"dictSort\":3,\"dictType\":\"question_difficulty\",\"dictValue\":\"3\",\"isDefault\":\"N\",\"listClass\":\"danger\",\"params\":{},\"status\":\"0\",\"updateBy\":\"admin\"}', '{\"msg\":\"操作成功\",\"code\":200}', 0, NULL, '2025-01-15 09:34:04', 12);
INSERT INTO `sys_oper_log` VALUES (646, '字典数据', 2, 'com.eduflex.web.controller.system.SysDictDataController.edit()', 'PUT', 1, 'admin', '研发部门', '/system/dict/data', '127.0.0.1', '内网IP', '{\"createBy\":\"admin\",\"createTime\":\"2025-01-15 09:31:38\",\"default\":false,\"dictCode\":116,\"dictLabel\":\"中等\",\"dictSort\":2,\"dictType\":\"question_difficulty\",\"dictValue\":\"2\",\"isDefault\":\"N\",\"listClass\":\"warning\",\"params\":{},\"status\":\"0\",\"updateBy\":\"admin\"}', '{\"msg\":\"操作成功\",\"code\":200}', 0, NULL, '2025-01-15 09:34:10', 11);
INSERT INTO `sys_oper_log` VALUES (647, '题目管理', 2, 'com.eduflex.manage.controller.ExamQuestionController.edit()', 'PUT', 1, 'admin', '研发部门', '/manage/question', '127.0.0.1', '内网IP', '{\"analysis\":\"Python 是一种面向对象的编程语言，支持多种编程范式。\",\"answer\":\"[\\\"A\\\"]\",\"courseId\":1,\"createBy\":\"admin\",\"createTime\":\"2025-01-14 16:25:17\",\"deleted\":0,\"difficulty\":2,\"id\":1879082351088553986,\"options\":\"[{\\\"key\\\":\\\"A\\\",\\\"value\\\":\\\"Python\\\"},{\\\"key\\\":\\\"B\\\",\\\"value\\\":\\\"C++\\\"},{\\\"key\\\":\\\"C\\\",\\\"value\\\":\\\"HTML\\\"}]\",\"params\":{},\"title\":\"以下哪种语言是面向对象的？\",\"type\":1,\"updateBy\":\"admin\",\"updateTime\":\"2025-01-15 09:40:46\"}', '{\"msg\":\"操作成功\",\"code\":200}', 0, NULL, '2025-01-15 09:40:46', 18);
INSERT INTO `sys_oper_log` VALUES (648, '题目管理', 2, 'com.eduflex.manage.controller.ExamQuestionController.edit()', 'PUT', 1, 'admin', '研发部门', '/manage/question', '127.0.0.1', '内网IP', '{\"analysis\":\"Python 是一种面向对象的编程语言，支持多种编程范式。\",\"answer\":\"[\\\"A\\\"]\",\"courseId\":1,\"createBy\":\"admin\",\"createTime\":\"2025-01-14 16:25:17\",\"deleted\":0,\"difficulty\":3,\"id\":1879082351088553986,\"options\":\"[{\\\"key\\\":\\\"A\\\",\\\"value\\\":\\\"Python\\\"},{\\\"key\\\":\\\"B\\\",\\\"value\\\":\\\"C++\\\"},{\\\"key\\\":\\\"C\\\",\\\"value\\\":\\\"HTML\\\"}]\",\"params\":{},\"title\":\"以下哪种语言是面向对象的？\",\"type\":1,\"updateBy\":\"admin\",\"updateTime\":\"2025-01-15 09:40:54\"}', '{\"msg\":\"操作成功\",\"code\":200}', 0, NULL, '2025-01-15 09:40:54', 8);
INSERT INTO `sys_oper_log` VALUES (649, '题目管理', 2, 'com.eduflex.manage.controller.ExamQuestionController.edit()', 'PUT', 1, 'admin', '研发部门', '/manage/question', '127.0.0.1', '内网IP', '{\"analysis\":\"Python 是一种面向对象的编程语言，支持多种编程范式。\",\"answer\":\"[\\\"A\\\"]\",\"courseId\":1,\"createBy\":\"admin\",\"createTime\":\"2025-01-14 16:25:17\",\"deleted\":0,\"difficulty\":1,\"id\":1879082351088553986,\"options\":\"[{\\\"key\\\":\\\"A\\\",\\\"value\\\":\\\"Python\\\"},{\\\"key\\\":\\\"B\\\",\\\"value\\\":\\\"C++\\\"},{\\\"key\\\":\\\"C\\\",\\\"value\\\":\\\"HTML\\\"}]\",\"params\":{},\"title\":\"以下哪种语言是面向对象的？\",\"type\":1,\"updateBy\":\"admin\",\"updateTime\":\"2025-01-15 09:40:57\"}', '{\"msg\":\"操作成功\",\"code\":200}', 0, NULL, '2025-01-15 09:40:57', 9);
INSERT INTO `sys_oper_log` VALUES (650, '字典类型', 1, 'com.eduflex.web.controller.system.SysDictTypeController.add()', 'POST', 1, 'admin', '研发部门', '/system/dict/type', '127.0.0.1', '内网IP', '{\"createBy\":\"admin\",\"dictName\":\"试卷发布状态\",\"dictType\":\"paper_published\",\"params\":{},\"remark\":\"试卷发布状态\",\"status\":\"0\"}', '{\"msg\":\"操作成功\",\"code\":200}', 0, NULL, '2025-01-15 14:32:24', 10);
INSERT INTO `sys_oper_log` VALUES (651, '字典数据', 1, 'com.eduflex.web.controller.system.SysDictDataController.add()', 'POST', 1, 'admin', '研发部门', '/system/dict/data', '127.0.0.1', '内网IP', '{\"createBy\":\"admin\",\"default\":false,\"dictLabel\":\"未发布\",\"dictSort\":1,\"dictType\":\"paper_published\",\"dictValue\":\"0\",\"listClass\":\"default\",\"params\":{},\"status\":\"0\"}', '{\"msg\":\"操作成功\",\"code\":200}', 0, NULL, '2025-01-15 14:32:49', 8);
INSERT INTO `sys_oper_log` VALUES (652, '字典数据', 2, 'com.eduflex.web.controller.system.SysDictDataController.edit()', 'PUT', 1, 'admin', '研发部门', '/system/dict/data', '127.0.0.1', '内网IP', '{\"createBy\":\"admin\",\"createTime\":\"2025-01-15 14:32:49\",\"default\":false,\"dictCode\":118,\"dictLabel\":\"未发布\",\"dictSort\":1,\"dictType\":\"paper_published\",\"dictValue\":\"0\",\"isDefault\":\"N\",\"listClass\":\"primary\",\"params\":{},\"status\":\"0\",\"updateBy\":\"admin\"}', '{\"msg\":\"操作成功\",\"code\":200}', 0, NULL, '2025-01-15 14:32:54', 11);
INSERT INTO `sys_oper_log` VALUES (653, '字典数据', 2, 'com.eduflex.web.controller.system.SysDictDataController.edit()', 'PUT', 1, 'admin', '研发部门', '/system/dict/data', '127.0.0.1', '内网IP', '{\"createBy\":\"admin\",\"createTime\":\"2025-01-15 14:32:49\",\"default\":false,\"dictCode\":118,\"dictLabel\":\"未发布\",\"dictSort\":1,\"dictType\":\"paper_published\",\"dictValue\":\"0\",\"isDefault\":\"N\",\"listClass\":\"success\",\"params\":{},\"status\":\"0\",\"updateBy\":\"admin\"}', '{\"msg\":\"操作成功\",\"code\":200}', 0, NULL, '2025-01-15 14:32:57', 9);
INSERT INTO `sys_oper_log` VALUES (654, '字典数据', 2, 'com.eduflex.web.controller.system.SysDictDataController.edit()', 'PUT', 1, 'admin', '研发部门', '/system/dict/data', '127.0.0.1', '内网IP', '{\"createBy\":\"admin\",\"createTime\":\"2025-01-15 14:32:49\",\"default\":false,\"dictCode\":118,\"dictLabel\":\"未发布\",\"dictSort\":1,\"dictType\":\"paper_published\",\"dictValue\":\"0\",\"isDefault\":\"N\",\"listClass\":\"info\",\"params\":{},\"status\":\"0\",\"updateBy\":\"admin\"}', '{\"msg\":\"操作成功\",\"code\":200}', 0, NULL, '2025-01-15 14:33:02', 10);
INSERT INTO `sys_oper_log` VALUES (655, '字典数据', 1, 'com.eduflex.web.controller.system.SysDictDataController.add()', 'POST', 1, 'admin', '研发部门', '/system/dict/data', '127.0.0.1', '内网IP', '{\"createBy\":\"admin\",\"default\":false,\"dictLabel\":\"已发布\",\"dictSort\":2,\"dictType\":\"paper_published\",\"dictValue\":\"1\",\"listClass\":\"success\",\"params\":{},\"status\":\"0\"}', '{\"msg\":\"操作成功\",\"code\":200}', 0, NULL, '2025-01-15 14:33:12', 6);
INSERT INTO `sys_oper_log` VALUES (656, '试卷管理', 1, 'com.eduflex.manage.controller.ExamPaperController.add()', 'POST', 1, 'admin', '研发部门', '/manage/paper', '127.0.0.1', '内网IP', '{\"createTime\":\"2025-01-15 14:36:11\",\"duration\":60,\"id\":1879417276098609153,\"isPublished\":0,\"params\":{},\"title\":\"模拟卷1\",\"totalScore\":100}', NULL, 1, '\r\n### Error updating database.  Cause: java.sql.SQLException: Field \'id\' doesn\'t have a default value\r\n### The error may exist in file [D:\\download\\Project\\Backend\\EduFlex\\eduflex-manage\\target\\classes\\mapper\\manage\\ExamPaperMapper.xml]\r\n### The error may involve com.eduflex.manage.mapper.ExamPaperMapper.insertExamPaper-Inline\r\n### The error occurred while setting parameters\r\n### SQL: insert into tb_exam_paper          ( title,             total_score,             duration,             is_published,                          create_time )           values ( ?,             ?,             ?,             ?,                          ? )\r\n### Cause: java.sql.SQLException: Field \'id\' doesn\'t have a default value\n; Field \'id\' doesn\'t have a default value; nested exception is java.sql.SQLException: Field \'id\' doesn\'t have a default value', '2025-01-15 14:36:11', 54);
INSERT INTO `sys_oper_log` VALUES (657, '试卷管理', 1, 'com.eduflex.manage.controller.ExamPaperController.add()', 'POST', 1, 'admin', '研发部门', '/manage/paper', '127.0.0.1', '内网IP', '{\"duration\":60,\"id\":1879418666678198274,\"isPublished\":1,\"params\":{},\"title\":\"模拟卷1\",\"totalScore\":100}', '{\"msg\":\"操作成功\",\"code\":200}', 0, NULL, '2025-01-15 14:41:42', 73);
INSERT INTO `sys_oper_log` VALUES (658, '试卷题目管理', 1, 'com.eduflex.manage.controller.ExamPaperController.addQuestion()', 'POST', 1, 'admin', '研发部门', '/manage/paper/question', '127.0.0.1', '内网IP', '[{\"id\":1879082351088553986,\"orderNum\":1,\"paperId\":1879418666678198274,\"questionId\":1879082351088553986,\"score\":5},{\"id\":1879096369215885314,\"orderNum\":2,\"paperId\":1879418666678198274,\"questionId\":1879096369215885314,\"score\":5},{\"id\":1879096505274912770,\"orderNum\":3,\"paperId\":1879418666678198274,\"questionId\":1879096505274912770,\"score\":5},{\"id\":1879096608295407618,\"orderNum\":4,\"paperId\":1879418666678198274,\"questionId\":1879096608295407618,\"score\":5}]', '{\"msg\":\"操作成功\",\"code\":200}', 0, NULL, '2025-01-20 14:39:12', 154);
INSERT INTO `sys_oper_log` VALUES (659, '试卷题目管理', 1, 'com.eduflex.manage.controller.ExamPaperController.addQuestion()', 'POST', 1, 'admin', '研发部门', '/manage/paper/question', '127.0.0.1', '内网IP', '[{\"id\":1879082351088553986,\"orderNum\":1,\"paperId\":1879418666678198274,\"questionId\":1879082351088553986,\"score\":5},{\"id\":1879096369215885314,\"orderNum\":2,\"paperId\":1879418666678198274,\"questionId\":1879096369215885314,\"score\":5},{\"id\":1879096505274912770,\"orderNum\":3,\"paperId\":1879418666678198274,\"questionId\":1879096505274912770,\"score\":5},{\"id\":1879096608295407618,\"orderNum\":4,\"paperId\":1879418666678198274,\"questionId\":1879096608295407618,\"score\":5}]', NULL, 1, 'com.eduflex.manage.mapper.ExamPaperQuestionMapper.insert (batch index #1) failed. Cause: java.sql.BatchUpdateException: Duplicate entry \'1879096608295407618\' for key \'tb_exam_paper_question.PRIMARY\'\n; Duplicate entry \'1879096608295407618\' for key \'tb_exam_paper_question.PRIMARY\'; nested exception is java.sql.BatchUpdateException: Duplicate entry \'1879096608295407618\' for key \'tb_exam_paper_question.PRIMARY\'', '2025-01-20 14:39:53', 32);
INSERT INTO `sys_oper_log` VALUES (660, '试卷题目管理', 1, 'com.eduflex.manage.controller.ExamPaperController.addQuestion()', 'POST', 1, 'admin', '研发部门', '/manage/paper/question', '127.0.0.1', '内网IP', '[{\"id\":1879082351088553986,\"orderNum\":1,\"paperId\":1879418666678198274,\"questionId\":1879082351088553986,\"score\":5},{\"id\":1879096369215885314,\"orderNum\":2,\"paperId\":1879418666678198274,\"questionId\":1879096369215885314,\"score\":5},{\"id\":1879096505274912770,\"orderNum\":3,\"paperId\":1879418666678198274,\"questionId\":1879096505274912770,\"score\":5},{\"id\":1879096608295407618,\"orderNum\":4,\"paperId\":1879418666678198274,\"questionId\":1879096608295407618,\"score\":5},{\"id\":1879082351088553986,\"orderNum\":1,\"paperId\":1879418666678198274,\"questionId\":1879082351088553986,\"score\":5},{\"id\":1879082351088553986,\"orderNum\":2,\"paperId\":1879418666678198274,\"questionId\":1879082351088553986,\"score\":5}]', NULL, 1, 'com.eduflex.manage.mapper.ExamPaperQuestionMapper.insert (batch index #1) failed. Cause: java.sql.BatchUpdateException: Duplicate entry \'1879082351088553986\' for key \'tb_exam_paper_question.PRIMARY\'\n; Duplicate entry \'1879082351088553986\' for key \'tb_exam_paper_question.PRIMARY\'; nested exception is java.sql.BatchUpdateException: Duplicate entry \'1879082351088553986\' for key \'tb_exam_paper_question.PRIMARY\'', '2025-01-20 15:10:44', 198);
INSERT INTO `sys_oper_log` VALUES (661, '试卷题目管理', 1, 'com.eduflex.manage.controller.ExamPaperController.addQuestion()', 'POST', 1, 'admin', '研发部门', '/manage/paper/question', '127.0.0.1', '内网IP', '[{\"id\":1879082351088553986,\"orderNum\":1,\"paperId\":1879418666678198274,\"questionId\":1879082351088553986,\"score\":5},{\"id\":1879096369215885314,\"orderNum\":2,\"paperId\":1879418666678198274,\"questionId\":1879096369215885314,\"score\":5},{\"id\":1879096505274912770,\"orderNum\":3,\"paperId\":1879418666678198274,\"questionId\":1879096505274912770,\"score\":5},{\"id\":1879096608295407618,\"orderNum\":4,\"paperId\":1879418666678198274,\"questionId\":1879096608295407618,\"score\":5},{\"id\":1879082351088553986,\"orderNum\":1,\"paperId\":1879418666678198274,\"questionId\":1879082351088553986,\"score\":5},{\"id\":1879082351088553986,\"orderNum\":2,\"paperId\":1879418666678198274,\"questionId\":1879082351088553986,\"score\":5}]', '{\"msg\":\"操作成功\",\"code\":200}', 0, NULL, '2025-01-20 15:11:21', 86);
INSERT INTO `sys_oper_log` VALUES (662, '试卷题目管理', 1, 'com.eduflex.manage.controller.ExamPaperController.addQuestion()', 'POST', 1, 'admin', '研发部门', '/manage/paper/question', '127.0.0.1', '内网IP', '[{\"id\":1879082351088553986,\"orderNum\":2,\"paperId\":1879418666678198274,\"questionId\":1879082351088553986,\"score\":5},{\"id\":1879096369215885314,\"orderNum\":2,\"paperId\":1879418666678198274,\"questionId\":1879096369215885314,\"score\":5},{\"id\":1879096505274912770,\"orderNum\":3,\"paperId\":1879418666678198274,\"questionId\":1879096505274912770,\"score\":5},{\"id\":1879096608295407618,\"orderNum\":4,\"paperId\":1879418666678198274,\"questionId\":1879096608295407618,\"score\":5},{\"id\":1879096862541533186,\"orderNum\":1,\"paperId\":1879418666678198274,\"questionId\":1879096862541533186,\"score\":5}]', '{\"msg\":\"操作成功\",\"code\":200}', 0, NULL, '2025-01-20 15:12:35', 26);
INSERT INTO `sys_oper_log` VALUES (663, '试卷题目管理', 1, 'com.eduflex.manage.controller.ExamPaperController.addQuestion()', 'POST', 1, 'admin', '研发部门', '/manage/paper/question', '127.0.0.1', '内网IP', '[{\"id\":1879096862541533186,\"orderNum\":1,\"paperId\":1879418666678198274,\"questionId\":1879096862541533186,\"score\":5},{\"id\":1879082351088553986,\"orderNum\":2,\"paperId\":1879418666678198274,\"questionId\":1879082351088553986,\"score\":5},{\"id\":1879096369215885314,\"orderNum\":2,\"paperId\":1879418666678198274,\"questionId\":1879096369215885314,\"score\":5},{\"id\":1879096505274912770,\"orderNum\":3,\"paperId\":1879418666678198274,\"questionId\":1879096505274912770,\"score\":5},{\"id\":1879096608295407618,\"orderNum\":4,\"paperId\":1879418666678198274,\"questionId\":1879096608295407618,\"score\":5},{\"id\":1879082351088553986,\"orderNum\":6,\"paperId\":1879418666678198274,\"questionId\":1879082351088553986,\"score\":5}]', '{\"msg\":\"操作成功\",\"code\":200}', 0, NULL, '2025-01-20 15:13:53', 29);
INSERT INTO `sys_oper_log` VALUES (664, '试卷题目管理', 1, 'com.eduflex.manage.controller.ExamPaperController.addQuestion()', 'POST', 1, 'admin', '研发部门', '/manage/paper/question', '127.0.0.1', '内网IP', '[{\"id\":1879096862541533186,\"orderNum\":1,\"paperId\":1879418666678198274,\"questionId\":1879096862541533186,\"score\":5},{\"id\":1879096369215885314,\"orderNum\":2,\"paperId\":1879418666678198274,\"questionId\":1879096369215885314,\"score\":5},{\"id\":1879096505274912770,\"orderNum\":3,\"paperId\":1879418666678198274,\"questionId\":1879096505274912770,\"score\":5},{\"id\":1879096608295407618,\"orderNum\":4,\"paperId\":1879418666678198274,\"questionId\":1879096608295407618,\"score\":5},{\"id\":1879082351088553986,\"orderNum\":6,\"paperId\":1879418666678198274,\"questionId\":1879082351088553986,\"score\":5}]', '{\"msg\":\"操作成功\",\"code\":200}', 0, NULL, '2025-01-20 15:14:14', 18);
INSERT INTO `sys_oper_log` VALUES (665, '菜单管理', 1, 'com.eduflex.web.controller.system.SysMenuController.add()', 'POST', 1, 'admin', '研发部门', '/system/menu', '127.0.0.1', '内网IP', '{\"children\":[],\"createBy\":\"admin\",\"icon\":\"wechat\",\"isCache\":\"0\",\"isFrame\":\"1\",\"menuName\":\"评论管理\",\"menuType\":\"M\",\"orderNum\":4,\"params\":{},\"parentId\":0,\"path\":\"comment\",\"status\":\"0\",\"visible\":\"0\"}', '{\"msg\":\"操作成功\",\"code\":200}', 0, NULL, '2025-01-21 12:00:23', 12);
INSERT INTO `sys_oper_log` VALUES (666, '代码生成', 6, 'com.eduflex.generator.controller.GenController.importTableSave()', 'POST', 1, 'admin', '研发部门', '/tool/gen/importTable', '127.0.0.1', '内网IP', '{\"tables\":\"tb_comments,tb_oss_file\"}', '{\"msg\":\"操作成功\",\"code\":200}', 0, NULL, '2025-01-21 12:00:48', 96);
INSERT INTO `sys_oper_log` VALUES (667, '代码生成', 2, 'com.eduflex.generator.controller.GenController.editSave()', 'PUT', 1, 'admin', '研发部门', '/tool/gen', '127.0.0.1', '内网IP', '{\"businessName\":\"comment\",\"className\":\"Comments\",\"columns\":[{\"capJavaField\":\"Id\",\"columnComment\":\"评论ID\",\"columnId\":146,\"columnName\":\"id\",\"columnType\":\"bigint\",\"createBy\":\"admin\",\"createTime\":\"2025-01-21 12:00:48\",\"dictType\":\"\",\"edit\":false,\"htmlType\":\"input\",\"increment\":false,\"insert\":false,\"isIncrement\":\"0\",\"isInsert\":\"0\",\"isPk\":\"1\",\"isRequired\":\"0\",\"javaField\":\"id\",\"javaType\":\"Long\",\"list\":false,\"params\":{},\"pk\":true,\"query\":false,\"queryType\":\"EQ\",\"required\":false,\"sort\":1,\"superColumn\":false,\"tableId\":18,\"updateBy\":\"\",\"usableColumn\":false},{\"capJavaField\":\"CourseId\",\"columnComment\":\"课程ID\",\"columnId\":147,\"columnName\":\"course_id\",\"columnType\":\"bigint\",\"createBy\":\"admin\",\"createTime\":\"2025-01-21 12:00:48\",\"dictType\":\"\",\"edit\":true,\"htmlType\":\"input\",\"increment\":false,\"insert\":true,\"isEdit\":\"1\",\"isIncrement\":\"0\",\"isInsert\":\"1\",\"isList\":\"1\",\"isPk\":\"0\",\"isQuery\":\"1\",\"isRequired\":\"1\",\"javaField\":\"courseId\",\"javaType\":\"Long\",\"list\":true,\"params\":{},\"pk\":false,\"query\":true,\"queryType\":\"EQ\",\"required\":true,\"sort\":2,\"superColumn\":false,\"tableId\":18,\"updateBy\":\"\",\"usableColumn\":false},{\"capJavaField\":\"UserId\",\"columnComment\":\"用户ID\",\"columnId\":148,\"columnName\":\"user_id\",\"columnType\":\"bigint\",\"createBy\":\"admin\",\"createTime\":\"2025-01-21 12:00:48\",\"dictType\":\"\",\"edit\":true,\"htmlType\":\"input\",\"increment\":false,\"insert\":true,\"isEdit\":\"1\",\"isIncrement\":\"0\",\"isInsert\":\"1\",\"isList\":\"1\",\"isPk\":\"0\",\"isQuery\":\"1\",\"isRequired\":\"1\",\"javaField\":\"userId\",\"javaType\":\"Long\",\"list\":true,\"params\":{},\"pk\":false,\"query\":true,\"queryType\":\"EQ\",\"required\":true,\"sort\":3,\"superColumn\":false,\"tableId\":18,\"updateBy\":\"\",\"usableColumn\":false},{\"capJavaField\":\"Content\",\"columnComment\":\"评论内容\",\"columnId\":149,\"columnName\":\"content\",\"columnType\":\"text\",\"createBy\":\"admin\",\"createTime\":\"2025-01-21 12:00:48\",\"dictType\":\"\",\"edit\":true,\"htmlType\":\"editor\",\"increment\":false,\"insert\":true,\"isEdit\":\"1\",\"isIncrement\":\"0\",\"isInsert\":\"1\",\"isList\":\"1\",\"isPk\":\"0\",\"isQuery\":\"1\",\"isRequired\":\"1\",\"javaField\":\"content\",\"javaT', '{\"msg\":\"操作成功\",\"code\":200}', 0, NULL, '2025-01-21 13:04:51', 43);
INSERT INTO `sys_oper_log` VALUES (668, '代码生成', 2, 'com.eduflex.generator.controller.GenController.editSave()', 'PUT', 1, 'admin', '研发部门', '/tool/gen', '127.0.0.1', '内网IP', '{\"businessName\":\"file\",\"className\":\"OssFile\",\"columns\":[{\"capJavaField\":\"Id\",\"columnComment\":\"ID\",\"columnId\":156,\"columnName\":\"id\",\"columnType\":\"bigint\",\"createBy\":\"admin\",\"createTime\":\"2025-01-21 12:00:48\",\"dictType\":\"\",\"edit\":false,\"htmlType\":\"input\",\"increment\":false,\"insert\":false,\"isIncrement\":\"0\",\"isInsert\":\"0\",\"isPk\":\"1\",\"isRequired\":\"0\",\"javaField\":\"id\",\"javaType\":\"Long\",\"list\":false,\"params\":{},\"pk\":true,\"query\":false,\"queryType\":\"EQ\",\"required\":false,\"sort\":1,\"superColumn\":false,\"tableId\":19,\"updateBy\":\"\",\"usableColumn\":false},{\"capJavaField\":\"Name\",\"columnComment\":\"文件名\",\"columnId\":157,\"columnName\":\"name\",\"columnType\":\"varchar(255)\",\"createBy\":\"admin\",\"createTime\":\"2025-01-21 12:00:48\",\"dictType\":\"\",\"edit\":true,\"htmlType\":\"input\",\"increment\":false,\"insert\":true,\"isEdit\":\"1\",\"isIncrement\":\"0\",\"isInsert\":\"1\",\"isList\":\"1\",\"isPk\":\"0\",\"isQuery\":\"1\",\"isRequired\":\"0\",\"javaField\":\"name\",\"javaType\":\"String\",\"list\":true,\"params\":{},\"pk\":false,\"query\":true,\"queryType\":\"LIKE\",\"required\":false,\"sort\":2,\"superColumn\":false,\"tableId\":19,\"updateBy\":\"\",\"usableColumn\":false},{\"capJavaField\":\"Suffix\",\"columnComment\":\"文件后缀名\",\"columnId\":158,\"columnName\":\"suffix\",\"columnType\":\"varchar(255)\",\"createBy\":\"admin\",\"createTime\":\"2025-01-21 12:00:48\",\"dictType\":\"\",\"edit\":true,\"htmlType\":\"input\",\"increment\":false,\"insert\":true,\"isEdit\":\"1\",\"isIncrement\":\"0\",\"isInsert\":\"1\",\"isList\":\"1\",\"isPk\":\"0\",\"isQuery\":\"1\",\"isRequired\":\"0\",\"javaField\":\"suffix\",\"javaType\":\"String\",\"list\":true,\"params\":{},\"pk\":false,\"query\":true,\"queryType\":\"EQ\",\"required\":false,\"sort\":3,\"superColumn\":false,\"tableId\":19,\"updateBy\":\"\",\"usableColumn\":false},{\"capJavaField\":\"Path\",\"columnComment\":\"文件路径\",\"columnId\":159,\"columnName\":\"path\",\"columnType\":\"varchar(255)\",\"createBy\":\"admin\",\"createTime\":\"2025-01-21 12:00:48\",\"dictType\":\"\",\"edit\":true,\"htmlType\":\"input\",\"increment\":false,\"insert\":true,\"isEdit\":\"1\",\"isIncrement\":\"0\",\"isInsert\":\"1\",\"isList\":\"1\",\"isPk\":\"0\",\"isQuery\":\"1\",\"isRequired\":\"0\",\"javaField\":\"path\",\"javaType', '{\"msg\":\"操作成功\",\"code\":200}', 0, NULL, '2025-01-21 13:06:15', 40);
INSERT INTO `sys_oper_log` VALUES (669, '代码生成', 8, 'com.eduflex.generator.controller.GenController.batchGenCode()', 'GET', 1, 'admin', '研发部门', '/tool/gen/batchGenCode', '127.0.0.1', '内网IP', '{\"tables\":\"tb_comments,tb_oss_file\"}', NULL, 0, NULL, '2025-01-21 13:06:23', 195);
INSERT INTO `sys_oper_log` VALUES (670, '评论管理', 1, 'com.eduflex.manage.controller.CommentsController.add()', 'POST', 1, 'admin', '研发部门', '/manage/comment', '127.0.0.1', '内网IP', '{\"content\":\"<p>嘻嘻嘻嘻</p>\",\"courseId\":1,\"createBy\":\"admin\",\"createTime\":\"2025-01-21 15:29:44\",\"id\":1881605080148803585,\"params\":{},\"userId\":110}', '{\"msg\":\"操作成功\",\"code\":200}', 0, NULL, '2025-01-21 15:29:44', 69);
INSERT INTO `sys_oper_log` VALUES (671, '评论管理', 2, 'com.eduflex.manage.controller.CommentsController.edit()', 'PUT', 1, 'admin', '研发部门', '/manage/comment', '127.0.0.1', '内网IP', '{\"content\":\"<p>嘻嘻嘻嘻</p>\",\"courseId\":1,\"createBy\":\"admin\",\"createTime\":\"2025-01-21 15:29:44\",\"deleted\":0,\"id\":1881605080148803585,\"params\":{},\"updateBy\":\"admin\",\"updateTime\":\"2025-01-21 15:45:25\",\"userId\":2}', '{\"msg\":\"操作成功\",\"code\":200}', 0, NULL, '2025-01-21 15:45:25', 25);
INSERT INTO `sys_oper_log` VALUES (672, '评论管理', 2, 'com.eduflex.manage.controller.CommentsController.edit()', 'PUT', 1, 'admin', '研发部门', '/manage/comment', '127.0.0.1', '内网IP', '{\"content\":\"<p>嘻嘻嘻嘻</p>\",\"courseId\":1,\"createBy\":\"admin\",\"createTime\":\"2025-01-21 15:29:44\",\"deleted\":0,\"id\":1881605080148803585,\"params\":{},\"updateBy\":\"admin\",\"updateTime\":\"2025-01-21 15:45:29\",\"userId\":3}', '{\"msg\":\"操作成功\",\"code\":200}', 0, NULL, '2025-01-21 15:45:29', 8);
INSERT INTO `sys_oper_log` VALUES (673, '评论管理', 2, 'com.eduflex.manage.controller.CommentsController.edit()', 'PUT', 1, 'admin', '研发部门', '/manage/comment', '127.0.0.1', '内网IP', '{\"content\":\"<p>嘻嘻嘻嘻</p>\",\"courseId\":1,\"createBy\":\"admin\",\"createTime\":\"2025-01-21 15:29:44\",\"deleted\":0,\"id\":1881605080148803585,\"params\":{},\"updateBy\":\"admin\",\"updateTime\":\"2025-01-21 15:46:43\",\"userId\":105}', '{\"msg\":\"操作成功\",\"code\":200}', 0, NULL, '2025-01-21 15:46:43', 6);
INSERT INTO `sys_oper_log` VALUES (674, '评论管理', 2, 'com.eduflex.manage.controller.CommentsController.edit()', 'PUT', 1, 'admin', '研发部门', '/manage/comment', '127.0.0.1', '内网IP', '{\"content\":\"<p>嘻嘻嘻嘻</p>\",\"courseId\":1,\"createBy\":\"admin\",\"createTime\":\"2025-01-21 15:29:44\",\"deleted\":0,\"id\":1881605080148803585,\"params\":{},\"updateBy\":\"admin\",\"updateTime\":\"2025-01-21 15:46:47\",\"userId\":107}', '{\"msg\":\"操作成功\",\"code\":200}', 0, NULL, '2025-01-21 15:46:47', 7);
INSERT INTO `sys_oper_log` VALUES (675, '评论管理', 2, 'com.eduflex.manage.controller.CommentsController.edit()', 'PUT', 1, 'admin', '研发部门', '/manage/comment', '127.0.0.1', '内网IP', '{\"content\":\"<p>嘻嘻嘻嘻</p>\",\"courseId\":1,\"createBy\":\"admin\",\"createTime\":\"2025-01-21 15:29:44\",\"deleted\":0,\"id\":1881605080148803585,\"params\":{},\"updateBy\":\"admin\",\"updateTime\":\"2025-01-21 15:47:06\",\"userId\":104}', '{\"msg\":\"操作成功\",\"code\":200}', 0, NULL, '2025-01-21 15:47:06', 6);
INSERT INTO `sys_oper_log` VALUES (676, '菜单管理', 2, 'com.eduflex.web.controller.system.SysMenuController.edit()', 'PUT', 1, 'admin', '研发部门', '/system/menu', '127.0.0.1', '内网IP', '{\"children\":[],\"component\":\"manage/file/index\",\"createTime\":\"2025-01-21 13:07:21\",\"icon\":\"#\",\"isCache\":\"0\",\"isFrame\":\"1\",\"menuId\":2094,\"menuName\":\"资源管理\",\"menuType\":\"C\",\"orderNum\":1,\"params\":{},\"parentId\":0,\"path\":\"file\",\"perms\":\"manage:file:list\",\"routeName\":\"\",\"status\":\"0\",\"updateBy\":\"admin\",\"visible\":\"0\"}', '{\"msg\":\"操作成功\",\"code\":200}', 0, NULL, '2025-01-21 16:47:46', 17);
INSERT INTO `sys_oper_log` VALUES (677, '菜单管理', 2, 'com.eduflex.web.controller.system.SysMenuController.edit()', 'PUT', 1, 'admin', '研发部门', '/system/menu', '127.0.0.1', '内网IP', '{\"children\":[],\"component\":\"manage/file/index\",\"createTime\":\"2025-01-21 13:07:21\",\"icon\":\"#\",\"isCache\":\"0\",\"isFrame\":\"1\",\"menuId\":2094,\"menuName\":\"资源管理\",\"menuType\":\"C\",\"orderNum\":5,\"params\":{},\"parentId\":0,\"path\":\"file\",\"perms\":\"manage:file:list\",\"routeName\":\"\",\"status\":\"0\",\"updateBy\":\"admin\",\"visible\":\"0\"}', '{\"msg\":\"操作成功\",\"code\":200}', 0, NULL, '2025-01-21 16:47:57', 11);
INSERT INTO `sys_oper_log` VALUES (678, '菜单管理', 2, 'com.eduflex.web.controller.system.SysMenuController.edit()', 'PUT', 1, 'admin', '研发部门', '/system/menu', '127.0.0.1', '内网IP', '{\"children\":[],\"component\":\"manage/file/index\",\"createTime\":\"2025-01-21 13:07:21\",\"icon\":\"#\",\"isCache\":\"0\",\"isFrame\":\"1\",\"menuId\":2094,\"menuName\":\"资源管理\",\"menuType\":\"C\",\"orderNum\":5,\"params\":{},\"parentId\":0,\"path\":\"file\",\"perms\":\"manage:file:list\",\"routeName\":\"\",\"status\":\"0\",\"updateBy\":\"admin\",\"visible\":\"0\"}', '{\"msg\":\"操作成功\",\"code\":200}', 0, NULL, '2025-01-21 16:48:18', 25);
INSERT INTO `sys_oper_log` VALUES (679, '字典数据', 1, 'com.eduflex.web.controller.system.SysDictDataController.add()', 'POST', 1, 'admin', '研发部门', '/system/dict/data', '127.0.0.1', '内网IP', '{\"createBy\":\"admin\",\"default\":false,\"dictLabel\":\"其他文件\",\"dictSort\":0,\"dictType\":\"material_type\",\"dictValue\":\"6\",\"listClass\":\"default\",\"params\":{},\"remark\":\"包括压缩包、安装包、应用程序等\",\"status\":\"0\"}', '{\"msg\":\"操作成功\",\"code\":200}', 0, NULL, '2025-01-21 17:21:27', 69);
INSERT INTO `sys_oper_log` VALUES (680, '字典数据', 2, 'com.eduflex.web.controller.system.SysDictDataController.edit()', 'PUT', 1, 'admin', '研发部门', '/system/dict/data', '127.0.0.1', '内网IP', '{\"createBy\":\"admin\",\"createTime\":\"2025-01-21 17:21:27\",\"default\":false,\"dictCode\":120,\"dictLabel\":\"其他文件\",\"dictSort\":6,\"dictType\":\"material_type\",\"dictValue\":\"6\",\"isDefault\":\"N\",\"listClass\":\"default\",\"params\":{},\"remark\":\"包括压缩包、安装包、应用程序等\",\"status\":\"0\",\"updateBy\":\"admin\"}', '{\"msg\":\"操作成功\",\"code\":200}', 0, NULL, '2025-01-21 17:21:34', 17);
INSERT INTO `sys_oper_log` VALUES (681, '课程资料', 1, 'com.eduflex.manage.controller.CourseMaterialController.add()', 'POST', 1, 'admin', '研发部门', '/manage/material', '127.0.0.1', '内网IP', '{\"chapterId\":2,\"fileId\":1881637001444663298,\"id\":1881637028783136770,\"materialType\":\"6\",\"name\":\"ruoyi (1).zip\",\"params\":{}}', '{\"msg\":\"操作成功\",\"code\":200}', 0, NULL, '2025-01-21 17:36:41', 6);
INSERT INTO `sys_oper_log` VALUES (682, '字典数据', 2, 'com.eduflex.web.controller.system.SysDictDataController.edit()', 'PUT', 1, 'admin', '研发部门', '/system/dict/data', '127.0.0.1', '内网IP', '{\"createBy\":\"admin\",\"createTime\":\"2024-10-16 10:41:16\",\"default\":false,\"dictCode\":105,\"dictLabel\":\"视频\",\"dictSort\":1,\"dictType\":\"material_type\",\"dictValue\":\"1\",\"isDefault\":\"N\",\"listClass\":\"default\",\"params\":{},\"status\":\"0\",\"updateBy\":\"admin\"}', '{\"msg\":\"操作成功\",\"code\":200}', 0, NULL, '2025-01-21 17:47:31', 7);
INSERT INTO `sys_oper_log` VALUES (683, '字典数据', 2, 'com.eduflex.web.controller.system.SysDictDataController.edit()', 'PUT', 1, 'admin', '研发部门', '/system/dict/data', '127.0.0.1', '内网IP', '{\"createBy\":\"admin\",\"createTime\":\"2024-10-16 10:41:39\",\"default\":false,\"dictCode\":107,\"dictLabel\":\"纯文本\",\"dictSort\":1,\"dictType\":\"material_type\",\"dictValue\":\"1\",\"isDefault\":\"N\",\"listClass\":\"default\",\"params\":{},\"status\":\"0\",\"updateBy\":\"admin\"}', '{\"msg\":\"操作成功\",\"code\":200}', 0, NULL, '2025-01-21 17:48:10', 8);
INSERT INTO `sys_oper_log` VALUES (684, '字典数据', 2, 'com.eduflex.web.controller.system.SysDictDataController.edit()', 'PUT', 1, 'admin', '研发部门', '/system/dict/data', '127.0.0.1', '内网IP', '{\"createBy\":\"admin\",\"createTime\":\"2024-10-16 10:41:23\",\"default\":false,\"dictCode\":106,\"dictLabel\":\"图片\",\"dictSort\":2,\"dictType\":\"material_type\",\"dictValue\":\"2\",\"isDefault\":\"N\",\"listClass\":\"default\",\"params\":{},\"status\":\"0\",\"updateBy\":\"admin\"}', '{\"msg\":\"操作成功\",\"code\":200}', 0, NULL, '2025-01-21 17:48:17', 7);
INSERT INTO `sys_oper_log` VALUES (685, '字典数据', 2, 'com.eduflex.web.controller.system.SysDictDataController.edit()', 'PUT', 1, 'admin', '研发部门', '/system/dict/data', '127.0.0.1', '内网IP', '{\"createBy\":\"admin\",\"createTime\":\"2024-10-16 10:41:16\",\"default\":false,\"dictCode\":105,\"dictLabel\":\"视频\",\"dictSort\":3,\"dictType\":\"material_type\",\"dictValue\":\"3\",\"isDefault\":\"N\",\"listClass\":\"default\",\"params\":{},\"status\":\"0\",\"updateBy\":\"admin\"}', '{\"msg\":\"操作成功\",\"code\":200}', 0, NULL, '2025-01-21 17:48:24', 10);
INSERT INTO `sys_oper_log` VALUES (686, '字典数据', 2, 'com.eduflex.web.controller.system.SysDictDataController.edit()', 'PUT', 1, 'admin', '研发部门', '/system/dict/data', '127.0.0.1', '内网IP', '{\"createBy\":\"admin\",\"createTime\":\"2024-10-16 10:41:52\",\"default\":false,\"dictCode\":108,\"dictLabel\":\"幻灯片\",\"dictSort\":4,\"dictType\":\"material_type\",\"dictValue\":\"4\",\"isDefault\":\"N\",\"listClass\":\"default\",\"params\":{},\"status\":\"0\",\"updateBy\":\"admin\"}', '{\"msg\":\"操作成功\",\"code\":200}', 0, NULL, '2025-01-21 17:48:29', 9);
INSERT INTO `sys_oper_log` VALUES (687, '字典数据', 2, 'com.eduflex.web.controller.system.SysDictDataController.edit()', 'PUT', 1, 'admin', '研发部门', '/system/dict/data', '127.0.0.1', '内网IP', '{\"createBy\":\"admin\",\"createTime\":\"2024-10-16 10:42:02\",\"default\":false,\"dictCode\":109,\"dictLabel\":\"PDF文档\",\"dictSort\":5,\"dictType\":\"material_type\",\"dictValue\":\"5\",\"isDefault\":\"N\",\"listClass\":\"default\",\"params\":{},\"status\":\"0\",\"updateBy\":\"admin\"}', '{\"msg\":\"操作成功\",\"code\":200}', 0, NULL, '2025-01-21 17:48:34', 7);
INSERT INTO `sys_oper_log` VALUES (688, '字典数据', 2, 'com.eduflex.web.controller.system.SysDictDataController.edit()', 'PUT', 1, 'admin', '研发部门', '/system/dict/data', '127.0.0.1', '内网IP', '{\"createBy\":\"admin\",\"createTime\":\"2024-10-16 10:41:16\",\"default\":false,\"dictCode\":105,\"dictLabel\":\"音视频\",\"dictSort\":3,\"dictType\":\"material_type\",\"dictValue\":\"3\",\"isDefault\":\"N\",\"listClass\":\"default\",\"params\":{},\"status\":\"0\",\"updateBy\":\"admin\"}', '{\"msg\":\"操作成功\",\"code\":200}', 0, NULL, '2025-01-21 17:51:37', 9);
INSERT INTO `sys_oper_log` VALUES (689, '课程资料', 1, 'com.eduflex.manage.controller.CourseMaterialController.add()', 'POST', 1, 'admin', '研发部门', '/manage/material', '127.0.0.1', '内网IP', '{\"chapterId\":2,\"fileId\":1881988043415982082,\"id\":1881988073585610754,\"materialType\":\"4\",\"name\":\"新建 PPT 演示文稿.ppt\",\"params\":{}}', '{\"msg\":\"操作成功\",\"code\":200}', 0, NULL, '2025-01-22 16:51:37', 12);
INSERT INTO `sys_oper_log` VALUES (690, '字典数据', 2, 'com.eduflex.web.controller.system.SysDictDataController.edit()', 'PUT', 1, 'admin', '研发部门', '/system/dict/data', '127.0.0.1', '内网IP', '{\"createBy\":\"admin\",\"createTime\":\"2024-10-16 10:41:39\",\"default\":false,\"dictCode\":107,\"dictLabel\":\"纯文本\",\"dictSort\":1,\"dictType\":\"material_type\",\"dictValue\":\"1\",\"isDefault\":\"N\",\"listClass\":\"primary\",\"params\":{},\"status\":\"0\",\"updateBy\":\"admin\"}', '{\"msg\":\"操作成功\",\"code\":200}', 0, NULL, '2025-01-22 17:18:44', 18);
INSERT INTO `sys_oper_log` VALUES (691, '字典数据', 2, 'com.eduflex.web.controller.system.SysDictDataController.edit()', 'PUT', 1, 'admin', '研发部门', '/system/dict/data', '127.0.0.1', '内网IP', '{\"createBy\":\"admin\",\"createTime\":\"2024-10-16 10:41:23\",\"default\":false,\"dictCode\":106,\"dictLabel\":\"图片\",\"dictSort\":2,\"dictType\":\"material_type\",\"dictValue\":\"2\",\"isDefault\":\"N\",\"listClass\":\"primary\",\"params\":{},\"status\":\"0\",\"updateBy\":\"admin\"}', '{\"msg\":\"操作成功\",\"code\":200}', 0, NULL, '2025-01-22 17:18:48', 20);
INSERT INTO `sys_oper_log` VALUES (692, '字典数据', 2, 'com.eduflex.web.controller.system.SysDictDataController.edit()', 'PUT', 1, 'admin', '研发部门', '/system/dict/data', '127.0.0.1', '内网IP', '{\"createBy\":\"admin\",\"createTime\":\"2024-10-16 10:41:16\",\"default\":false,\"dictCode\":105,\"dictLabel\":\"音视频\",\"dictSort\":3,\"dictType\":\"material_type\",\"dictValue\":\"3\",\"isDefault\":\"N\",\"listClass\":\"primary\",\"params\":{},\"status\":\"0\",\"updateBy\":\"admin\"}', '{\"msg\":\"操作成功\",\"code\":200}', 0, NULL, '2025-01-22 17:18:51', 15);
INSERT INTO `sys_oper_log` VALUES (693, '字典数据', 2, 'com.eduflex.web.controller.system.SysDictDataController.edit()', 'PUT', 1, 'admin', '研发部门', '/system/dict/data', '127.0.0.1', '内网IP', '{\"createBy\":\"admin\",\"createTime\":\"2024-10-16 10:41:52\",\"default\":false,\"dictCode\":108,\"dictLabel\":\"幻灯片\",\"dictSort\":4,\"dictType\":\"material_type\",\"dictValue\":\"4\",\"isDefault\":\"N\",\"listClass\":\"primary\",\"params\":{},\"status\":\"0\",\"updateBy\":\"admin\"}', '{\"msg\":\"操作成功\",\"code\":200}', 0, NULL, '2025-01-22 17:18:53', 14);
INSERT INTO `sys_oper_log` VALUES (694, '字典数据', 2, 'com.eduflex.web.controller.system.SysDictDataController.edit()', 'PUT', 1, 'admin', '研发部门', '/system/dict/data', '127.0.0.1', '内网IP', '{\"createBy\":\"admin\",\"createTime\":\"2024-10-16 10:42:02\",\"default\":false,\"dictCode\":109,\"dictLabel\":\"PDF文档\",\"dictSort\":5,\"dictType\":\"material_type\",\"dictValue\":\"5\",\"isDefault\":\"N\",\"listClass\":\"primary\",\"params\":{},\"status\":\"0\",\"updateBy\":\"admin\"}', '{\"msg\":\"操作成功\",\"code\":200}', 0, NULL, '2025-01-22 17:18:56', 26);
INSERT INTO `sys_oper_log` VALUES (695, '字典数据', 2, 'com.eduflex.web.controller.system.SysDictDataController.edit()', 'PUT', 1, 'admin', '研发部门', '/system/dict/data', '127.0.0.1', '内网IP', '{\"createBy\":\"admin\",\"createTime\":\"2025-01-21 17:21:27\",\"default\":false,\"dictCode\":120,\"dictLabel\":\"其他文件\",\"dictSort\":6,\"dictType\":\"material_type\",\"dictValue\":\"6\",\"isDefault\":\"N\",\"listClass\":\"primary\",\"params\":{},\"remark\":\"包括压缩包、安装包、应用程序等\",\"status\":\"0\",\"updateBy\":\"admin\"}', '{\"msg\":\"操作成功\",\"code\":200}', 0, NULL, '2025-01-22 17:18:59', 13);
INSERT INTO `sys_oper_log` VALUES (696, '资源管理', 2, 'com.eduflex.web.controller.common.OssFileController.edit()', 'PUT', 1, 'admin', '研发部门', '/manage/files', '127.0.0.1', '内网IP', '{\"createBy\":\"admin\",\"createTime\":\"2025-01-07 14:51:35\",\"deleted\":0,\"fileType\":1,\"id\":1876522047536336898,\"name\":\"677ccef633893c2b4aeab0fc.png\",\"originName\":\"1.png\",\"params\":{},\"path\":\"local-plus/677ccef633893c2b4aeab0fc.png\",\"size\":3005,\"suffix\":\"png\",\"type\":\"image/png\",\"updateBy\":\"admin\",\"updateTime\":\"2025-01-22 17:52:29\"}', '{\"msg\":\"操作成功\",\"code\":200}', 0, NULL, '2025-01-22 17:52:29', 27);
INSERT INTO `sys_oper_log` VALUES (697, '资源管理', 2, 'com.eduflex.web.controller.common.OssFileController.edit()', 'PUT', 1, 'admin', '研发部门', '/manage/files', '127.0.0.1', '内网IP', '{\"createBy\":\"admin\",\"createTime\":\"2025-01-07 14:51:35\",\"deleted\":0,\"fileType\":2,\"id\":1876522047536336898,\"name\":\"677ccef633893c2b4aeab0fc.png\",\"originName\":\"1.png\",\"params\":{},\"path\":\"local-plus/677ccef633893c2b4aeab0fc.png\",\"size\":3005,\"suffix\":\"png\",\"type\":\"image/png\",\"updateBy\":\"admin\",\"updateTime\":\"2025-01-22 17:52:33\"}', '{\"msg\":\"操作成功\",\"code\":200}', 0, NULL, '2025-01-22 17:52:33', 11);
INSERT INTO `sys_oper_log` VALUES (698, '资源管理', 3, 'com.eduflex.web.controller.common.OssFileController.remove()', 'DELETE', 1, 'admin', '研发部门', '/manage/files/1881992751232724993', '127.0.0.1', '内网IP', '{}', '{\"msg\":\"操作成功\",\"code\":200}', 0, NULL, '2025-01-22 17:52:45', 17);
INSERT INTO `sys_oper_log` VALUES (699, '菜单管理', 2, 'com.eduflex.web.controller.system.SysMenuController.edit()', 'PUT', 1, 'admin', '研发部门', '/system/menu', '127.0.0.1', '内网IP', '{\"children\":[],\"createTime\":\"2025-01-10 15:38:50\",\"icon\":\"题库管理\",\"isCache\":\"0\",\"isFrame\":\"1\",\"menuId\":2068,\"menuName\":\"题库管理\",\"menuType\":\"M\",\"orderNum\":3,\"params\":{},\"parentId\":0,\"path\":\"question_bank\",\"perms\":\"\",\"routeName\":\"\",\"status\":\"0\",\"updateBy\":\"admin\",\"visible\":\"0\"}', '{\"msg\":\"操作成功\",\"code\":200}', 0, NULL, '2025-01-23 13:39:07', 14);
INSERT INTO `sys_oper_log` VALUES (700, '菜单管理', 2, 'com.eduflex.web.controller.system.SysMenuController.edit()', 'PUT', 1, 'admin', '研发部门', '/system/menu', '127.0.0.1', '内网IP', '{\"children\":[],\"createTime\":\"2025-01-21 12:00:23\",\"icon\":\"评论管理\",\"isCache\":\"0\",\"isFrame\":\"1\",\"menuId\":2087,\"menuName\":\"评论管理\",\"menuType\":\"M\",\"orderNum\":4,\"params\":{},\"parentId\":0,\"path\":\"comment\",\"perms\":\"\",\"routeName\":\"\",\"status\":\"0\",\"updateBy\":\"admin\",\"visible\":\"0\"}', '{\"msg\":\"操作成功\",\"code\":200}', 0, NULL, '2025-01-23 13:41:24', 11);
INSERT INTO `sys_oper_log` VALUES (701, '菜单管理', 2, 'com.eduflex.web.controller.system.SysMenuController.edit()', 'PUT', 1, 'admin', '研发部门', '/system/menu', '127.0.0.1', '内网IP', '{\"children\":[],\"component\":\"manage/file/index\",\"createTime\":\"2025-01-21 13:07:21\",\"icon\":\"资源管理\",\"isCache\":\"0\",\"isFrame\":\"1\",\"menuId\":2094,\"menuName\":\"资源管理\",\"menuType\":\"C\",\"orderNum\":5,\"params\":{},\"parentId\":0,\"path\":\"file\",\"perms\":\"manage:file:list\",\"routeName\":\"\",\"status\":\"0\",\"updateBy\":\"admin\",\"visible\":\"0\"}', '{\"msg\":\"操作成功\",\"code\":200}', 0, NULL, '2025-01-23 13:41:33', 6);
INSERT INTO `sys_oper_log` VALUES (702, '菜单管理', 2, 'com.eduflex.web.controller.system.SysMenuController.edit()', 'PUT', 1, 'admin', '研发部门', '/system/menu', '127.0.0.1', '内网IP', '{\"children\":[],\"component\":\"manage/paper/index\",\"createTime\":\"2025-01-10 16:32:58\",\"icon\":\"试卷管理\",\"isCache\":\"0\",\"isFrame\":\"1\",\"menuId\":2075,\"menuName\":\"试卷管理\",\"menuType\":\"C\",\"orderNum\":1,\"params\":{},\"parentId\":2068,\"path\":\"paper\",\"perms\":\"manage:paper:list\",\"routeName\":\"\",\"status\":\"0\",\"updateBy\":\"admin\",\"visible\":\"0\"}', '{\"msg\":\"操作成功\",\"code\":200}', 0, NULL, '2025-01-23 13:41:46', 8);
INSERT INTO `sys_oper_log` VALUES (703, '菜单管理', 2, 'com.eduflex.web.controller.system.SysMenuController.edit()', 'PUT', 1, 'admin', '研发部门', '/system/menu', '127.0.0.1', '内网IP', '{\"children\":[],\"component\":\"manage/question/index\",\"createTime\":\"2025-01-10 16:32:58\",\"icon\":\"题目管理\",\"isCache\":\"0\",\"isFrame\":\"1\",\"menuId\":2081,\"menuName\":\"题目管理\",\"menuType\":\"C\",\"orderNum\":1,\"params\":{},\"parentId\":2068,\"path\":\"question\",\"perms\":\"manage:question:list\",\"routeName\":\"\",\"status\":\"0\",\"updateBy\":\"admin\",\"visible\":\"0\"}', '{\"msg\":\"操作成功\",\"code\":200}', 0, NULL, '2025-01-23 13:41:51', 6);
INSERT INTO `sys_oper_log` VALUES (704, '菜单管理', 2, 'com.eduflex.web.controller.system.SysMenuController.edit()', 'PUT', 1, 'admin', '研发部门', '/system/menu', '127.0.0.1', '内网IP', '{\"children\":[],\"component\":\"manage/comment/index\",\"createTime\":\"2025-01-21 13:07:21\",\"icon\":\"#\",\"isCache\":\"0\",\"isFrame\":\"1\",\"menuId\":2088,\"menuName\":\"评论管理\",\"menuType\":\"C\",\"orderNum\":1,\"params\":{},\"parentId\":0,\"path\":\"comment\",\"perms\":\"manage:comment:list\",\"routeName\":\"\",\"status\":\"0\",\"visible\":\"0\"}', '{\"msg\":\"修改菜单\'评论管理\'失败，菜单名称已存在\",\"code\":500}', 0, NULL, '2025-01-23 13:42:19', 3);
INSERT INTO `sys_oper_log` VALUES (705, '菜单管理', 2, 'com.eduflex.web.controller.system.SysMenuController.edit()', 'PUT', 1, 'admin', '研发部门', '/system/menu', '127.0.0.1', '内网IP', '{\"children\":[],\"createTime\":\"2025-01-21 12:00:23\",\"icon\":\"评论管理\",\"isCache\":\"0\",\"isFrame\":\"1\",\"menuId\":2087,\"menuName\":\"评论管理1\",\"menuType\":\"M\",\"orderNum\":4,\"params\":{},\"parentId\":0,\"path\":\"comment\",\"perms\":\"\",\"routeName\":\"\",\"status\":\"0\",\"updateBy\":\"admin\",\"visible\":\"0\"}', '{\"msg\":\"操作成功\",\"code\":200}', 0, NULL, '2025-01-23 13:42:29', 5);
INSERT INTO `sys_oper_log` VALUES (706, '菜单管理', 2, 'com.eduflex.web.controller.system.SysMenuController.edit()', 'PUT', 1, 'admin', '研发部门', '/system/menu', '127.0.0.1', '内网IP', '{\"children\":[],\"component\":\"manage/comment/index\",\"createTime\":\"2025-01-21 13:07:21\",\"icon\":\"#\",\"isCache\":\"0\",\"isFrame\":\"1\",\"menuId\":2088,\"menuName\":\"评论管理\",\"menuType\":\"C\",\"orderNum\":1,\"params\":{},\"parentId\":0,\"path\":\"comment\",\"perms\":\"manage:comment:list\",\"routeName\":\"\",\"status\":\"0\",\"updateBy\":\"admin\",\"visible\":\"0\"}', '{\"msg\":\"操作成功\",\"code\":200}', 0, NULL, '2025-01-23 13:42:37', 7);
INSERT INTO `sys_oper_log` VALUES (707, '菜单管理', 3, 'com.eduflex.web.controller.system.SysMenuController.remove()', 'DELETE', 1, 'admin', '研发部门', '/system/menu/2087', '127.0.0.1', '内网IP', '{}', '{\"msg\":\"操作成功\",\"code\":200}', 0, NULL, '2025-01-23 13:42:42', 13);
INSERT INTO `sys_oper_log` VALUES (708, '菜单管理', 2, 'com.eduflex.web.controller.system.SysMenuController.edit()', 'PUT', 1, 'admin', '研发部门', '/system/menu', '127.0.0.1', '内网IP', '{\"children\":[],\"component\":\"manage/comment/index\",\"createTime\":\"2025-01-21 13:07:21\",\"icon\":\"评论管理\",\"isCache\":\"0\",\"isFrame\":\"1\",\"menuId\":2088,\"menuName\":\"评论管理\",\"menuType\":\"C\",\"orderNum\":4,\"params\":{},\"parentId\":0,\"path\":\"comment\",\"perms\":\"manage:comment:list\",\"routeName\":\"\",\"status\":\"0\",\"updateBy\":\"admin\",\"visible\":\"0\"}', '{\"msg\":\"操作成功\",\"code\":200}', 0, NULL, '2025-01-23 13:42:56', 7);
INSERT INTO `sys_oper_log` VALUES (709, '菜单管理', 2, 'com.eduflex.web.controller.system.SysMenuController.edit()', 'PUT', 1, 'admin', '研发部门', '/system/menu', '127.0.0.1', '内网IP', '{\"children\":[],\"component\":\"manage/homework/index\",\"createTime\":\"2024-11-23 21:55:57\",\"icon\":\"作业管理\",\"isCache\":\"0\",\"isFrame\":\"1\",\"menuId\":2056,\"menuName\":\"作业管理\",\"menuType\":\"C\",\"orderNum\":2,\"params\":{},\"parentId\":2031,\"path\":\"homework\",\"perms\":\"manage:homework:list\",\"routeName\":\"\",\"status\":\"0\",\"updateBy\":\"admin\",\"visible\":\"0\"}', '{\"msg\":\"操作成功\",\"code\":200}', 0, NULL, '2025-01-23 13:44:44', 8);
INSERT INTO `sys_oper_log` VALUES (710, '菜单管理', 2, 'com.eduflex.web.controller.system.SysMenuController.edit()', 'PUT', 1, 'admin', '研发部门', '/system/menu', '127.0.0.1', '内网IP', '{\"children\":[],\"component\":\"manage/category/index\",\"createTime\":\"2024-12-08 21:40:07\",\"icon\":\"分类管理\",\"isCache\":\"0\",\"isFrame\":\"1\",\"menuId\":2062,\"menuName\":\"课程分类\",\"menuType\":\"C\",\"orderNum\":3,\"params\":{},\"parentId\":2031,\"path\":\"category\",\"perms\":\"manage:category:list\",\"routeName\":\"\",\"status\":\"0\",\"updateBy\":\"admin\",\"visible\":\"0\"}', '{\"msg\":\"操作成功\",\"code\":200}', 0, NULL, '2025-01-23 13:44:56', 7);
INSERT INTO `sys_oper_log` VALUES (711, '菜单管理', 2, 'com.eduflex.web.controller.system.SysMenuController.edit()', 'PUT', 1, 'admin', '研发部门', '/system/menu', '127.0.0.1', '内网IP', '{\"children\":[],\"component\":\"manage/chapter/index\",\"createTime\":\"2024-10-16 23:05:06\",\"icon\":\"#\",\"isCache\":\"0\",\"isFrame\":\"1\",\"menuId\":2044,\"menuName\":\"课程内容章节管理\",\"menuType\":\"C\",\"orderNum\":4,\"params\":{},\"parentId\":2031,\"path\":\"chapter\",\"perms\":\"manage:chapter:list\",\"routeName\":\"\",\"status\":\"0\",\"updateBy\":\"admin\",\"visible\":\"1\"}', '{\"msg\":\"操作成功\",\"code\":200}', 0, NULL, '2025-01-23 13:45:03', 6);
INSERT INTO `sys_oper_log` VALUES (712, '菜单管理', 2, 'com.eduflex.web.controller.system.SysMenuController.edit()', 'PUT', 1, 'admin', '研发部门', '/system/menu', '127.0.0.1', '内网IP', '{\"children\":[],\"component\":\"manage/material/index\",\"createTime\":\"2024-10-16 23:05:51\",\"icon\":\"#\",\"isCache\":\"0\",\"isFrame\":\"1\",\"menuId\":2050,\"menuName\":\"课程资料\",\"menuType\":\"C\",\"orderNum\":5,\"params\":{},\"parentId\":2031,\"path\":\"material\",\"perms\":\"manage:material:list\",\"routeName\":\"\",\"status\":\"0\",\"updateBy\":\"admin\",\"visible\":\"1\"}', '{\"msg\":\"操作成功\",\"code\":200}', 0, NULL, '2025-01-23 13:45:08', 7);
INSERT INTO `sys_oper_log` VALUES (713, '课程资料', 2, 'com.eduflex.manage.controller.CourseMaterialController.edit()', 'PUT', 1, 'admin', '研发部门', '/manage/material', '127.0.0.1', '内网IP', '{\"chapterId\":2,\"createTime\":\"2025-01-07 17:28:41\",\"deleted\":0,\"fileId\":1876561576947290114,\"id\":1876561583700119553,\"materialType\":\"2\",\"name\":\"哈哈哈哈.jpeg\",\"params\":{},\"updateTime\":\"2025-01-07 17:28:41\"}', '{\"msg\":\"操作成功\",\"code\":200}', 0, NULL, '2025-01-23 13:48:46', 40);
INSERT INTO `sys_oper_log` VALUES (714, '课程资料', 2, 'com.eduflex.manage.controller.CourseMaterialController.edit()', 'PUT', 1, 'admin', '研发部门', '/manage/material', '127.0.0.1', '内网IP', '{\"chapterId\":13,\"createTime\":\"2025-01-08 14:58:25\",\"deleted\":0,\"fileId\":1876885518002102274,\"id\":1876886158900076546,\"materialType\":\"2\",\"name\":\"哈哈哈哈.jpeg\",\"params\":{},\"updateTime\":\"2025-01-08 14:58:25\"}', '{\"msg\":\"操作成功\",\"code\":200}', 0, NULL, '2025-01-23 13:48:54', 7);
INSERT INTO `sys_oper_log` VALUES (715, '课程资料', 1, 'com.eduflex.manage.controller.CourseMaterialController.add()', 'POST', 1, 'admin', '研发部门', '/manage/material', '127.0.0.1', '内网IP', '{\"chapterId\":1876896403235938306,\"fileId\":1882601875763093506,\"id\":1882601882096492545,\"materialType\":\"1\",\"name\":\"新建 DOCX 文档.docx\",\"params\":{}}', '{\"msg\":\"操作成功\",\"code\":200}', 0, NULL, '2025-01-24 09:30:40', 51);
INSERT INTO `sys_oper_log` VALUES (716, '课程内容章节管理', 1, 'com.eduflex.manage.controller.CourseChapterController.add()', 'POST', 1, 'admin', '研发部门', '/manage/chapter', '127.0.0.1', '内网IP', '{\"children\":[],\"courseId\":1879105733238599681,\"createTime\":\"2025-01-24 09:35:05\",\"id\":1882602994077786114,\"name\":\"函数\",\"orderNum\":4,\"params\":{},\"parentId\":0}', '{\"msg\":\"操作成功\",\"code\":200}', 0, NULL, '2025-01-24 09:35:05', 11);
INSERT INTO `sys_oper_log` VALUES (717, '课程内容章节管理', 1, 'com.eduflex.manage.controller.CourseChapterController.add()', 'POST', 1, 'admin', '研发部门', '/manage/chapter', '127.0.0.1', '内网IP', '{\"children\":[],\"courseId\":1879105733238599681,\"createTime\":\"2025-01-24 09:35:17\",\"id\":1882603043897729026,\"name\":\"一元一次函数\",\"orderNum\":1,\"params\":{},\"parentId\":1882602994077786114}', '{\"msg\":\"操作成功\",\"code\":200}', 0, NULL, '2025-01-24 09:35:17', 7);
INSERT INTO `sys_oper_log` VALUES (718, '课程资料', 1, 'com.eduflex.manage.controller.CourseMaterialController.add()', 'POST', 1, 'admin', '研发部门', '/manage/material', '127.0.0.1', '内网IP', '{\"chapterId\":1882603043897729026,\"fileId\":1882603066391781378,\"id\":1882603071684993026,\"materialType\":\"1\",\"name\":\"新建 DOCX 文档.docx\",\"params\":{}}', '{\"msg\":\"操作成功\",\"code\":200}', 0, NULL, '2025-01-24 09:35:24', 5);
INSERT INTO `sys_oper_log` VALUES (719, '课程资料', 1, 'com.eduflex.manage.controller.CourseMaterialController.add()', 'POST', 1, 'admin', '研发部门', '/manage/material', '127.0.0.1', '内网IP', '{\"chapterId\":1882603043897729026,\"fileId\":1882619583476961282,\"id\":1882619587356692481,\"materialType\":\"1\",\"name\":\"新建 DOCX 文档.docx\",\"params\":{}}', '{\"msg\":\"操作成功\",\"code\":200}', 0, NULL, '2025-01-24 10:41:01', 8);
INSERT INTO `sys_oper_log` VALUES (720, '课程资料', 1, 'com.eduflex.manage.controller.CourseMaterialController.add()', 'POST', 1, 'admin', '研发部门', '/manage/material', '127.0.0.1', '内网IP', '{\"chapterId\":1876896403235938306,\"fileId\":1882628562336796673,\"id\":1882628567839723521,\"materialType\":\"5\",\"name\":\"1.pdf\",\"params\":{}}', '{\"msg\":\"操作成功\",\"code\":200}', 0, NULL, '2025-01-24 11:16:42', 11);
INSERT INTO `sys_oper_log` VALUES (721, '资源管理', 2, 'com.eduflex.web.controller.common.OssFileController.edit()', 'PUT', 1, 'admin', '研发部门', '/manage/files', '127.0.0.1', '内网IP', '{\"createBy\":\"admin\",\"createTime\":\"2025-01-24 11:34:12\",\"deleted\":0,\"fileType\":1,\"id\":1882632972655845378,\"name\":\"67930a1333893299982e615f.xlsx\",\"originName\":\"调拨单列表模板-导入失败.xlsx\",\"params\":{},\"path\":\"local-plus/67930a1333893299982e615f.xlsx\",\"size\":7780,\"suffix\":\"xlsx\",\"type\":\"application/vnd.openxmlformats-officedocument.spreadsheetml.sheet\",\"updateBy\":\"admin\",\"updateTime\":\"2025-01-24 11:38:05\"}', '{\"msg\":\"操作成功\",\"code\":200}', 0, NULL, '2025-01-24 11:38:05', 29);
INSERT INTO `sys_oper_log` VALUES (722, '资源管理', 2, 'com.eduflex.web.controller.common.OssFileController.edit()', 'PUT', 1, 'admin', '研发部门', '/manage/files', '127.0.0.1', '内网IP', '{\"createBy\":\"admin\",\"createTime\":\"2025-01-24 11:35:53\",\"deleted\":0,\"fileType\":1,\"id\":1882633394300837890,\"name\":\"67930a6c33893299982e6160.xls\",\"originName\":\"新建 XLS 工作表.xls\",\"params\":{},\"path\":\"local-plus/67930a6c33893299982e6160.xls\",\"size\":18432,\"suffix\":\"xls\",\"type\":\"application/vnd.ms-excel\",\"updateBy\":\"admin\",\"updateTime\":\"2025-01-24 11:38:07\"}', '{\"msg\":\"操作成功\",\"code\":200}', 0, NULL, '2025-01-24 11:38:07', 8);
INSERT INTO `sys_oper_log` VALUES (723, '课程资料', 1, 'com.eduflex.manage.controller.CourseMaterialController.add()', 'POST', 1, 'admin', '研发部门', '/manage/material', '127.0.0.1', '内网IP', '{\"chapterId\":1882603043897729026,\"fileId\":1882637513052827650,\"id\":1882637521458212866,\"materialType\":\"1\",\"name\":\"TODO.txt\",\"params\":{}}', '{\"msg\":\"操作成功\",\"code\":200}', 0, NULL, '2025-01-24 11:52:17', 7);
INSERT INTO `sys_oper_log` VALUES (724, '课程资料', 1, 'com.eduflex.manage.controller.CourseMaterialController.add()', 'POST', 1, 'admin', '研发部门', '/manage/material', '127.0.0.1', '内网IP', '{\"chapterId\":1882603043897729026,\"fileId\":1882637550726066178,\"id\":1882637554685489153,\"materialType\":\"1\",\"name\":\"tcl.js\",\"params\":{}}', '{\"msg\":\"操作成功\",\"code\":200}', 0, NULL, '2025-01-24 11:52:25', 4);
INSERT INTO `sys_oper_log` VALUES (725, '课程资料', 1, 'com.eduflex.manage.controller.CourseMaterialController.add()', 'POST', 1, 'admin', '研发部门', '/manage/material', '127.0.0.1', '内网IP', '{\"chapterId\":1882603043897729026,\"fileId\":1882637587229093890,\"id\":1882637591008161794,\"materialType\":\"1\",\"name\":\"index.html\",\"params\":{}}', '{\"msg\":\"操作成功\",\"code\":200}', 0, NULL, '2025-01-24 11:52:34', 8);
INSERT INTO `sys_oper_log` VALUES (726, '字典数据', 2, 'com.eduflex.web.controller.system.SysDictDataController.edit()', 'PUT', 1, 'admin', '研发部门', '/system/dict/data', '127.0.0.1', '内网IP', '{\"createBy\":\"admin\",\"createTime\":\"2024-10-16 10:41:23\",\"default\":false,\"dictCode\":106,\"dictLabel\":\"图片\",\"dictSort\":2,\"dictType\":\"material_type\",\"dictValue\":\"2\",\"isDefault\":\"N\",\"listClass\":\"success\",\"params\":{},\"status\":\"0\",\"updateBy\":\"admin\"}', '{\"msg\":\"操作成功\",\"code\":200}', 0, NULL, '2025-01-24 11:57:31', 21);
INSERT INTO `sys_oper_log` VALUES (727, '字典数据', 2, 'com.eduflex.web.controller.system.SysDictDataController.edit()', 'PUT', 1, 'admin', '研发部门', '/system/dict/data', '127.0.0.1', '内网IP', '{\"createBy\":\"admin\",\"createTime\":\"2024-10-16 10:41:16\",\"default\":false,\"dictCode\":105,\"dictLabel\":\"音视频\",\"dictSort\":3,\"dictType\":\"material_type\",\"dictValue\":\"3\",\"isDefault\":\"N\",\"listClass\":\"info\",\"params\":{},\"status\":\"0\",\"updateBy\":\"admin\"}', '{\"msg\":\"操作成功\",\"code\":200}', 0, NULL, '2025-01-24 11:57:36', 12);
INSERT INTO `sys_oper_log` VALUES (728, '字典数据', 2, 'com.eduflex.web.controller.system.SysDictDataController.edit()', 'PUT', 1, 'admin', '研发部门', '/system/dict/data', '127.0.0.1', '内网IP', '{\"createBy\":\"admin\",\"createTime\":\"2024-10-16 10:41:52\",\"default\":false,\"dictCode\":108,\"dictLabel\":\"幻灯片\",\"dictSort\":4,\"dictType\":\"material_type\",\"dictValue\":\"4\",\"isDefault\":\"N\",\"listClass\":\"warning\",\"params\":{},\"status\":\"0\",\"updateBy\":\"admin\"}', '{\"msg\":\"操作成功\",\"code\":200}', 0, NULL, '2025-01-24 11:57:40', 14);
INSERT INTO `sys_oper_log` VALUES (729, '字典数据', 2, 'com.eduflex.web.controller.system.SysDictDataController.edit()', 'PUT', 1, 'admin', '研发部门', '/system/dict/data', '127.0.0.1', '内网IP', '{\"createBy\":\"admin\",\"createTime\":\"2025-01-21 17:21:27\",\"default\":false,\"dictCode\":120,\"dictLabel\":\"其他文件\",\"dictSort\":6,\"dictType\":\"material_type\",\"dictValue\":\"6\",\"isDefault\":\"N\",\"listClass\":\"danger\",\"params\":{},\"remark\":\"包括压缩包、安装包、应用程序等\",\"status\":\"0\",\"updateBy\":\"admin\"}', '{\"msg\":\"操作成功\",\"code\":200}', 0, NULL, '2025-01-24 11:57:46', 12);
INSERT INTO `sys_oper_log` VALUES (730, '字典数据', 2, 'com.eduflex.web.controller.system.SysDictDataController.edit()', 'PUT', 1, 'admin', '研发部门', '/system/dict/data', '127.0.0.1', '内网IP', '{\"createBy\":\"admin\",\"createTime\":\"2024-10-16 10:41:39\",\"default\":false,\"dictCode\":107,\"dictLabel\":\"纯文本\",\"dictSort\":1,\"dictType\":\"material_type\",\"dictValue\":\"1\",\"isDefault\":\"N\",\"listClass\":\"default\",\"params\":{},\"status\":\"0\",\"updateBy\":\"admin\"}', '{\"msg\":\"操作成功\",\"code\":200}', 0, NULL, '2025-01-24 11:57:52', 10);
INSERT INTO `sys_oper_log` VALUES (731, '代码生成', 6, 'com.eduflex.generator.controller.GenController.importTableSave()', 'POST', 1, 'admin', '研发部门', '/tool/gen/importTable', '127.0.0.1', '内网IP', '{\"tables\":\"tb_study_record,tb_learning_goal,tb_learning_route,tb_learning_route_record_9\"}', '{\"msg\":\"操作成功\",\"code\":200}', 0, NULL, '2025-01-24 16:47:04', 147);
INSERT INTO `sys_oper_log` VALUES (732, '代码生成', 3, 'com.eduflex.generator.controller.GenController.remove()', 'DELETE', 1, 'admin', '研发部门', '/tool/gen/20', '127.0.0.1', '内网IP', '{}', '{\"msg\":\"操作成功\",\"code\":200}', 0, NULL, '2025-01-24 16:51:06', 12);
INSERT INTO `sys_oper_log` VALUES (733, '代码生成', 3, 'com.eduflex.generator.controller.GenController.remove()', 'DELETE', 1, 'admin', '研发部门', '/tool/gen/21', '127.0.0.1', '内网IP', '{}', '{\"msg\":\"操作成功\",\"code\":200}', 0, NULL, '2025-01-24 16:51:08', 8);
INSERT INTO `sys_oper_log` VALUES (734, '代码生成', 3, 'com.eduflex.generator.controller.GenController.remove()', 'DELETE', 1, 'admin', '研发部门', '/tool/gen/22', '127.0.0.1', '内网IP', '{}', '{\"msg\":\"操作成功\",\"code\":200}', 0, NULL, '2025-01-24 16:51:10', 10);
INSERT INTO `sys_oper_log` VALUES (735, '代码生成', 3, 'com.eduflex.generator.controller.GenController.remove()', 'DELETE', 1, 'admin', '研发部门', '/tool/gen/23', '127.0.0.1', '内网IP', '{}', '{\"msg\":\"操作成功\",\"code\":200}', 0, NULL, '2025-01-24 16:51:12', 10);
INSERT INTO `sys_oper_log` VALUES (736, '代码生成', 6, 'com.eduflex.generator.controller.GenController.importTableSave()', 'POST', 1, 'admin', '研发部门', '/tool/gen/importTable', '127.0.0.1', '内网IP', '{\"tables\":\"tb_learning_route,tb_learning_goal,tb_learning_route_record_,tb_study_record\"}', '{\"msg\":\"操作成功\",\"code\":200}', 0, NULL, '2025-01-24 16:52:49', 81);
INSERT INTO `sys_oper_log` VALUES (737, '代码生成', 2, 'com.eduflex.generator.controller.GenController.editSave()', 'PUT', 1, 'admin', '研发部门', '/tool/gen', '127.0.0.1', '内网IP', '{\"businessName\":\"goal\",\"className\":\"LearningGoal\",\"columns\":[{\"capJavaField\":\"Id\",\"columnComment\":\"学习目标ID\",\"columnId\":212,\"columnName\":\"id\",\"columnType\":\"bigint\",\"createBy\":\"admin\",\"createTime\":\"2025-01-24 16:52:48\",\"dictType\":\"\",\"edit\":false,\"htmlType\":\"input\",\"increment\":false,\"insert\":false,\"isIncrement\":\"0\",\"isInsert\":\"0\",\"isPk\":\"1\",\"isRequired\":\"0\",\"javaField\":\"id\",\"javaType\":\"Long\",\"list\":false,\"params\":{},\"pk\":true,\"query\":false,\"queryType\":\"EQ\",\"required\":false,\"sort\":1,\"superColumn\":false,\"tableId\":24,\"updateBy\":\"\",\"usableColumn\":false},{\"capJavaField\":\"GoalName\",\"columnComment\":\"名称\",\"columnId\":213,\"columnName\":\"goal_name\",\"columnType\":\"varchar(100)\",\"createBy\":\"admin\",\"createTime\":\"2025-01-24 16:52:48\",\"dictType\":\"\",\"edit\":true,\"htmlType\":\"input\",\"increment\":false,\"insert\":true,\"isEdit\":\"1\",\"isIncrement\":\"0\",\"isInsert\":\"1\",\"isList\":\"1\",\"isPk\":\"0\",\"isQuery\":\"1\",\"isRequired\":\"1\",\"javaField\":\"goalName\",\"javaType\":\"String\",\"list\":true,\"params\":{},\"pk\":false,\"query\":true,\"queryType\":\"LIKE\",\"required\":true,\"sort\":2,\"superColumn\":false,\"tableId\":24,\"updateBy\":\"\",\"usableColumn\":false},{\"capJavaField\":\"Description\",\"columnComment\":\"目标描述\",\"columnId\":214,\"columnName\":\"description\",\"columnType\":\"text\",\"createBy\":\"admin\",\"createTime\":\"2025-01-24 16:52:48\",\"dictType\":\"\",\"edit\":true,\"htmlType\":\"textarea\",\"increment\":false,\"insert\":true,\"isEdit\":\"1\",\"isIncrement\":\"0\",\"isInsert\":\"1\",\"isList\":\"0\",\"isPk\":\"0\",\"isQuery\":\"0\",\"isRequired\":\"0\",\"javaField\":\"description\",\"javaType\":\"String\",\"list\":false,\"params\":{},\"pk\":false,\"query\":false,\"queryType\":\"EQ\",\"required\":false,\"sort\":3,\"superColumn\":false,\"tableId\":24,\"updateBy\":\"\",\"usableColumn\":false},{\"capJavaField\":\"Deadline\",\"columnComment\":\"目标完成期限\",\"columnId\":215,\"columnName\":\"deadline\",\"columnType\":\"date\",\"createBy\":\"admin\",\"createTime\":\"2025-01-24 16:52:48\",\"dictType\":\"\",\"edit\":true,\"htmlType\":\"datetime\",\"increment\":false,\"insert\":true,\"isEdit\":\"1\",\"isIncrement\":\"0\",\"isInsert\":\"1\",\"isList\":\"1\",\"isPk\":\"0\",\"isQuery\":\"0\",\"isRequir', '{\"msg\":\"操作成功\",\"code\":200}', 0, NULL, '2025-01-24 16:54:33', 48);
INSERT INTO `sys_oper_log` VALUES (738, '字典类型', 1, 'com.eduflex.web.controller.system.SysDictTypeController.add()', 'POST', 1, 'admin', '研发部门', '/system/dict/type', '127.0.0.1', '内网IP', '{\"createBy\":\"admin\",\"dictName\":\"学习状态\",\"dictType\":\"study_status\",\"params\":{},\"status\":\"0\"}', '{\"msg\":\"操作成功\",\"code\":200}', 0, NULL, '2025-01-24 16:55:13', 7);
INSERT INTO `sys_oper_log` VALUES (739, '字典数据', 1, 'com.eduflex.web.controller.system.SysDictDataController.add()', 'POST', 1, 'admin', '研发部门', '/system/dict/data', '127.0.0.1', '内网IP', '{\"createBy\":\"admin\",\"default\":false,\"dictLabel\":\"未开始\",\"dictSort\":0,\"dictType\":\"study_status\",\"dictValue\":\"0\",\"listClass\":\"info\",\"params\":{},\"status\":\"0\"}', '{\"msg\":\"操作成功\",\"code\":200}', 0, NULL, '2025-01-24 16:55:35', 7);
INSERT INTO `sys_oper_log` VALUES (740, '字典数据', 1, 'com.eduflex.web.controller.system.SysDictDataController.add()', 'POST', 1, 'admin', '研发部门', '/system/dict/data', '127.0.0.1', '内网IP', '{\"createBy\":\"admin\",\"default\":false,\"dictLabel\":\"进行中\",\"dictSort\":2,\"dictType\":\"study_status\",\"dictValue\":\"1\",\"listClass\":\"primary\",\"params\":{},\"status\":\"0\"}', '{\"msg\":\"操作成功\",\"code\":200}', 0, NULL, '2025-01-24 16:55:52', 5);
INSERT INTO `sys_oper_log` VALUES (741, '字典数据', 2, 'com.eduflex.web.controller.system.SysDictDataController.edit()', 'PUT', 1, 'admin', '研发部门', '/system/dict/data', '127.0.0.1', '内网IP', '{\"createBy\":\"admin\",\"createTime\":\"2025-01-24 16:55:35\",\"default\":false,\"dictCode\":121,\"dictLabel\":\"未开始\",\"dictSort\":1,\"dictType\":\"study_status\",\"dictValue\":\"0\",\"isDefault\":\"N\",\"listClass\":\"info\",\"params\":{},\"status\":\"0\",\"updateBy\":\"admin\"}', '{\"msg\":\"操作成功\",\"code\":200}', 0, NULL, '2025-01-24 16:55:58', 9);
INSERT INTO `sys_oper_log` VALUES (742, '字典数据', 1, 'com.eduflex.web.controller.system.SysDictDataController.add()', 'POST', 1, 'admin', '研发部门', '/system/dict/data', '127.0.0.1', '内网IP', '{\"createBy\":\"admin\",\"default\":false,\"dictLabel\":\"已完成\",\"dictSort\":3,\"dictType\":\"study_status\",\"dictValue\":\"2\",\"listClass\":\"success\",\"params\":{},\"status\":\"0\"}', '{\"msg\":\"操作成功\",\"code\":200}', 0, NULL, '2025-01-24 16:56:07', 6);
INSERT INTO `sys_oper_log` VALUES (743, '代码生成', 2, 'com.eduflex.generator.controller.GenController.editSave()', 'PUT', 1, 'admin', '研发部门', '/tool/gen', '127.0.0.1', '内网IP', '{\"businessName\":\"goal\",\"className\":\"LearningGoal\",\"columns\":[{\"capJavaField\":\"Id\",\"columnComment\":\"学习目标ID\",\"columnId\":212,\"columnName\":\"id\",\"columnType\":\"bigint\",\"createBy\":\"admin\",\"createTime\":\"2025-01-24 16:52:48\",\"dictType\":\"\",\"edit\":false,\"htmlType\":\"input\",\"increment\":false,\"insert\":false,\"isIncrement\":\"0\",\"isInsert\":\"0\",\"isPk\":\"1\",\"isRequired\":\"0\",\"javaField\":\"id\",\"javaType\":\"Long\",\"list\":false,\"params\":{},\"pk\":true,\"query\":false,\"queryType\":\"EQ\",\"required\":false,\"sort\":1,\"superColumn\":false,\"tableId\":24,\"updateBy\":\"\",\"updateTime\":\"2025-01-24 16:54:33\",\"usableColumn\":false},{\"capJavaField\":\"GoalName\",\"columnComment\":\"名称\",\"columnId\":213,\"columnName\":\"goal_name\",\"columnType\":\"varchar(100)\",\"createBy\":\"admin\",\"createTime\":\"2025-01-24 16:52:48\",\"dictType\":\"\",\"edit\":true,\"htmlType\":\"input\",\"increment\":false,\"insert\":true,\"isEdit\":\"1\",\"isIncrement\":\"0\",\"isInsert\":\"1\",\"isList\":\"1\",\"isPk\":\"0\",\"isQuery\":\"1\",\"isRequired\":\"1\",\"javaField\":\"goalName\",\"javaType\":\"String\",\"list\":true,\"params\":{},\"pk\":false,\"query\":true,\"queryType\":\"LIKE\",\"required\":true,\"sort\":2,\"superColumn\":false,\"tableId\":24,\"updateBy\":\"\",\"updateTime\":\"2025-01-24 16:54:33\",\"usableColumn\":false},{\"capJavaField\":\"Description\",\"columnComment\":\"目标描述\",\"columnId\":214,\"columnName\":\"description\",\"columnType\":\"text\",\"createBy\":\"admin\",\"createTime\":\"2025-01-24 16:52:48\",\"dictType\":\"\",\"edit\":true,\"htmlType\":\"textarea\",\"increment\":false,\"insert\":true,\"isEdit\":\"1\",\"isIncrement\":\"0\",\"isInsert\":\"1\",\"isList\":\"0\",\"isPk\":\"0\",\"isQuery\":\"0\",\"isRequired\":\"0\",\"javaField\":\"description\",\"javaType\":\"String\",\"list\":false,\"params\":{},\"pk\":false,\"query\":false,\"queryType\":\"EQ\",\"required\":false,\"sort\":3,\"superColumn\":false,\"tableId\":24,\"updateBy\":\"\",\"updateTime\":\"2025-01-24 16:54:33\",\"usableColumn\":false},{\"capJavaField\":\"Deadline\",\"columnComment\":\"目标完成期限\",\"columnId\":215,\"columnName\":\"deadline\",\"columnType\":\"date\",\"createBy\":\"admin\",\"createTime\":\"2025-01-24 16:52:48\",\"dictType\":\"\",\"edit\":true,\"htmlType\":\"datetime\",\"increment\":false,\"i', '{\"msg\":\"操作成功\",\"code\":200}', 0, NULL, '2025-01-24 16:57:21', 44);
INSERT INTO `sys_oper_log` VALUES (744, '菜单管理', 2, 'com.eduflex.web.controller.system.SysMenuController.edit()', 'PUT', 1, 'admin', '研发部门', '/system/menu', '127.0.0.1', '内网IP', '{\"children\":[],\"component\":\"manage/file/index\",\"createTime\":\"2025-01-21 13:07:21\",\"icon\":\"资源管理\",\"isCache\":\"0\",\"isFrame\":\"1\",\"menuId\":2094,\"menuName\":\"资源管理\",\"menuType\":\"C\",\"orderNum\":5,\"params\":{},\"parentId\":0,\"path\":\"file\",\"perms\":\"manage:file:list\",\"routeName\":\"\",\"status\":\"0\",\"updateBy\":\"admin\",\"visible\":\"0\"}', '{\"msg\":\"操作成功\",\"code\":200}', 0, NULL, '2025-01-24 16:57:44', 9);
INSERT INTO `sys_oper_log` VALUES (745, '菜单管理', 2, 'com.eduflex.web.controller.system.SysMenuController.edit()', 'PUT', 1, 'admin', '研发部门', '/system/menu', '127.0.0.1', '内网IP', '{\"children\":[],\"component\":\"manage/file/index\",\"createTime\":\"2025-01-21 13:07:21\",\"icon\":\"资源管理\",\"isCache\":\"0\",\"isFrame\":\"1\",\"menuId\":2094,\"menuName\":\"资源管理\",\"menuType\":\"C\",\"orderNum\":6,\"params\":{},\"parentId\":0,\"path\":\"file\",\"perms\":\"manage:file:list\",\"routeName\":\"\",\"status\":\"0\",\"updateBy\":\"admin\",\"visible\":\"0\"}', '{\"msg\":\"操作成功\",\"code\":200}', 0, NULL, '2025-01-24 16:57:55', 8);
INSERT INTO `sys_oper_log` VALUES (746, '菜单管理', 2, 'com.eduflex.web.controller.system.SysMenuController.edit()', 'PUT', 1, 'admin', '研发部门', '/system/menu', '127.0.0.1', '内网IP', '{\"children\":[],\"createTime\":\"2024-10-05 13:28:48\",\"icon\":\"guide\",\"isCache\":\"0\",\"isFrame\":\"0\",\"menuId\":4,\"menuName\":\"若依官网\",\"menuType\":\"M\",\"orderNum\":10,\"params\":{},\"parentId\":0,\"path\":\"http://ruoyi.vip\",\"perms\":\"\",\"query\":\"\",\"routeName\":\"\",\"status\":\"0\",\"updateBy\":\"admin\",\"visible\":\"1\"}', '{\"msg\":\"操作成功\",\"code\":200}', 0, NULL, '2025-01-24 16:58:03', 10);
INSERT INTO `sys_oper_log` VALUES (747, '菜单管理', 2, 'com.eduflex.web.controller.system.SysMenuController.edit()', 'PUT', 1, 'admin', '研发部门', '/system/menu', '127.0.0.1', '内网IP', '{\"children\":[],\"createTime\":\"2024-10-05 13:28:48\",\"icon\":\"tool\",\"isCache\":\"0\",\"isFrame\":\"1\",\"menuId\":3,\"menuName\":\"系统工具\",\"menuType\":\"M\",\"orderNum\":9,\"params\":{},\"parentId\":0,\"path\":\"tool\",\"perms\":\"\",\"query\":\"\",\"routeName\":\"\",\"status\":\"0\",\"updateBy\":\"admin\",\"visible\":\"0\"}', '{\"msg\":\"操作成功\",\"code\":200}', 0, NULL, '2025-01-24 16:58:08', 7);
INSERT INTO `sys_oper_log` VALUES (748, '菜单管理', 2, 'com.eduflex.web.controller.system.SysMenuController.edit()', 'PUT', 1, 'admin', '研发部门', '/system/menu', '127.0.0.1', '内网IP', '{\"children\":[],\"createTime\":\"2024-10-05 13:28:48\",\"icon\":\"monitor\",\"isCache\":\"0\",\"isFrame\":\"1\",\"menuId\":2,\"menuName\":\"系统监控\",\"menuType\":\"M\",\"orderNum\":8,\"params\":{},\"parentId\":0,\"path\":\"monitor\",\"perms\":\"\",\"query\":\"\",\"routeName\":\"\",\"status\":\"0\",\"updateBy\":\"admin\",\"visible\":\"0\"}', '{\"msg\":\"操作成功\",\"code\":200}', 0, NULL, '2025-01-24 16:58:10', 10);
INSERT INTO `sys_oper_log` VALUES (749, '菜单管理', 2, 'com.eduflex.web.controller.system.SysMenuController.edit()', 'PUT', 1, 'admin', '研发部门', '/system/menu', '127.0.0.1', '内网IP', '{\"children\":[],\"createTime\":\"2024-10-05 13:28:48\",\"icon\":\"system\",\"isCache\":\"0\",\"isFrame\":\"1\",\"menuId\":1,\"menuName\":\"系统管理\",\"menuType\":\"M\",\"orderNum\":7,\"params\":{},\"parentId\":0,\"path\":\"system\",\"perms\":\"\",\"query\":\"\",\"routeName\":\"\",\"status\":\"0\",\"updateBy\":\"admin\",\"visible\":\"0\"}', '{\"msg\":\"操作成功\",\"code\":200}', 0, NULL, '2025-01-24 16:58:14', 12);
INSERT INTO `sys_oper_log` VALUES (750, '菜单管理', 1, 'com.eduflex.web.controller.system.SysMenuController.add()', 'POST', 1, 'admin', '研发部门', '/system/menu', '127.0.0.1', '内网IP', '{\"children\":[],\"createBy\":\"admin\",\"isCache\":\"0\",\"isFrame\":\"1\",\"menuName\":\"学习管理\",\"menuType\":\"M\",\"orderNum\":5,\"params\":{},\"parentId\":0,\"path\":\"study\",\"status\":\"0\",\"visible\":\"0\"}', '{\"msg\":\"操作成功\",\"code\":200}', 0, NULL, '2025-01-24 16:58:37', 8);
INSERT INTO `sys_oper_log` VALUES (751, '代码生成', 2, 'com.eduflex.generator.controller.GenController.editSave()', 'PUT', 1, 'admin', '研发部门', '/tool/gen', '127.0.0.1', '内网IP', '{\"businessName\":\"goal\",\"className\":\"LearningGoal\",\"columns\":[{\"capJavaField\":\"Id\",\"columnComment\":\"学习目标ID\",\"columnId\":212,\"columnName\":\"id\",\"columnType\":\"bigint\",\"createBy\":\"admin\",\"createTime\":\"2025-01-24 16:52:48\",\"dictType\":\"\",\"edit\":false,\"htmlType\":\"input\",\"increment\":false,\"insert\":false,\"isIncrement\":\"0\",\"isInsert\":\"0\",\"isPk\":\"1\",\"isRequired\":\"0\",\"javaField\":\"id\",\"javaType\":\"Long\",\"list\":false,\"params\":{},\"pk\":true,\"query\":false,\"queryType\":\"EQ\",\"required\":false,\"sort\":1,\"superColumn\":false,\"tableId\":24,\"updateBy\":\"\",\"updateTime\":\"2025-01-24 16:57:21\",\"usableColumn\":false},{\"capJavaField\":\"GoalName\",\"columnComment\":\"名称\",\"columnId\":213,\"columnName\":\"goal_name\",\"columnType\":\"varchar(100)\",\"createBy\":\"admin\",\"createTime\":\"2025-01-24 16:52:48\",\"dictType\":\"\",\"edit\":true,\"htmlType\":\"input\",\"increment\":false,\"insert\":true,\"isEdit\":\"1\",\"isIncrement\":\"0\",\"isInsert\":\"1\",\"isList\":\"1\",\"isPk\":\"0\",\"isQuery\":\"1\",\"isRequired\":\"1\",\"javaField\":\"goalName\",\"javaType\":\"String\",\"list\":true,\"params\":{},\"pk\":false,\"query\":true,\"queryType\":\"LIKE\",\"required\":true,\"sort\":2,\"superColumn\":false,\"tableId\":24,\"updateBy\":\"\",\"updateTime\":\"2025-01-24 16:57:21\",\"usableColumn\":false},{\"capJavaField\":\"Description\",\"columnComment\":\"目标描述\",\"columnId\":214,\"columnName\":\"description\",\"columnType\":\"text\",\"createBy\":\"admin\",\"createTime\":\"2025-01-24 16:52:48\",\"dictType\":\"\",\"edit\":true,\"htmlType\":\"textarea\",\"increment\":false,\"insert\":true,\"isEdit\":\"1\",\"isIncrement\":\"0\",\"isInsert\":\"1\",\"isList\":\"0\",\"isPk\":\"0\",\"isQuery\":\"0\",\"isRequired\":\"0\",\"javaField\":\"description\",\"javaType\":\"String\",\"list\":false,\"params\":{},\"pk\":false,\"query\":false,\"queryType\":\"EQ\",\"required\":false,\"sort\":3,\"superColumn\":false,\"tableId\":24,\"updateBy\":\"\",\"updateTime\":\"2025-01-24 16:57:21\",\"usableColumn\":false},{\"capJavaField\":\"Deadline\",\"columnComment\":\"目标完成期限\",\"columnId\":215,\"columnName\":\"deadline\",\"columnType\":\"date\",\"createBy\":\"admin\",\"createTime\":\"2025-01-24 16:52:48\",\"dictType\":\"\",\"edit\":true,\"htmlType\":\"datetime\",\"increment\":false,\"i', '{\"msg\":\"操作成功\",\"code\":200}', 0, NULL, '2025-01-24 16:59:03', 38);
INSERT INTO `sys_oper_log` VALUES (752, '代码生成', 2, 'com.eduflex.generator.controller.GenController.editSave()', 'PUT', 1, 'admin', '研发部门', '/tool/gen', '127.0.0.1', '内网IP', '{\"businessName\":\"route\",\"className\":\"LearningRoute\",\"columns\":[{\"capJavaField\":\"Id\",\"columnComment\":\"学习路线ID\",\"columnId\":224,\"columnName\":\"id\",\"columnType\":\"bigint\",\"createBy\":\"admin\",\"createTime\":\"2025-01-24 16:52:48\",\"dictType\":\"\",\"edit\":false,\"htmlType\":\"input\",\"increment\":false,\"insert\":false,\"isIncrement\":\"0\",\"isInsert\":\"0\",\"isPk\":\"1\",\"isRequired\":\"0\",\"javaField\":\"id\",\"javaType\":\"Long\",\"list\":false,\"params\":{},\"pk\":true,\"query\":false,\"queryType\":\"EQ\",\"required\":false,\"sort\":1,\"superColumn\":false,\"tableId\":25,\"updateBy\":\"\",\"usableColumn\":false},{\"capJavaField\":\"GoalId\",\"columnComment\":\"学习目标\",\"columnId\":225,\"columnName\":\"goal_id\",\"columnType\":\"bigint\",\"createBy\":\"admin\",\"createTime\":\"2025-01-24 16:52:48\",\"dictType\":\"\",\"edit\":true,\"htmlType\":\"input\",\"increment\":false,\"insert\":true,\"isEdit\":\"1\",\"isIncrement\":\"0\",\"isInsert\":\"1\",\"isList\":\"1\",\"isPk\":\"0\",\"isQuery\":\"1\",\"isRequired\":\"1\",\"javaField\":\"goalId\",\"javaType\":\"Long\",\"list\":true,\"params\":{},\"pk\":false,\"query\":true,\"queryType\":\"EQ\",\"required\":true,\"sort\":2,\"superColumn\":false,\"tableId\":25,\"updateBy\":\"\",\"usableColumn\":false},{\"capJavaField\":\"CourseId\",\"columnComment\":\"课程ID\",\"columnId\":226,\"columnName\":\"course_id\",\"columnType\":\"bigint\",\"createBy\":\"admin\",\"createTime\":\"2025-01-24 16:52:48\",\"dictType\":\"\",\"edit\":true,\"htmlType\":\"select\",\"increment\":false,\"insert\":true,\"isEdit\":\"1\",\"isIncrement\":\"0\",\"isInsert\":\"1\",\"isList\":\"1\",\"isPk\":\"0\",\"isQuery\":\"0\",\"isRequired\":\"1\",\"javaField\":\"courseId\",\"javaType\":\"Long\",\"list\":true,\"params\":{},\"pk\":false,\"query\":false,\"queryType\":\"EQ\",\"required\":true,\"sort\":3,\"superColumn\":false,\"tableId\":25,\"updateBy\":\"\",\"usableColumn\":false},{\"capJavaField\":\"OrderNum\",\"columnComment\":\"课程排序\",\"columnId\":227,\"columnName\":\"order_num\",\"columnType\":\"int\",\"createBy\":\"admin\",\"createTime\":\"2025-01-24 16:52:48\",\"dictType\":\"\",\"edit\":true,\"htmlType\":\"input\",\"increment\":false,\"insert\":true,\"isEdit\":\"1\",\"isIncrement\":\"0\",\"isInsert\":\"1\",\"isList\":\"1\",\"isPk\":\"0\",\"isQuery\":\"0\",\"isRequired\":\"1\",\"javaField\":\"orderNum', '{\"msg\":\"操作成功\",\"code\":200}', 0, NULL, '2025-01-24 17:02:14', 48);
INSERT INTO `sys_oper_log` VALUES (753, '代码生成', 2, 'com.eduflex.generator.controller.GenController.editSave()', 'PUT', 1, 'admin', '研发部门', '/tool/gen', '127.0.0.1', '内网IP', '{\"businessName\":\"routeRecord\",\"className\":\"LearningRouteRecord\",\"columns\":[{\"capJavaField\":\"Id\",\"columnComment\":\"记录ID\",\"columnId\":233,\"columnName\":\"id\",\"columnType\":\"bigint\",\"createBy\":\"admin\",\"createTime\":\"2025-01-24 16:52:48\",\"dictType\":\"\",\"edit\":false,\"htmlType\":\"input\",\"increment\":false,\"insert\":false,\"isIncrement\":\"0\",\"isInsert\":\"0\",\"isPk\":\"1\",\"isRequired\":\"0\",\"javaField\":\"id\",\"javaType\":\"Long\",\"list\":false,\"params\":{},\"pk\":true,\"query\":false,\"queryType\":\"EQ\",\"required\":false,\"sort\":1,\"superColumn\":false,\"tableId\":26,\"updateBy\":\"\",\"usableColumn\":false},{\"capJavaField\":\"StuId\",\"columnComment\":\"学习者ID\",\"columnId\":234,\"columnName\":\"stu_id\",\"columnType\":\"bigint\",\"createBy\":\"admin\",\"createTime\":\"2025-01-24 16:52:48\",\"dictType\":\"\",\"edit\":true,\"htmlType\":\"input\",\"increment\":false,\"insert\":true,\"isEdit\":\"1\",\"isIncrement\":\"0\",\"isInsert\":\"1\",\"isList\":\"1\",\"isPk\":\"0\",\"isQuery\":\"1\",\"isRequired\":\"1\",\"javaField\":\"stuId\",\"javaType\":\"Long\",\"list\":true,\"params\":{},\"pk\":false,\"query\":true,\"queryType\":\"EQ\",\"required\":true,\"sort\":2,\"superColumn\":false,\"tableId\":26,\"updateBy\":\"\",\"usableColumn\":false},{\"capJavaField\":\"GoalId\",\"columnComment\":\"学习目标ID\",\"columnId\":235,\"columnName\":\"goal_id\",\"columnType\":\"bigint\",\"createBy\":\"admin\",\"createTime\":\"2025-01-24 16:52:48\",\"dictType\":\"\",\"edit\":true,\"htmlType\":\"input\",\"increment\":false,\"insert\":true,\"isEdit\":\"1\",\"isIncrement\":\"0\",\"isInsert\":\"1\",\"isList\":\"1\",\"isPk\":\"0\",\"isQuery\":\"0\",\"isRequired\":\"1\",\"javaField\":\"goalId\",\"javaType\":\"Long\",\"list\":true,\"params\":{},\"pk\":false,\"query\":false,\"queryType\":\"EQ\",\"required\":true,\"sort\":3,\"superColumn\":false,\"tableId\":26,\"updateBy\":\"\",\"usableColumn\":false},{\"capJavaField\":\"RouteId\",\"columnComment\":\"学习路线ID\",\"columnId\":236,\"columnName\":\"route_id\",\"columnType\":\"bigint\",\"createBy\":\"admin\",\"createTime\":\"2025-01-24 16:52:48\",\"dictType\":\"\",\"edit\":true,\"htmlType\":\"input\",\"increment\":false,\"insert\":true,\"isEdit\":\"1\",\"isIncrement\":\"0\",\"isInsert\":\"1\",\"isList\":\"1\",\"isPk\":\"0\",\"isQuery\":\"0\",\"isRequired\":\"1\",\"javaField\":\"ro', '{\"msg\":\"操作成功\",\"code\":200}', 0, NULL, '2025-01-24 17:05:30', 70);
INSERT INTO `sys_oper_log` VALUES (754, '代码生成', 2, 'com.eduflex.generator.controller.GenController.editSave()', 'PUT', 1, 'admin', '研发部门', '/tool/gen', '127.0.0.1', '内网IP', '{\"businessName\":\"record\",\"className\":\"StudyRecord\",\"columns\":[{\"capJavaField\":\"Id\",\"columnComment\":\"学习记录ID\",\"columnId\":246,\"columnName\":\"id\",\"columnType\":\"bigint\",\"createBy\":\"admin\",\"createTime\":\"2025-01-24 16:52:48\",\"dictType\":\"\",\"edit\":false,\"htmlType\":\"input\",\"increment\":false,\"insert\":false,\"isIncrement\":\"0\",\"isInsert\":\"0\",\"isPk\":\"1\",\"isRequired\":\"0\",\"javaField\":\"id\",\"javaType\":\"Long\",\"list\":false,\"params\":{},\"pk\":true,\"query\":false,\"queryType\":\"EQ\",\"required\":false,\"sort\":1,\"superColumn\":false,\"tableId\":27,\"updateBy\":\"\",\"usableColumn\":false},{\"capJavaField\":\"StuId\",\"columnComment\":\"学习者\",\"columnId\":247,\"columnName\":\"stu_id\",\"columnType\":\"bigint\",\"createBy\":\"admin\",\"createTime\":\"2025-01-24 16:52:48\",\"dictType\":\"\",\"edit\":true,\"htmlType\":\"input\",\"increment\":false,\"insert\":true,\"isEdit\":\"1\",\"isIncrement\":\"0\",\"isInsert\":\"1\",\"isList\":\"1\",\"isPk\":\"0\",\"isQuery\":\"1\",\"isRequired\":\"1\",\"javaField\":\"stuId\",\"javaType\":\"Long\",\"list\":true,\"params\":{},\"pk\":false,\"query\":true,\"queryType\":\"EQ\",\"required\":true,\"sort\":2,\"superColumn\":false,\"tableId\":27,\"updateBy\":\"\",\"usableColumn\":false},{\"capJavaField\":\"CourseId\",\"columnComment\":\"课程\",\"columnId\":248,\"columnName\":\"course_id\",\"columnType\":\"bigint\",\"createBy\":\"admin\",\"createTime\":\"2025-01-24 16:52:48\",\"dictType\":\"\",\"edit\":true,\"htmlType\":\"input\",\"increment\":false,\"insert\":true,\"isEdit\":\"1\",\"isIncrement\":\"0\",\"isInsert\":\"1\",\"isList\":\"1\",\"isPk\":\"0\",\"isQuery\":\"1\",\"isRequired\":\"1\",\"javaField\":\"courseId\",\"javaType\":\"Long\",\"list\":true,\"params\":{},\"pk\":false,\"query\":true,\"queryType\":\"EQ\",\"required\":true,\"sort\":3,\"superColumn\":false,\"tableId\":27,\"updateBy\":\"\",\"usableColumn\":false},{\"capJavaField\":\"CompletionTime\",\"columnComment\":\"完成时间\",\"columnId\":249,\"columnName\":\"completion_time\",\"columnType\":\"timestamp\",\"createBy\":\"admin\",\"createTime\":\"2025-01-24 16:52:48\",\"dictType\":\"\",\"edit\":true,\"htmlType\":\"datetime\",\"increment\":false,\"insert\":true,\"isEdit\":\"1\",\"isIncrement\":\"0\",\"isInsert\":\"1\",\"isList\":\"1\",\"isPk\":\"0\",\"isQuery\":\"0\",\"isRequired\":\"0\",\"javaFiel', '{\"msg\":\"操作成功\",\"code\":200}', 0, NULL, '2025-01-24 17:07:06', 57);
INSERT INTO `sys_oper_log` VALUES (755, '代码生成', 8, 'com.eduflex.generator.controller.GenController.batchGenCode()', 'GET', 1, 'admin', '研发部门', '/tool/gen/batchGenCode', '127.0.0.1', '内网IP', '{\"tables\":\"tb_learning_goal,tb_learning_route,tb_learning_route_record,tb_study_record\"}', NULL, 0, NULL, '2025-01-24 17:07:14', 550);
INSERT INTO `sys_oper_log` VALUES (756, '代码生成', 6, 'com.eduflex.generator.controller.GenController.importTableSave()', 'POST', 1, 'admin', '研发部门', '/tool/gen/importTable', '127.0.0.1', '内网IP', '{\"tables\":\"tb_student_course\"}', '{\"msg\":\"操作成功\",\"code\":200}', 0, NULL, '2025-01-26 09:27:54', 53);
INSERT INTO `sys_oper_log` VALUES (757, '代码生成', 2, 'com.eduflex.generator.controller.GenController.editSave()', 'PUT', 1, 'admin', '研发部门', '/tool/gen', '127.0.0.1', '内网IP', '{\"businessName\":\"student_course\",\"className\":\"StudentCourse\",\"columns\":[{\"capJavaField\":\"Id\",\"columnComment\":\"记录ID\",\"columnId\":257,\"columnName\":\"id\",\"columnType\":\"bigint\",\"createBy\":\"admin\",\"createTime\":\"2025-01-26 09:27:54\",\"dictType\":\"\",\"edit\":false,\"htmlType\":\"input\",\"increment\":false,\"insert\":false,\"isIncrement\":\"0\",\"isInsert\":\"0\",\"isPk\":\"1\",\"isRequired\":\"0\",\"javaField\":\"id\",\"javaType\":\"Long\",\"list\":false,\"params\":{},\"pk\":true,\"query\":false,\"queryType\":\"EQ\",\"required\":false,\"sort\":1,\"superColumn\":false,\"tableId\":28,\"updateBy\":\"\",\"usableColumn\":false},{\"capJavaField\":\"StuId\",\"columnComment\":\"学生ID\",\"columnId\":258,\"columnName\":\"stu_id\",\"columnType\":\"bigint\",\"createBy\":\"admin\",\"createTime\":\"2025-01-26 09:27:54\",\"dictType\":\"\",\"edit\":true,\"htmlType\":\"input\",\"increment\":false,\"insert\":true,\"isEdit\":\"1\",\"isIncrement\":\"0\",\"isInsert\":\"1\",\"isList\":\"1\",\"isPk\":\"0\",\"isQuery\":\"1\",\"isRequired\":\"1\",\"javaField\":\"stuId\",\"javaType\":\"Long\",\"list\":true,\"params\":{},\"pk\":false,\"query\":true,\"queryType\":\"EQ\",\"required\":true,\"sort\":2,\"superColumn\":false,\"tableId\":28,\"updateBy\":\"\",\"usableColumn\":false},{\"capJavaField\":\"CourseId\",\"columnComment\":\"课程ID\",\"columnId\":259,\"columnName\":\"course_id\",\"columnType\":\"bigint\",\"createBy\":\"admin\",\"createTime\":\"2025-01-26 09:27:54\",\"dictType\":\"\",\"edit\":true,\"htmlType\":\"input\",\"increment\":false,\"insert\":true,\"isEdit\":\"1\",\"isIncrement\":\"0\",\"isInsert\":\"1\",\"isList\":\"1\",\"isPk\":\"0\",\"isQuery\":\"1\",\"isRequired\":\"1\",\"javaField\":\"courseId\",\"javaType\":\"Long\",\"list\":true,\"params\":{},\"pk\":false,\"query\":true,\"queryType\":\"EQ\",\"required\":true,\"sort\":3,\"superColumn\":false,\"tableId\":28,\"updateBy\":\"\",\"usableColumn\":false},{\"capJavaField\":\"Progress\",\"columnComment\":\"学习进度(%)\",\"columnId\":260,\"columnName\":\"progress\",\"columnType\":\"decimal(5,2)\",\"createBy\":\"admin\",\"createTime\":\"2025-01-26 09:27:54\",\"dictType\":\"\",\"edit\":true,\"htmlType\":\"input\",\"increment\":false,\"insert\":true,\"isEdit\":\"1\",\"isIncrement\":\"0\",\"isInsert\":\"1\",\"isList\":\"1\",\"isPk\":\"0\",\"isQuery\":\"1\",\"isRequired\":\"1\",\"javaFie', '{\"msg\":\"操作成功\",\"code\":200}', 0, NULL, '2025-01-26 09:31:00', 46);
INSERT INTO `sys_oper_log` VALUES (758, '代码生成', 8, 'com.eduflex.generator.controller.GenController.batchGenCode()', 'GET', 1, 'admin', '研发部门', '/tool/gen/batchGenCode', '127.0.0.1', '内网IP', '{\"tables\":\"tb_student_course\"}', NULL, 0, NULL, '2025-01-26 09:31:05', 118);
INSERT INTO `sys_oper_log` VALUES (759, '菜单管理', 2, 'com.eduflex.web.controller.system.SysMenuController.edit()', 'PUT', 1, 'admin', '研发部门', '/system/menu', '127.0.0.1', '内网IP', '{\"children\":[],\"component\":\"manage/student_course/index\",\"createTime\":\"2025-01-26 09:44:22\",\"icon\":\"#\",\"isCache\":\"0\",\"isFrame\":\"1\",\"menuId\":2125,\"menuName\":\"学生选课\",\"menuType\":\"C\",\"orderNum\":1,\"params\":{},\"parentId\":2000,\"path\":\"student_course\",\"perms\":\"manage:student_course:list\",\"routeName\":\"\",\"status\":\"0\",\"updateBy\":\"admin\",\"visible\":\"0\"}', '{\"msg\":\"操作成功\",\"code\":200}', 0, NULL, '2025-01-26 09:44:47', 29);
INSERT INTO `sys_oper_log` VALUES (760, '学生选课', 1, 'com.eduflex.manage.controller.StudentCourseController.add()', 'POST', 1, 'admin', '研发部门', '/manage/student_course', '127.0.0.1', '内网IP', '{\"courseId\":1,\"createTime\":\"2025-01-26 10:03:15\",\"params\":{},\"progress\":70.80}', NULL, 1, '\r\n### Error updating database.  Cause: java.sql.SQLException: Field \'id\' doesn\'t have a default value\r\n### The error may exist in file [D:\\download\\Project\\Backend\\EduFlex\\eduflex-manage\\target\\classes\\mapper\\manage\\StudentCourseMapper.xml]\r\n### The error may involve com.eduflex.manage.mapper.StudentCourseMapper.insertStudentCourse-Inline\r\n### The error occurred while setting parameters\r\n### SQL: insert into tb_student_course          ( course_id,             progress,                          create_time )           values ( ?,             ?,                          ? )\r\n### Cause: java.sql.SQLException: Field \'id\' doesn\'t have a default value\n; Field \'id\' doesn\'t have a default value; nested exception is java.sql.SQLException: Field \'id\' doesn\'t have a default value', '2025-01-26 10:03:15', 56);
INSERT INTO `sys_oper_log` VALUES (761, '学生选课', 1, 'com.eduflex.manage.controller.StudentCourseController.add()', 'POST', 1, 'admin', '研发部门', '/manage/student_course', '127.0.0.1', '内网IP', '{\"courseId\":1,\"createBy\":\"admin\",\"createTime\":\"2025-01-26 10:35:56\",\"params\":{},\"progress\":70}', NULL, 1, '\r\n### Error updating database.  Cause: java.sql.SQLException: Field \'id\' doesn\'t have a default value\r\n### The error may exist in com/eduflex/manage/mapper/StudentCourseMapper.java (best guess)\r\n### The error may involve com.eduflex.manage.mapper.StudentCourseMapper.insert-Inline\r\n### The error occurred while setting parameters\r\n### SQL: INSERT INTO tb_student_course  ( course_id, progress, create_by, create_time )  VALUES (  ?, ?, ?, ?  )\r\n### Cause: java.sql.SQLException: Field \'id\' doesn\'t have a default value\n; Field \'id\' doesn\'t have a default value; nested exception is java.sql.SQLException: Field \'id\' doesn\'t have a default value', '2025-01-26 10:35:56', 143);
INSERT INTO `sys_oper_log` VALUES (762, '学生选课', 1, 'com.eduflex.manage.controller.StudentCourseController.add()', 'POST', 1, 'admin', '研发部门', '/manage/student_course', '127.0.0.1', '内网IP', '{\"courseId\":1,\"createBy\":\"admin\",\"createTime\":\"2025-01-26 10:36:24\",\"id\":1883343201286664194,\"params\":{},\"progress\":70}', NULL, 1, '\r\n### Error updating database.  Cause: java.sql.SQLException: Field \'user_id\' doesn\'t have a default value\r\n### The error may exist in com/eduflex/manage/mapper/StudentCourseMapper.java (best guess)\r\n### The error may involve com.eduflex.manage.mapper.StudentCourseMapper.insert-Inline\r\n### The error occurred while setting parameters\r\n### SQL: INSERT INTO tb_student_course  ( id,  course_id, progress, create_by, create_time )  VALUES (  ?,  ?, ?, ?, ?  )\r\n### Cause: java.sql.SQLException: Field \'user_id\' doesn\'t have a default value\n; Field \'user_id\' doesn\'t have a default value; nested exception is java.sql.SQLException: Field \'user_id\' doesn\'t have a default value', '2025-01-26 10:36:24', 95);
INSERT INTO `sys_oper_log` VALUES (763, '学生选课', 1, 'com.eduflex.manage.controller.StudentCourseController.add()', 'POST', 1, 'admin', '研发部门', '/manage/student_course', '127.0.0.1', '内网IP', '{\"courseId\":1,\"createBy\":\"admin\",\"createTime\":\"2025-01-26 10:37:17\",\"id\":1883343422766923777,\"params\":{},\"progress\":70,\"userId\":105}', '{\"msg\":\"操作成功\",\"code\":200}', 0, NULL, '2025-01-26 10:37:17', 69);
INSERT INTO `sys_oper_log` VALUES (764, '学生选课', 1, 'com.eduflex.manage.controller.StudentCourseController.add()', 'POST', 1, 'admin', '研发部门', '/manage/student_course', '127.0.0.1', '内网IP', '{\"courseId\":3,\"createBy\":\"admin\",\"createTime\":\"2025-01-26 11:17:02\",\"id\":1883353424533540865,\"params\":{},\"progress\":12,\"userId\":107}', '{\"msg\":\"操作成功\",\"code\":200}', 0, NULL, '2025-01-26 11:17:02', 72);
INSERT INTO `sys_oper_log` VALUES (765, '菜单管理', 2, 'com.eduflex.web.controller.system.SysMenuController.edit()', 'PUT', 1, 'admin', '研发部门', '/system/menu', '127.0.0.1', '内网IP', '{\"children\":[],\"component\":\"manage/student_course/index\",\"createTime\":\"2025-01-26 09:44:22\",\"icon\":\"已选课程\",\"isCache\":\"0\",\"isFrame\":\"1\",\"menuId\":2125,\"menuName\":\"学生选课\",\"menuType\":\"C\",\"orderNum\":1,\"params\":{},\"parentId\":2000,\"path\":\"student_course\",\"perms\":\"manage:student_course:list\",\"routeName\":\"\",\"status\":\"0\",\"updateBy\":\"admin\",\"visible\":\"0\"}', '{\"msg\":\"操作成功\",\"code\":200}', 0, NULL, '2025-01-26 11:25:47', 15);
INSERT INTO `sys_oper_log` VALUES (766, '菜单管理', 2, 'com.eduflex.web.controller.system.SysMenuController.edit()', 'PUT', 1, 'admin', '研发部门', '/system/menu', '127.0.0.1', '内网IP', '{\"children\":[],\"component\":\"manage/student_course/index\",\"createTime\":\"2025-01-26 09:44:22\",\"icon\":\"已选课程\",\"isCache\":\"0\",\"isFrame\":\"1\",\"menuId\":2125,\"menuName\":\"学生选课\",\"menuType\":\"C\",\"orderNum\":1,\"params\":{},\"parentId\":2031,\"path\":\"student_course\",\"perms\":\"manage:student_course:list\",\"routeName\":\"\",\"status\":\"0\",\"updateBy\":\"admin\",\"visible\":\"0\"}', '{\"msg\":\"操作成功\",\"code\":200}', 0, NULL, '2025-01-26 11:30:02', 13);
INSERT INTO `sys_oper_log` VALUES (767, '菜单管理', 2, 'com.eduflex.web.controller.system.SysMenuController.edit()', 'PUT', 1, 'admin', '研发部门', '/system/menu', '127.0.0.1', '内网IP', '{\"children\":[],\"component\":\"manage/material/index\",\"createTime\":\"2024-10-16 23:05:51\",\"icon\":\"#\",\"isCache\":\"0\",\"isFrame\":\"1\",\"menuId\":2050,\"menuName\":\"课程资料\",\"menuType\":\"C\",\"orderNum\":6,\"params\":{},\"parentId\":2031,\"path\":\"material\",\"perms\":\"manage:material:list\",\"routeName\":\"\",\"status\":\"0\",\"updateBy\":\"admin\",\"visible\":\"1\"}', '{\"msg\":\"操作成功\",\"code\":200}', 0, NULL, '2025-01-26 11:30:25', 6);
INSERT INTO `sys_oper_log` VALUES (768, '菜单管理', 2, 'com.eduflex.web.controller.system.SysMenuController.edit()', 'PUT', 1, 'admin', '研发部门', '/system/menu', '127.0.0.1', '内网IP', '{\"children\":[],\"component\":\"manage/chapter/index\",\"createTime\":\"2024-10-16 23:05:06\",\"icon\":\"#\",\"isCache\":\"0\",\"isFrame\":\"1\",\"menuId\":2044,\"menuName\":\"课程内容章节管理\",\"menuType\":\"C\",\"orderNum\":5,\"params\":{},\"parentId\":2031,\"path\":\"chapter\",\"perms\":\"manage:chapter:list\",\"routeName\":\"\",\"status\":\"0\",\"updateBy\":\"admin\",\"visible\":\"1\"}', '{\"msg\":\"操作成功\",\"code\":200}', 0, NULL, '2025-01-26 11:30:29', 9);
INSERT INTO `sys_oper_log` VALUES (769, '菜单管理', 2, 'com.eduflex.web.controller.system.SysMenuController.edit()', 'PUT', 1, 'admin', '研发部门', '/system/menu', '127.0.0.1', '内网IP', '{\"children\":[],\"component\":\"manage/category/index\",\"createTime\":\"2024-12-08 21:40:07\",\"icon\":\"分类管理\",\"isCache\":\"0\",\"isFrame\":\"1\",\"menuId\":2062,\"menuName\":\"课程分类\",\"menuType\":\"C\",\"orderNum\":4,\"params\":{},\"parentId\":2031,\"path\":\"category\",\"perms\":\"manage:category:list\",\"routeName\":\"\",\"status\":\"0\",\"updateBy\":\"admin\",\"visible\":\"0\"}', '{\"msg\":\"操作成功\",\"code\":200}', 0, NULL, '2025-01-26 11:30:33', 9);
INSERT INTO `sys_oper_log` VALUES (770, '菜单管理', 2, 'com.eduflex.web.controller.system.SysMenuController.edit()', 'PUT', 1, 'admin', '研发部门', '/system/menu', '127.0.0.1', '内网IP', '{\"children\":[],\"component\":\"manage/homework/index\",\"createTime\":\"2024-11-23 21:55:57\",\"icon\":\"作业管理\",\"isCache\":\"0\",\"isFrame\":\"1\",\"menuId\":2056,\"menuName\":\"作业管理\",\"menuType\":\"C\",\"orderNum\":3,\"params\":{},\"parentId\":2031,\"path\":\"homework\",\"perms\":\"manage:homework:list\",\"routeName\":\"\",\"status\":\"0\",\"updateBy\":\"admin\",\"visible\":\"0\"}', '{\"msg\":\"操作成功\",\"code\":200}', 0, NULL, '2025-01-26 11:30:36', 9);
INSERT INTO `sys_oper_log` VALUES (771, '菜单管理', 2, 'com.eduflex.web.controller.system.SysMenuController.edit()', 'PUT', 1, 'admin', '研发部门', '/system/menu', '127.0.0.1', '内网IP', '{\"children\":[],\"component\":\"manage/student_course/index\",\"createTime\":\"2025-01-26 09:44:22\",\"icon\":\"已选课程\",\"isCache\":\"0\",\"isFrame\":\"1\",\"menuId\":2125,\"menuName\":\"学生选课\",\"menuType\":\"C\",\"orderNum\":2,\"params\":{},\"parentId\":2031,\"path\":\"student_course\",\"perms\":\"manage:student_course:list\",\"routeName\":\"\",\"status\":\"0\",\"updateBy\":\"admin\",\"visible\":\"0\"}', '{\"msg\":\"操作成功\",\"code\":200}', 0, NULL, '2025-01-26 11:30:40', 7);
INSERT INTO `sys_oper_log` VALUES (772, '学生选课', 2, 'com.eduflex.manage.controller.StudentCourseController.edit()', 'PUT', 1, 'admin', '研发部门', '/manage/student_course', '127.0.0.1', '内网IP', '{\"courseId\":1,\"createBy\":\"admin\",\"createTime\":\"2025-01-26 10:37:17\",\"deleted\":0,\"id\":1883343422766923777,\"params\":{},\"progress\":70.00,\"status\":1,\"updateBy\":\"admin\",\"updateTime\":\"2025-01-26 11:41:16\",\"userId\":105}', '{\"msg\":\"操作成功\",\"code\":200}', 0, NULL, '2025-01-26 11:41:16', 19);
INSERT INTO `sys_oper_log` VALUES (773, '学生选课', 2, 'com.eduflex.manage.controller.StudentCourseController.edit()', 'PUT', 1, 'admin', '研发部门', '/manage/student_course', '127.0.0.1', '内网IP', '{\"courseId\":1,\"createBy\":\"admin\",\"createTime\":\"2025-01-26 10:37:17\",\"deleted\":0,\"id\":1883343422766923777,\"params\":{},\"progress\":70.00,\"status\":0,\"updateBy\":\"admin\",\"updateTime\":\"2025-01-26 11:41:20\",\"userId\":105}', '{\"msg\":\"操作成功\",\"code\":200}', 0, NULL, '2025-01-26 11:41:20', 7);
INSERT INTO `sys_oper_log` VALUES (774, '学生选课', 2, 'com.eduflex.manage.controller.StudentCourseController.edit()', 'PUT', 1, 'admin', '研发部门', '/manage/student_course', '127.0.0.1', '内网IP', '{\"courseId\":1,\"createBy\":\"admin\",\"createTime\":\"2025-01-26 10:37:17\",\"deleted\":0,\"id\":1883343422766923777,\"params\":{},\"progress\":70.00,\"status\":1,\"updateBy\":\"admin\",\"updateTime\":\"2025-01-26 11:45:57\",\"userId\":105}', '{\"msg\":\"操作成功\",\"code\":200}', 0, NULL, '2025-01-26 11:45:57', 4);
INSERT INTO `sys_oper_log` VALUES (775, '学生选课', 2, 'com.eduflex.manage.controller.StudentCourseController.edit()', 'PUT', 1, 'admin', '研发部门', '/manage/student_course', '127.0.0.1', '内网IP', '{\"courseId\":1,\"createBy\":\"admin\",\"createTime\":\"2025-01-26 10:37:17\",\"deleted\":0,\"id\":1883343422766923777,\"params\":{},\"progress\":70.00,\"status\":2,\"updateBy\":\"admin\",\"updateTime\":\"2025-01-26 11:46:01\",\"userId\":105}', '{\"msg\":\"操作成功\",\"code\":200}', 0, NULL, '2025-01-26 11:46:01', 8);
INSERT INTO `sys_oper_log` VALUES (776, '学生选课', 2, 'com.eduflex.manage.controller.StudentCourseController.edit()', 'PUT', 1, 'admin', '研发部门', '/manage/student_course', '127.0.0.1', '内网IP', '{\"courseId\":1,\"createBy\":\"admin\",\"createTime\":\"2025-01-26 10:37:17\",\"deleted\":0,\"id\":1883343422766923777,\"params\":{},\"progress\":70.00,\"status\":1,\"updateBy\":\"admin\",\"updateTime\":\"2025-01-26 11:46:04\",\"userId\":105}', '{\"msg\":\"操作成功\",\"code\":200}', 0, NULL, '2025-01-26 11:46:04', 5);
INSERT INTO `sys_oper_log` VALUES (777, '课程管理', 2, 'com.eduflex.manage.controller.CourseController.edit()', 'PUT', 1, 'admin', '研发部门', '/manage/course', '127.0.0.1', '内网IP', '{\"categoryId\":1865774804440600577,\"cover\":1883361190467784705,\"createBy\":\"admin\",\"createTime\":\"2025-01-14 17:57:16\",\"deleted\":0,\"endTime\":\"2025-01-16\",\"id\":1879105493781590018,\"name\":\"计算机网络\",\"params\":{},\"startTime\":\"2025-01-14\",\"status\":\"1\",\"teacherId\":106,\"updateBy\":\"admin\",\"updateTime\":\"2025-01-14 17:57:16\"}', '{\"msg\":\"操作成功\",\"code\":200}', 0, NULL, '2025-01-26 11:47:54', 14);
INSERT INTO `sys_oper_log` VALUES (778, '课程管理', 2, 'com.eduflex.manage.controller.CourseController.edit()', 'PUT', 1, 'admin', '研发部门', '/manage/course', '127.0.0.1', '内网IP', '{\"categoryId\":1865774917003137026,\"cover\":1883361212890533890,\"createBy\":\"admin\",\"createTime\":\"2025-01-14 17:58:13\",\"deleted\":0,\"endTime\":\"2025-01-15\",\"id\":1879105733238599681,\"name\":\"高等数学\",\"params\":{},\"startTime\":\"2025-01-13\",\"status\":\"1\",\"teacherId\":100,\"updateBy\":\"admin\",\"updateTime\":\"2025-01-14 17:58:13\"}', '{\"msg\":\"操作成功\",\"code\":200}', 0, NULL, '2025-01-26 11:47:59', 8);
INSERT INTO `sys_oper_log` VALUES (779, '学习目标管理', 1, 'com.eduflex.manage.controller.LearningGoalController.add()', 'POST', 1, 'admin', '研发部门', '/manage/goal', '127.0.0.1', '内网IP', '{\"createBy\":\"admin\",\"createTime\":\"2025-01-26 13:36:57\",\"deadline\":50,\"goalName\":\"50天学会Java\",\"params\":{}}', NULL, 1, '\r\n### Error updating database.  Cause: java.sql.SQLException: Field \'id\' doesn\'t have a default value\r\n### The error may exist in com/eduflex/manage/mapper/LearningGoalMapper.java (best guess)\r\n### The error may involve com.eduflex.manage.mapper.LearningGoalMapper.insert-Inline\r\n### The error occurred while setting parameters\r\n### SQL: INSERT INTO tb_learning_goal  ( goal_name,  deadline, create_by, create_time )  VALUES (  ?,  ?, ?, ?  )\r\n### Cause: java.sql.SQLException: Field \'id\' doesn\'t have a default value\n; Field \'id\' doesn\'t have a default value; nested exception is java.sql.SQLException: Field \'id\' doesn\'t have a default value', '2025-01-26 13:36:57', 94);
INSERT INTO `sys_oper_log` VALUES (780, '学习目标管理', 1, 'com.eduflex.manage.controller.LearningGoalController.add()', 'POST', 1, 'admin', '研发部门', '/manage/goal', '127.0.0.1', '内网IP', '{\"createBy\":\"admin\",\"createTime\":\"2025-01-26 13:39:22\",\"deadline\":50,\"goalName\":\"50天学会Java\",\"id\":1883389243721973762,\"params\":{}}', '{\"msg\":\"操作成功\",\"code\":200}', 0, NULL, '2025-01-26 13:39:22', 75);
INSERT INTO `sys_oper_log` VALUES (781, '学习目标管理', 2, 'com.eduflex.manage.controller.LearningGoalController.edit()', 'PUT', 1, 'admin', '研发部门', '/manage/goal', '127.0.0.1', '内网IP', '{\"createBy\":\"admin\",\"createTime\":\"2025-01-26 13:39:22\",\"deadline\":50,\"deleted\":0,\"description\":\"哈哈哈\",\"goalName\":\"50天学会Java\",\"id\":1883389243721973762,\"params\":{},\"updateBy\":\"admin\",\"updateTime\":\"2025-01-26 13:41:40\"}', '{\"msg\":\"操作成功\",\"code\":200}', 0, NULL, '2025-01-26 13:41:40', 20);
INSERT INTO `sys_oper_log` VALUES (782, '代码生成', 6, 'com.eduflex.generator.controller.GenController.importTableSave()', 'POST', 1, 'admin', '研发部门', '/tool/gen/importTable', '127.0.0.1', '内网IP', '{\"tables\":\"tb_goal_student,tb_exam_paper_question,tb_file_images\"}', '{\"msg\":\"操作成功\",\"code\":200}', 0, NULL, '2025-01-26 14:04:38', 74);
INSERT INTO `sys_oper_log` VALUES (783, '代码生成', 2, 'com.eduflex.generator.controller.GenController.editSave()', 'PUT', 1, 'admin', '研发部门', '/tool/gen', '127.0.0.1', '内网IP', '{\"businessName\":\"goalStudent\",\"className\":\"GoalStudent\",\"columns\":[{\"capJavaField\":\"Id\",\"columnComment\":\"ID\",\"columnId\":275,\"columnName\":\"id\",\"columnType\":\"bigint\",\"createBy\":\"admin\",\"createTime\":\"2025-01-26 14:04:38\",\"dictType\":\"\",\"edit\":false,\"htmlType\":\"input\",\"increment\":false,\"insert\":false,\"isIncrement\":\"0\",\"isInsert\":\"0\",\"isPk\":\"0\",\"isRequired\":\"1\",\"javaField\":\"id\",\"javaType\":\"Long\",\"list\":false,\"params\":{},\"pk\":false,\"query\":false,\"queryType\":\"EQ\",\"required\":true,\"sort\":1,\"superColumn\":false,\"tableId\":31,\"updateBy\":\"\",\"usableColumn\":false},{\"capJavaField\":\"UserId\",\"columnComment\":\"关联学生\",\"columnId\":276,\"columnName\":\"user_id\",\"columnType\":\"bigint\",\"createBy\":\"admin\",\"createTime\":\"2025-01-26 14:04:38\",\"dictType\":\"\",\"edit\":true,\"htmlType\":\"input\",\"increment\":false,\"insert\":true,\"isEdit\":\"1\",\"isIncrement\":\"0\",\"isInsert\":\"1\",\"isList\":\"1\",\"isPk\":\"0\",\"isQuery\":\"1\",\"isRequired\":\"1\",\"javaField\":\"userId\",\"javaType\":\"Long\",\"list\":true,\"params\":{},\"pk\":false,\"query\":true,\"queryType\":\"EQ\",\"required\":true,\"sort\":2,\"superColumn\":false,\"tableId\":31,\"updateBy\":\"\",\"usableColumn\":false},{\"capJavaField\":\"GoalId\",\"columnComment\":\"关联学习目标\",\"columnId\":277,\"columnName\":\"goal_id\",\"columnType\":\"bigint\",\"createBy\":\"admin\",\"createTime\":\"2025-01-26 14:04:38\",\"dictType\":\"\",\"edit\":true,\"htmlType\":\"input\",\"increment\":false,\"insert\":true,\"isEdit\":\"1\",\"isIncrement\":\"0\",\"isInsert\":\"1\",\"isList\":\"1\",\"isPk\":\"0\",\"isQuery\":\"0\",\"isRequired\":\"1\",\"javaField\":\"goalId\",\"javaType\":\"Long\",\"list\":true,\"params\":{},\"pk\":false,\"query\":false,\"queryType\":\"EQ\",\"required\":true,\"sort\":3,\"superColumn\":false,\"tableId\":31,\"updateBy\":\"\",\"usableColumn\":false},{\"capJavaField\":\"Status\",\"columnComment\":\"学习目标状态\",\"columnId\":278,\"columnName\":\"status\",\"columnType\":\"tinyint\",\"createBy\":\"admin\",\"createTime\":\"2025-01-26 14:04:38\",\"dictType\":\"study_status\",\"edit\":true,\"htmlType\":\"select\",\"increment\":false,\"insert\":true,\"isEdit\":\"1\",\"isIncrement\":\"0\",\"isInsert\":\"1\",\"isList\":\"1\",\"isPk\":\"0\",\"isQuery\":\"1\",\"isRequired\":\"1\",\"javaField\":', '{\"msg\":\"操作成功\",\"code\":200}', 0, NULL, '2025-01-26 14:06:35', 46);
INSERT INTO `sys_oper_log` VALUES (784, '学习目标-学生关联', 1, 'com.eduflex.manage.controller.GoalStudentController.add()', 'POST', 1, 'admin', '研发部门', '/manage/goalStudent', '127.0.0.1', '内网IP', '{\"createBy\":\"admin\",\"goalId\":1883389243721973762,\"id\":1883435111430914049,\"params\":{},\"status\":0,\"updateTime\":\"2025-01-26 16:41:37\",\"userId\":105}', '{\"msg\":\"操作成功\",\"code\":200}', 0, NULL, '2025-01-26 16:41:37', 13);
INSERT INTO `sys_oper_log` VALUES (785, '学习目标-学生关联', 1, 'com.eduflex.manage.controller.GoalStudentController.add()', 'POST', 1, 'admin', '研发部门', '/manage/goalStudent', '127.0.0.1', '内网IP', '{\"createBy\":\"admin\",\"goalId\":1883389243721973762,\"id\":1883439157030039554,\"params\":{},\"status\":0,\"updateTime\":\"2025-01-26 16:57:42\",\"userId\":107}', '{\"msg\":\"操作成功\",\"code\":200}', 0, NULL, '2025-01-26 16:57:42', 68);
INSERT INTO `sys_oper_log` VALUES (786, '学习目标-学生关联', 1, 'com.eduflex.manage.controller.GoalStudentController.add()', 'POST', 1, 'admin', '研发部门', '/manage/goalStudent', '127.0.0.1', '内网IP', '{\"createBy\":\"admin\",\"goalId\":1883389243721973762,\"id\":1883439243155877889,\"params\":{},\"status\":0,\"updateTime\":\"2025-01-26 16:58:02\",\"userId\":104}', '{\"msg\":\"操作成功\",\"code\":200}', 0, NULL, '2025-01-26 16:58:02', 4);
INSERT INTO `sys_oper_log` VALUES (787, '学习目标-学生关联', 1, 'com.eduflex.manage.controller.GoalStudentController.add()', 'POST', 1, 'admin', '研发部门', '/manage/goalStudent', '127.0.0.1', '内网IP', '{\"createBy\":\"admin\",\"goalId\":1883389243721973762,\"id\":1883440181820141570,\"params\":{},\"status\":0,\"updateTime\":\"2025-01-26 17:01:46\",\"userId\":104}', '{\"msg\":\"操作成功\",\"code\":200}', 0, NULL, '2025-01-26 17:01:46', 6);
INSERT INTO `sys_oper_log` VALUES (788, '学习目标-学生关联', 3, 'com.eduflex.manage.controller.GoalStudentController.remove()', 'DELETE', 1, 'admin', '研发部门', '/manage/goalStudent/1883440181820141570', '127.0.0.1', '内网IP', '{}', '{\"msg\":\"操作成功\",\"code\":200}', 0, NULL, '2025-01-26 17:01:48', 31);
INSERT INTO `sys_oper_log` VALUES (789, '学习目标-学生关联', 1, 'com.eduflex.manage.controller.GoalStudentController.add()', 'POST', 1, 'admin', '研发部门', '/manage/goalStudent', '127.0.0.1', '内网IP', '{\"goalId\":1883389243721973762,\"params\":{},\"status\":0,\"userId\":104}', '{\"msg\":\"关联失败，该学生已关联到该学习目标\",\"code\":500}', 0, NULL, '2025-01-26 17:06:18', 23);
INSERT INTO `sys_oper_log` VALUES (790, '学习目标-学生关联', 3, 'com.eduflex.manage.controller.GoalStudentController.remove()', 'DELETE', 1, 'admin', '研发部门', '/manage/goalStudent/1883439243155877889', '127.0.0.1', '内网IP', '{}', '{\"msg\":\"操作成功\",\"code\":200}', 0, NULL, '2025-02-05 10:35:24', 24);
INSERT INTO `sys_oper_log` VALUES (791, '学习目标-学生关联', 1, 'com.eduflex.manage.controller.GoalStudentController.add()', 'POST', 1, 'admin', '研发部门', '/manage/goalStudent', '127.0.0.1', '内网IP', '{\"createBy\":\"admin\",\"goalId\":1883389243721973762,\"id\":1886968374577569794,\"params\":{},\"updateTime\":\"2025-02-05 10:41:33\",\"userId\":110}', '{\"msg\":\"操作成功\",\"code\":200}', 0, NULL, '2025-02-05 10:41:33', 14);
INSERT INTO `sys_oper_log` VALUES (792, '学习目标-学生关联', 1, 'com.eduflex.manage.controller.GoalStudentController.add()', 'POST', 1, 'admin', '研发部门', '/manage/goalStudent', '127.0.0.1', '内网IP', '{\"createBy\":\"admin\",\"goalId\":1883389243721973762,\"id\":1886968374577569795,\"params\":{},\"updateTime\":\"2025-02-05 10:41:33\",\"userId\":104}', '{\"msg\":\"操作成功\",\"code\":200}', 0, NULL, '2025-02-05 10:41:33', 14);
INSERT INTO `sys_oper_log` VALUES (793, '学习目标-学生关联', 1, 'com.eduflex.manage.controller.GoalStudentController.add()', 'POST', 1, 'admin', '研发部门', '/manage/goalStudent', '127.0.0.1', '内网IP', '{\"createBy\":\"admin\",\"goalId\":1883389243721973762,\"id\":1886968738303418369,\"params\":{},\"updateTime\":\"2025-02-05 10:43:00\",\"userId\":104}', '{\"msg\":\"操作成功\",\"code\":200}', 0, NULL, '2025-02-05 10:43:00', 4);
INSERT INTO `sys_oper_log` VALUES (794, '学习目标-学生关联', 1, 'com.eduflex.manage.controller.GoalStudentController.add()', 'POST', 1, 'admin', '研发部门', '/manage/goalStudent', '127.0.0.1', '内网IP', '{\"createBy\":\"admin\",\"goalId\":1883389243721973762,\"id\":1886968738370527233,\"params\":{},\"updateTime\":\"2025-02-05 10:43:00\",\"userId\":110}', '{\"msg\":\"操作成功\",\"code\":200}', 0, NULL, '2025-02-05 10:43:00', 5);
INSERT INTO `sys_oper_log` VALUES (795, '学习目标-学生关联', 2, 'com.eduflex.manage.controller.GoalStudentController.edit()', 'PUT', 1, 'admin', '研发部门', '/manage/goalStudent', '127.0.0.1', '内网IP', '{\"createBy\":\"admin\",\"createTime\":\"2025-01-26 16:41:37\",\"deleted\":0,\"goalId\":1883389243721973762,\"id\":1883435111430914049,\"params\":{},\"progress\":0.01,\"status\":1,\"updateBy\":\"admin\",\"updateTime\":\"2025-02-05 13:02:58\",\"userId\":105}', '{\"msg\":\"操作成功\",\"code\":200}', 0, NULL, '2025-02-05 13:02:58', 17);
INSERT INTO `sys_oper_log` VALUES (796, '学习目标-学生关联', 2, 'com.eduflex.manage.controller.GoalStudentController.edit()', 'PUT', 1, 'admin', '研发部门', '/manage/goalStudent', '127.0.0.1', '内网IP', '{\"createBy\":\"admin\",\"createTime\":\"2025-01-26 16:41:37\",\"deleted\":0,\"goalId\":1883389243721973762,\"id\":1883435111430914049,\"params\":{},\"progress\":50.0,\"status\":1,\"updateBy\":\"admin\",\"updateTime\":\"2025-02-05 13:03:09\",\"userId\":105}', '{\"msg\":\"操作成功\",\"code\":200}', 0, NULL, '2025-02-05 13:03:09', 8);
INSERT INTO `sys_oper_log` VALUES (797, '学习目标-学生关联', 2, 'com.eduflex.manage.controller.GoalStudentController.edit()', 'PUT', 1, 'admin', '研发部门', '/manage/goalStudent', '127.0.0.1', '内网IP', '{\"createBy\":\"admin\",\"createTime\":\"2025-01-26 16:41:37\",\"deleted\":0,\"goalId\":1883389243721973762,\"id\":1883435111430914049,\"params\":{},\"progress\":50.01,\"status\":1,\"updateBy\":\"admin\",\"updateTime\":\"2025-02-05 13:03:30\",\"userId\":105}', '{\"msg\":\"操作成功\",\"code\":200}', 0, NULL, '2025-02-05 13:03:30', 10);
INSERT INTO `sys_oper_log` VALUES (798, '学习目标-学生关联', 2, 'com.eduflex.manage.controller.GoalStudentController.edit()', 'PUT', 1, 'admin', '研发部门', '/manage/goalStudent', '127.0.0.1', '内网IP', '{\"createBy\":\"admin\",\"createTime\":\"2025-01-26 16:41:37\",\"deleted\":0,\"goalId\":1883389243721973762,\"id\":1883435111430914049,\"params\":{},\"progress\":50.01,\"status\":0,\"updateBy\":\"admin\",\"updateTime\":\"2025-02-05 13:03:40\",\"userId\":105}', '{\"msg\":\"操作成功\",\"code\":200}', 0, NULL, '2025-02-05 13:03:40', 5);
INSERT INTO `sys_oper_log` VALUES (799, '学习目标-学生关联', 2, 'com.eduflex.manage.controller.GoalStudentController.edit()', 'PUT', 1, 'admin', '研发部门', '/manage/goalStudent', '127.0.0.1', '内网IP', '{\"createBy\":\"admin\",\"createTime\":\"2025-01-26 16:41:37\",\"deleted\":0,\"goalId\":1883389243721973762,\"id\":1883435111430914049,\"params\":{},\"progress\":50.01,\"status\":0,\"updateBy\":\"admin\",\"updateTime\":\"2025-02-05 13:07:13\",\"userId\":105}', '{\"msg\":\"操作成功\",\"code\":200}', 0, NULL, '2025-02-05 13:07:13', 7);
INSERT INTO `sys_oper_log` VALUES (800, '代码生成', 2, 'com.eduflex.generator.controller.GenController.editSave()', 'PUT', 1, 'admin', '研发部门', '/tool/gen', '127.0.0.1', '内网IP', '{\"businessName\":\"route\",\"className\":\"LearningRoute\",\"columns\":[{\"capJavaField\":\"Id\",\"columnComment\":\"学习路线ID\",\"columnId\":224,\"columnName\":\"id\",\"columnType\":\"bigint\",\"createBy\":\"admin\",\"createTime\":\"2025-01-24 16:52:48\",\"dictType\":\"\",\"edit\":false,\"htmlType\":\"input\",\"increment\":false,\"insert\":false,\"isIncrement\":\"0\",\"isInsert\":\"0\",\"isPk\":\"1\",\"isRequired\":\"0\",\"javaField\":\"id\",\"javaType\":\"Long\",\"list\":false,\"params\":{},\"pk\":true,\"query\":false,\"queryType\":\"EQ\",\"required\":false,\"sort\":1,\"superColumn\":false,\"tableId\":25,\"updateBy\":\"\",\"updateTime\":\"2025-01-24 17:02:14\",\"usableColumn\":false},{\"capJavaField\":\"GoalId\",\"columnComment\":\"学习目标\",\"columnId\":225,\"columnName\":\"goal_id\",\"columnType\":\"bigint\",\"createBy\":\"admin\",\"createTime\":\"2025-01-24 16:52:48\",\"dictType\":\"\",\"edit\":true,\"htmlType\":\"input\",\"increment\":false,\"insert\":true,\"isEdit\":\"1\",\"isIncrement\":\"0\",\"isInsert\":\"1\",\"isList\":\"1\",\"isPk\":\"0\",\"isQuery\":\"1\",\"isRequired\":\"1\",\"javaField\":\"goalId\",\"javaType\":\"Long\",\"list\":true,\"params\":{},\"pk\":false,\"query\":true,\"queryType\":\"EQ\",\"required\":true,\"sort\":2,\"superColumn\":false,\"tableId\":25,\"updateBy\":\"\",\"updateTime\":\"2025-01-24 17:02:14\",\"usableColumn\":false},{\"capJavaField\":\"CourseId\",\"columnComment\":\"课程ID\",\"columnId\":226,\"columnName\":\"course_id\",\"columnType\":\"bigint\",\"createBy\":\"admin\",\"createTime\":\"2025-01-24 16:52:48\",\"dictType\":\"\",\"edit\":true,\"htmlType\":\"select\",\"increment\":false,\"insert\":true,\"isEdit\":\"1\",\"isIncrement\":\"0\",\"isInsert\":\"1\",\"isList\":\"1\",\"isPk\":\"0\",\"isQuery\":\"0\",\"isRequired\":\"1\",\"javaField\":\"courseId\",\"javaType\":\"Long\",\"list\":true,\"params\":{},\"pk\":false,\"query\":false,\"queryType\":\"EQ\",\"required\":true,\"sort\":3,\"superColumn\":false,\"tableId\":25,\"updateBy\":\"\",\"updateTime\":\"2025-01-24 17:02:14\",\"usableColumn\":false},{\"capJavaField\":\"OrderNum\",\"columnComment\":\"课程排序\",\"columnId\":227,\"columnName\":\"order_num\",\"columnType\":\"int\",\"createBy\":\"admin\",\"createTime\":\"2025-01-24 16:52:48\",\"dictType\":\"\",\"edit\":true,\"htmlType\":\"input\",\"increment\":false,\"insert\":true,\"isEdit\":\"1\",\"isI', '{\"msg\":\"操作成功\",\"code\":200}', 0, NULL, '2025-02-05 13:09:10', 47);
INSERT INTO `sys_oper_log` VALUES (801, '代码生成', 8, 'com.eduflex.generator.controller.GenController.batchGenCode()', 'GET', 1, 'admin', '研发部门', '/tool/gen/batchGenCode', '127.0.0.1', '内网IP', '{\"tables\":\"tb_learning_route\"}', NULL, 0, NULL, '2025-02-05 13:09:15', 124);
INSERT INTO `sys_oper_log` VALUES (802, '学习目标管理', 1, 'com.eduflex.manage.controller.LearningGoalController.add()', 'POST', 1, 'admin', '研发部门', '/manage/goal', '127.0.0.1', '内网IP', '{\"createBy\":\"admin\",\"createTime\":\"2025-02-05 13:27:53\",\"deadline\":30,\"goalName\":\"30天学会python基础\",\"id\":1887010232707997697,\"params\":{}}', '{\"msg\":\"操作成功\",\"code\":200}', 0, NULL, '2025-02-05 13:27:53', 147);
INSERT INTO `sys_oper_log` VALUES (803, '学习目标管理', 1, 'com.eduflex.manage.controller.LearningGoalController.add()', 'POST', 1, 'admin', '研发部门', '/manage/goal', '127.0.0.1', '内网IP', '{\"createBy\":\"admin\",\"createTime\":\"2025-02-05 13:28:09\",\"deadline\":1,\"goalName\":\"5分钟完成小程序开发\",\"id\":1887010302631239681,\"params\":{}}', '{\"msg\":\"操作成功\",\"code\":200}', 0, NULL, '2025-02-05 13:28:09', 6);
INSERT INTO `sys_oper_log` VALUES (804, '学习路线管理', 2, 'com.eduflex.manage.controller.LearningRouteController.edit()', 'PUT', 1, 'admin', '研发部门', '/manage/route', '127.0.0.1', '内网IP', '{\"coursesId\":\"[\\\"1\\\",\\\"3\\\"]\",\"createTime\":\"2025-02-05 13:51:07\",\"deleted\":0,\"goalId\":1883389243721973762,\"id\":123,\"params\":{},\"updateBy\":\"admin\",\"updateTime\":\"2025-02-06 10:23:08\"}', '{\"msg\":\"操作成功\",\"code\":200}', 0, NULL, '2025-02-06 10:23:08', 31);
INSERT INTO `sys_oper_log` VALUES (805, '学习路线管理', 2, 'com.eduflex.manage.controller.LearningRouteController.edit()', 'PUT', 1, 'admin', '研发部门', '/manage/route', '127.0.0.1', '内网IP', '{\"coursesId\":\"[\\\"1\\\"]\",\"createTime\":\"2025-02-05 13:51:07\",\"deleted\":0,\"goalId\":1883389243721973762,\"id\":123,\"params\":{},\"updateBy\":\"admin\",\"updateTime\":\"2025-02-06 10:23:26\"}', '{\"msg\":\"操作成功\",\"code\":200}', 0, NULL, '2025-02-06 10:23:26', 11);
INSERT INTO `sys_oper_log` VALUES (806, '学习路线管理', 2, 'com.eduflex.manage.controller.LearningRouteController.edit()', 'PUT', 1, 'admin', '研发部门', '/manage/route', '127.0.0.1', '内网IP', '{\"coursesId\":\"[\\\"1\\\"]\",\"createTime\":\"2025-02-05 13:51:07\",\"deleted\":0,\"goalId\":1883389243721973762,\"id\":123,\"params\":{},\"updateBy\":\"admin\",\"updateTime\":\"2025-02-06 15:13:24\"}', '{\"msg\":\"操作成功\",\"code\":200}', 0, NULL, '2025-02-06 15:13:24', 31);
INSERT INTO `sys_oper_log` VALUES (807, '学习路线管理', 2, 'com.eduflex.manage.controller.LearningRouteController.edit()', 'PUT', 1, 'admin', '研发部门', '/manage/route', '127.0.0.1', '内网IP', '{\"coursesId\":\"[\\\"3\\\",\\\"1\\\",\\\"1879105493781590018\\\"]\",\"createTime\":\"2025-02-05 13:51:07\",\"deleted\":0,\"goalId\":1883389243721973762,\"id\":123,\"params\":{},\"updateBy\":\"admin\",\"updateTime\":\"2025-02-06 15:24:58\"}', '{\"msg\":\"操作成功\",\"code\":200}', 0, NULL, '2025-02-06 15:24:58', 7);
INSERT INTO `sys_oper_log` VALUES (808, '学习路线管理', 2, 'com.eduflex.manage.controller.LearningRouteController.edit()', 'PUT', 1, 'admin', '研发部门', '/manage/route', '127.0.0.1', '内网IP', '{\"coursesId\":\"[\\\"1\\\"]\",\"createTime\":\"2025-02-05 13:51:07\",\"deleted\":0,\"goalId\":1883389243721973762,\"id\":123,\"params\":{},\"updateBy\":\"admin\",\"updateTime\":\"2025-02-06 15:25:24\"}', '{\"msg\":\"操作成功\",\"code\":200}', 0, NULL, '2025-02-06 15:25:24', 9);
INSERT INTO `sys_oper_log` VALUES (809, '学习路线管理', 2, 'com.eduflex.manage.controller.LearningRouteController.edit()', 'PUT', 1, 'admin', '研发部门', '/manage/route', '127.0.0.1', '内网IP', '{\"coursesId\":\"[\\\"1\\\",\\\"1879105493781590018\\\"]\",\"createTime\":\"2025-02-05 13:51:07\",\"deleted\":0,\"goalId\":1883389243721973762,\"id\":123,\"params\":{},\"updateBy\":\"admin\",\"updateTime\":\"2025-02-06 15:37:41\"}', '{\"msg\":\"操作成功\",\"code\":200}', 0, NULL, '2025-02-06 15:37:41', 28);
INSERT INTO `sys_oper_log` VALUES (810, '学习路线管理', 2, 'com.eduflex.manage.controller.LearningRouteController.edit()', 'PUT', 1, 'admin', '研发部门', '/manage/route', '127.0.0.1', '内网IP', '{\"coursesId\":\"[\\\"1\\\",\\\"1879105493781590018\\\",\\\"3\\\"]\",\"createTime\":\"2025-02-05 13:51:07\",\"deleted\":0,\"goalId\":1883389243721973762,\"id\":123,\"params\":{},\"updateBy\":\"admin\",\"updateTime\":\"2025-02-06 15:38:48\"}', '{\"msg\":\"操作成功\",\"code\":200}', 0, NULL, '2025-02-06 15:38:48', 8);
INSERT INTO `sys_oper_log` VALUES (811, '学习路线管理', 1, 'com.eduflex.manage.controller.LearningRouteController.add()', 'POST', 1, 'admin', '研发部门', '/manage/route', '127.0.0.1', '内网IP', '{\"coursesId\":\"[\\\"1\\\"]\",\"createBy\":\"admin\",\"createTime\":\"2025-02-06 16:14:20\",\"goalId\":1883389243721973762,\"id\":1887414508911542273,\"params\":{}}', '{\"msg\":\"操作成功\",\"code\":200}', 0, NULL, '2025-02-06 16:14:20', 11);
INSERT INTO `sys_oper_log` VALUES (812, '学习路线管理', 2, 'com.eduflex.manage.controller.LearningRouteController.edit()', 'PUT', 1, 'admin', '研发部门', '/manage/route', '127.0.0.1', '内网IP', '{\"coursesId\":\"[\\\"1\\\",\\\"3\\\",\\\"1879105493781590018\\\"]\",\"createTime\":\"2025-02-05 13:51:07\",\"deleted\":0,\"goalId\":1883389243721973762,\"id\":123,\"name\":\"Java学习路线1\",\"params\":{},\"updateBy\":\"admin\",\"updateTime\":\"2025-02-06 16:24:56\"}', '{\"msg\":\"操作成功\",\"code\":200}', 0, NULL, '2025-02-06 16:24:56', 20);
INSERT INTO `sys_oper_log` VALUES (813, '学习路线管理', 2, 'com.eduflex.manage.controller.LearningRouteController.edit()', 'PUT', 1, 'admin', '研发部门', '/manage/route', '127.0.0.1', '内网IP', '{\"coursesId\":\"[\\\"1\\\",\\\"3\\\",\\\"1879105493781590018\\\",\\\"1879105733238599681\\\"]\",\"createTime\":\"2025-02-05 13:51:07\",\"deleted\":0,\"goalId\":1883389243721973762,\"id\":123,\"name\":\"Java学习路线1\",\"params\":{},\"updateBy\":\"admin\",\"updateTime\":\"2025-02-06 17:44:30\"}', '{\"msg\":\"操作成功\",\"code\":200}', 0, NULL, '2025-02-06 17:44:30', 18);
INSERT INTO `sys_oper_log` VALUES (814, '学习路线管理', 2, 'com.eduflex.manage.controller.LearningRouteController.edit()', 'PUT', 1, 'admin', '研发部门', '/manage/route', '127.0.0.1', '内网IP', '{\"coursesId\":\"[\\\"1\\\",\\\"3\\\"]\",\"createTime\":\"2025-02-05 13:51:07\",\"deleted\":0,\"goalId\":1883389243721973762,\"id\":123,\"name\":\"Java学习路线1\",\"params\":{},\"updateBy\":\"admin\",\"updateTime\":\"2025-02-06 17:44:41\"}', '{\"msg\":\"操作成功\",\"code\":200}', 0, NULL, '2025-02-06 17:44:41', 7);
INSERT INTO `sys_oper_log` VALUES (815, '学习路线管理', 2, 'com.eduflex.manage.controller.LearningRouteController.edit()', 'PUT', 1, 'admin', '研发部门', '/manage/route', '127.0.0.1', '内网IP', '{\"coursesId\":\"[\\\"1\\\",\\\"3\\\",\\\"1879105733238599681\\\"]\",\"createTime\":\"2025-02-05 13:51:07\",\"deleted\":0,\"goalId\":1883389243721973762,\"id\":123,\"name\":\"Java学习路线1\",\"params\":{},\"updateBy\":\"admin\",\"updateTime\":\"2025-02-06 17:46:13\"}', '{\"msg\":\"操作成功\",\"code\":200}', 0, NULL, '2025-02-06 17:46:13', 9);
INSERT INTO `sys_oper_log` VALUES (816, '学生管理', 2, 'com.eduflex.manage.controller.StudentController.resetPwd()', 'PUT', 1, 'admin', '研发部门', '/manage/student/resetPwd', '127.0.0.1', '内网IP', '{\"params\":{},\"updateBy\":\"admin\",\"updateTime\":\"2025-02-07 11:17:36\",\"userId\":110,\"userName\":\"202325350132\"}', '{\"msg\":\"操作成功\",\"code\":200}', 0, NULL, '2025-02-07 11:17:36', 77);
INSERT INTO `sys_oper_log` VALUES (817, '学生管理', 2, 'com.eduflex.manage.controller.StudentController.edit()', 'PUT', 1, 'admin', '研发部门', '/manage/student', '127.0.0.1', '内网IP', '{\"avatar\":\"\",\"createBy\":\"admin\",\"createTime\":\"2024-10-08 11:11:09\",\"deleted\":0,\"email\":\"admin@qq.com\",\"id\":2,\"nickName\":\"张三\",\"params\":{},\"phonenumber\":\"158151616061\",\"roleId\":4,\"sex\":\"0\",\"status\":\"0\",\"updateBy\":\"admin\",\"updateTime\":\"2025-02-07 11:39:59\",\"userId\":105,\"userName\":\"202325350124\"}', NULL, 1, '\r\n### Error updating database.  Cause: com.mysql.cj.jdbc.exceptions.MysqlDataTruncation: Data truncation: Data too long for column \'phonenumber\' at row 1\r\n### The error may exist in file [D:\\download\\Project\\Backend\\EduFlex\\eduflex-system\\target\\classes\\mapper\\system\\SysUserMapper.xml]\r\n### The error may involve com.eduflex.system.mapper.SysUserMapper.updateUser-Inline\r\n### The error occurred while setting parameters\r\n### SQL: update sys_user     SET user_name = ?,     nick_name = ?,     email = ?,     phonenumber = ?,     sex = ?,               status = ?,               update_by = ?,          update_time = sysdate()     where user_id = ?\r\n### Cause: com.mysql.cj.jdbc.exceptions.MysqlDataTruncation: Data truncation: Data too long for column \'phonenumber\' at row 1\n; Data truncation: Data too long for column \'phonenumber\' at row 1; nested exception is com.mysql.cj.jdbc.exceptions.MysqlDataTruncation: Data truncation: Data too long for column \'phonenumber\' at row 1', '2025-02-07 11:39:59', 122);
INSERT INTO `sys_oper_log` VALUES (818, '学生管理', 2, 'com.eduflex.manage.controller.StudentController.edit()', 'PUT', 1, 'admin', '研发部门', '/manage/student', '127.0.0.1', '内网IP', '{\"avatar\":\"\",\"createBy\":\"admin\",\"createTime\":\"2024-10-08 11:11:09\",\"deleted\":0,\"email\":\"admin@qq.com\",\"id\":2,\"nickName\":\"张三\",\"params\":{},\"phonenumber\":\"15815161605\",\"sex\":\"0\",\"status\":\"0\",\"userId\":105,\"userName\":\"202325350124\"}', '{\"msg\":\"修改学生‘202325350124\'失败，手机号码已存在\",\"code\":500}', 0, NULL, '2025-02-07 11:40:12', 13);
INSERT INTO `sys_oper_log` VALUES (819, '学生管理', 2, 'com.eduflex.manage.controller.StudentController.edit()', 'PUT', 1, 'admin', '研发部门', '/manage/student', '127.0.0.1', '内网IP', '{\"avatar\":\"\",\"createBy\":\"admin\",\"createTime\":\"2024-10-08 11:11:09\",\"deleted\":0,\"email\":\"admin@qq.com\",\"id\":2,\"nickName\":\"张三\",\"params\":{},\"phonenumber\":\"15815161606\",\"roleId\":4,\"sex\":\"0\",\"status\":\"0\",\"updateBy\":\"admin\",\"updateTime\":\"2025-02-07 11:40:17\",\"userId\":105,\"userName\":\"202325350124\"}', '{\"msg\":\"操作成功\",\"code\":200}', 0, NULL, '2025-02-07 11:40:17', 33);
INSERT INTO `sys_oper_log` VALUES (820, '学生管理', 2, 'com.eduflex.manage.controller.StudentController.edit()', 'PUT', 1, 'admin', '研发部门', '/manage/student', '127.0.0.1', '内网IP', '{\"avatar\":\"\",\"createBy\":\"admin\",\"createTime\":\"2024-10-08 11:11:09\",\"deleted\":0,\"email\":\"admin@qq.com\",\"id\":2,\"nickName\":\"张三\",\"params\":{},\"phonenumber\":\"158151616061\",\"roleId\":4,\"sex\":\"0\",\"status\":\"0\",\"updateBy\":\"admin\",\"updateTime\":\"2025-02-07 11:41:14\",\"userId\":105,\"userName\":\"202325350124\"}', NULL, 1, '\r\n### Error updating database.  Cause: com.mysql.cj.jdbc.exceptions.MysqlDataTruncation: Data truncation: Data too long for column \'phonenumber\' at row 1\r\n### The error may exist in file [D:\\download\\Project\\Backend\\EduFlex\\eduflex-system\\target\\classes\\mapper\\system\\SysUserMapper.xml]\r\n### The error may involve com.eduflex.system.mapper.SysUserMapper.updateUser-Inline\r\n### The error occurred while setting parameters\r\n### SQL: update sys_user     SET user_name = ?,     nick_name = ?,     email = ?,     phonenumber = ?,     sex = ?,               status = ?,               update_by = ?,          update_time = sysdate()     where user_id = ?\r\n### Cause: com.mysql.cj.jdbc.exceptions.MysqlDataTruncation: Data truncation: Data too long for column \'phonenumber\' at row 1\n; Data truncation: Data too long for column \'phonenumber\' at row 1; nested exception is com.mysql.cj.jdbc.exceptions.MysqlDataTruncation: Data truncation: Data too long for column \'phonenumber\' at row 1', '2025-02-07 11:42:16', 62317);
INSERT INTO `sys_oper_log` VALUES (821, '学生管理', 2, 'com.eduflex.manage.controller.StudentController.edit()', 'PUT', 1, 'admin', '研发部门', '/manage/student', '127.0.0.1', '内网IP', '{\"avatar\":\"\",\"createBy\":\"admin\",\"createTime\":\"2024-10-08 11:11:09\",\"deleted\":0,\"email\":\"admin@qq.com\",\"id\":2,\"nickName\":\"张三\",\"params\":{},\"phonenumber\":\"158151616061\",\"roleId\":4,\"sex\":\"0\",\"status\":\"0\",\"updateBy\":\"admin\",\"updateTime\":\"2025-02-07 11:42:17\",\"userId\":105,\"userName\":\"202325350124\"}', NULL, 1, '\r\n### Error updating database.  Cause: com.mysql.cj.jdbc.exceptions.MysqlDataTruncation: Data truncation: Data too long for column \'phonenumber\' at row 1\r\n### The error may exist in file [D:\\download\\Project\\Backend\\EduFlex\\eduflex-system\\target\\classes\\mapper\\system\\SysUserMapper.xml]\r\n### The error may involve com.eduflex.system.mapper.SysUserMapper.updateUser-Inline\r\n### The error occurred while setting parameters\r\n### SQL: update sys_user     SET user_name = ?,     nick_name = ?,     email = ?,     phonenumber = ?,     sex = ?,               status = ?,               update_by = ?,          update_time = sysdate()     where user_id = ?\r\n### Cause: com.mysql.cj.jdbc.exceptions.MysqlDataTruncation: Data truncation: Data too long for column \'phonenumber\' at row 1\n; Data truncation: Data too long for column \'phonenumber\' at row 1; nested exception is com.mysql.cj.jdbc.exceptions.MysqlDataTruncation: Data truncation: Data too long for column \'phonenumber\' at row 1', '2025-02-07 11:42:17', 26);
INSERT INTO `sys_oper_log` VALUES (822, '学生管理', 2, 'com.eduflex.manage.controller.StudentController.edit()', 'PUT', 1, 'admin', '研发部门', '/manage/student', '127.0.0.1', '内网IP', '{\"avatar\":\"\",\"createBy\":\"admin\",\"createTime\":\"2024-10-08 11:11:09\",\"deleted\":0,\"email\":\"admin@qq.com\",\"id\":2,\"nickName\":\"张三\",\"params\":{},\"phonenumber\":\"15815161606\",\"roleId\":4,\"sex\":\"0\",\"status\":\"0\",\"updateBy\":\"admin\",\"updateTime\":\"2025-02-07 11:42:34\",\"userId\":105,\"userName\":\"202325350124\"}', '{\"msg\":\"操作成功\",\"code\":200}', 0, NULL, '2025-02-07 11:42:34', 16);
INSERT INTO `sys_oper_log` VALUES (823, '学生管理', 2, 'com.eduflex.manage.controller.StudentController.resetPwd()', 'PUT', 1, 'admin', '研发部门', '/manage/student/resetPwd', '127.0.0.1', '内网IP', '{\"params\":{},\"updateBy\":\"admin\",\"updateTime\":\"2025-02-07 11:42:39\",\"userId\":110,\"userName\":\"202325350132\"}', '{\"msg\":\"操作成功\",\"code\":200}', 0, NULL, '2025-02-07 11:42:39', 71);
INSERT INTO `sys_oper_log` VALUES (824, '学生管理', 1, 'com.eduflex.manage.controller.StudentController.add()', 'POST', 1, 'admin', '研发部门', '/manage/student', '127.0.0.1', '内网IP', '{\"createBy\":\"admin\",\"nickName\":\"郭沫若\",\"params\":{},\"roleId\":4,\"status\":\"0\",\"userName\":\"202325350106\"}', '{\"msg\":\"操作成功\",\"code\":200}', 0, NULL, '2025-02-07 11:42:56', 80);
INSERT INTO `sys_oper_log` VALUES (825, '教师管理', 2, 'com.eduflex.manage.controller.TeacherController.edit()', 'PUT', 1, 'admin', '研发部门', '/manage/teacher', '127.0.0.1', '内网IP', '{\"avatar\":\"\",\"createBy\":\"admin\",\"createTime\":\"2024-10-06 00:52:44\",\"deleted\":0,\"email\":\"1972212424@qq.com\",\"id\":1,\"nickName\":\"张三\",\"params\":{},\"phonenumber\":\"15815161602\",\"roleId\":3,\"sex\":\"0\",\"status\":\"0\",\"updateBy\":\"admin\",\"updateTime\":\"2025-02-07 13:12:56\",\"userId\":100,\"userName\":\"zhangsan\"}', '{\"msg\":\"操作成功\",\"code\":200}', 0, NULL, '2025-02-07 13:12:56', 100);
INSERT INTO `sys_oper_log` VALUES (826, '教师管理', 1, 'com.eduflex.manage.controller.TeacherController.add()', 'POST', 1, 'admin', '研发部门', '/manage/teacher', '127.0.0.1', '内网IP', '{\"email\":\"1972212424@qq.com\",\"nickName\":\"王冰冰\",\"params\":{},\"phonenumber\":\"13800000000\",\"sex\":\"1\",\"userName\":\"wangbingbing\"}', '{\"msg\":\"新增教师‘wangbingbing\'失败，邮箱账号已存在\",\"code\":500}', 0, NULL, '2025-02-07 13:25:35', 10);
INSERT INTO `sys_oper_log` VALUES (827, '教师管理', 1, 'com.eduflex.manage.controller.TeacherController.add()', 'POST', 1, 'admin', '研发部门', '/manage/teacher', '127.0.0.1', '内网IP', '{\"createBy\":\"admin\",\"email\":\"625587563@qq.com\",\"nickName\":\"王冰冰\",\"params\":{},\"phonenumber\":\"13800000000\",\"roleId\":3,\"sex\":\"1\",\"status\":\"0\",\"userName\":\"wangbingbing\"}', '{\"msg\":\"操作成功\",\"code\":200}', 0, NULL, '2025-02-07 13:25:42', 107);
INSERT INTO `sys_oper_log` VALUES (828, '教师管理', 1, 'com.eduflex.manage.controller.TeacherController.add()', 'POST', 1, 'admin', '研发部门', '/manage/teacher', '127.0.0.1', '内网IP', '{\"createBy\":\"admin\",\"email\":\"yaya@163.com\",\"nickName\":\"丫丫\",\"params\":{},\"phonenumber\":\"13548481602\",\"roleId\":3,\"sex\":\"1\",\"status\":\"0\",\"userName\":\"yaya\"}', '{\"msg\":\"操作成功\",\"code\":200}', 0, NULL, '2025-02-07 13:26:15', 75);
INSERT INTO `sys_oper_log` VALUES (829, '教师管理', 3, 'com.eduflex.manage.controller.TeacherController.remove()', 'DELETE', 1, 'admin', '研发部门', '/manage/teacher/1887734598366351362', '127.0.0.1', '内网IP', '{}', '{\"msg\":\"操作成功\",\"code\":200}', 0, NULL, '2025-02-07 13:26:19', 29);
INSERT INTO `sys_oper_log` VALUES (830, '题目管理', 1, 'com.eduflex.manage.controller.QuestionController.add()', 'POST', 1, 'admin', '研发部门', '/manage/question', '127.0.0.1', '内网IP', '{\"analysis\":\"“class”关键字用于定义类。\",\"answer\":\"[\\\"A\\\"]\",\"createBy\":\"admin\",\"createTime\":\"2025-02-10 16:19:36\",\"difficulty\":1,\"id\":1888865386175234049,\"options\":\"[{\\\"key\\\":\\\"A\\\",\\\"value\\\":\\\"class\\\"},{\\\"key\\\":\\\"B\\\",\\\"value\\\":\\\"interface\\\"},{\\\"key\\\":\\\"C\\\",\\\"value\\\":\\\"extends\\\"},{\\\"key\\\":\\\"D\\\",\\\"value\\\":\\\"implements\\\"}]\",\"params\":{},\"repoId\":1888576625653796865,\"title\":\"Java中，哪个关键字用于定义一个类？\",\"type\":1}', '{\"msg\":\"操作成功\",\"code\":200}', 0, NULL, '2025-02-10 16:19:36', 12);
INSERT INTO `sys_oper_log` VALUES (831, '题目管理', 1, 'com.eduflex.manage.controller.QuestionController.add()', 'POST', 1, 'admin', '研发部门', '/manage/question', '127.0.0.1', '内网IP', '{\"analysis\":\"Java中，int类型占用4个字节。\",\"answer\":\"[\\\"B\\\"]\",\"createBy\":\"admin\",\"createTime\":\"2025-02-10 16:20:07\",\"difficulty\":1,\"id\":1888865517591166978,\"options\":\"[{\\\"key\\\":\\\"A\\\",\\\"value\\\":\\\"2字节\\\"},{\\\"key\\\":\\\"B\\\",\\\"value\\\":\\\"4字节\\\"},{\\\"key\\\":\\\"C\\\",\\\"value\\\":\\\"8字节\\\"},{\\\"key\\\":\\\"D\\\",\\\"value\\\":\\\"16字节\\\"}]\",\"params\":{},\"repoId\":1888576625653796865,\"title\":\"在Java中，int占用的字节数是多少？\",\"type\":1}', '{\"msg\":\"操作成功\",\"code\":200}', 0, NULL, '2025-02-10 16:20:07', 3);
INSERT INTO `sys_oper_log` VALUES (832, '题目管理', 1, 'com.eduflex.manage.controller.QuestionController.add()', 'POST', 1, 'admin', '研发部门', '/manage/question', '127.0.0.1', '内网IP', '{\"analysis\":\"Java中“for”、“while”和“do-while”都是循环结构。\",\"answer\":\"[\\\"D\\\"]\",\"createBy\":\"admin\",\"createTime\":\"2025-02-10 16:20:54\",\"difficulty\":1,\"id\":1888865715377766401,\"options\":\"[{\\\"key\\\":\\\"A\\\",\\\"value\\\":\\\"for\\\"},{\\\"key\\\":\\\"B\\\",\\\"value\\\":\\\"while\\\"},{\\\"key\\\":\\\"C\\\",\\\"value\\\":\\\"do-while\\\"},{\\\"key\\\":\\\"D\\\",\\\"value\\\":\\\"以上都是\\\"}]\",\"params\":{},\"repoId\":1888576625653796865,\"title\":\"以下哪个是Java中的循环结构？\",\"type\":1}', '{\"msg\":\"操作成功\",\"code\":200}', 0, NULL, '2025-02-10 16:20:54', 4);
INSERT INTO `sys_oper_log` VALUES (833, '题目管理', 1, 'com.eduflex.manage.controller.QuestionController.add()', 'POST', 1, 'admin', '研发部门', '/manage/question', '127.0.0.1', '内网IP', '{\"analysis\":\"Java中变量声明需要指定类型，示例：int x = 10;\",\"answer\":\"[\\\"A\\\"]\",\"createBy\":\"admin\",\"createTime\":\"2025-02-10 16:21:39\",\"difficulty\":1,\"id\":1888865901479034882,\"options\":\"[{\\\"key\\\":\\\"A\\\",\\\"value\\\":\\\"int x = 10;\\\"},{\\\"key\\\":\\\"B\\\",\\\"value\\\":\\\"int x = 10.0;\\\"},{\\\"key\\\":\\\"C\\\",\\\"value\\\":\\\"String x = 10;\\\"},{\\\"key\\\":\\\"D\\\",\\\"value\\\":\\\"char x = 10;\\\"}]\",\"params\":{},\"repoId\":1888576625653796865,\"title\":\"Java中，如何定义一个变量？\",\"type\":1}', '{\"msg\":\"操作成功\",\"code\":200}', 0, NULL, '2025-02-10 16:21:39', 4);
INSERT INTO `sys_oper_log` VALUES (834, '题目管理', 1, 'com.eduflex.manage.controller.QuestionController.add()', 'POST', 1, 'admin', '研发部门', '/manage/question', '127.0.0.1', '内网IP', '{\"analysis\":\"String是引用数据类型，不是基本数据类型。\",\"answer\":\"[\\\"A\\\"]\",\"createBy\":\"admin\",\"createTime\":\"2025-02-10 16:22:03\",\"difficulty\":1,\"id\":1888866002205245442,\"options\":\"[{\\\"key\\\":\\\"A\\\",\\\"value\\\":\\\"是\\\"},{\\\"key\\\":\\\"B\\\",\\\"value\\\":\\\"否\\\"}]\",\"params\":{},\"repoId\":1888576625653796865,\"title\":\"Java中的String是基本数据类型吗？\",\"type\":1}', '{\"msg\":\"操作成功\",\"code\":200}', 0, NULL, '2025-02-10 16:22:03', 4);
INSERT INTO `sys_oper_log` VALUES (835, '题目管理', 1, 'com.eduflex.manage.controller.QuestionController.add()', 'POST', 1, 'admin', '研发部门', '/manage/question', '127.0.0.1', '内网IP', '{\"analysis\":\"==用于比较内存地址，equals()用于比较字符串的内容是否相等。\",\"answer\":\"[\\\"==比较地址，equals()比较内容\\\"]\",\"createBy\":\"admin\",\"createTime\":\"2025-02-10 16:22:45\",\"difficulty\":2,\"id\":1888866180559634433,\"options\":\"[]\",\"params\":{},\"repoId\":1888576625653796865,\"title\":\"Java中==和equals()方法的区别是什么？\",\"type\":5}', '{\"msg\":\"操作成功\",\"code\":200}', 0, NULL, '2025-02-10 16:22:45', 4);
INSERT INTO `sys_oper_log` VALUES (836, '题目管理', 1, 'com.eduflex.manage.controller.QuestionController.add()', 'POST', 1, 'admin', '研发部门', '/manage/question', '127.0.0.1', '内网IP', '{\"analysis\":\"Java中的垃圾回收机制是自动的，不需要手动释放内存。\",\"answer\":\"[false]\",\"createBy\":\"admin\",\"createTime\":\"2025-02-10 16:23:08\",\"difficulty\":1,\"id\":1888866274851782658,\"options\":\"[]\",\"params\":{},\"repoId\":1888576625653796865,\"title\":\"Java中的垃圾回收机制是手动释放内存的吗？\",\"type\":3}', '{\"msg\":\"操作成功\",\"code\":200}', 0, NULL, '2025-02-10 16:23:08', 3);
INSERT INTO `sys_oper_log` VALUES (837, '题目管理', 1, 'com.eduflex.manage.controller.QuestionController.add()', 'POST', 1, 'admin', '研发部门', '/manage/question', '127.0.0.1', '内网IP', '{\"analysis\":\"extends用于继承类，implements用于实现接口\\t\",\"answer\":\"[\\\"A\\\"]\",\"createBy\":\"admin\",\"createTime\":\"2025-02-10 23:38:33\",\"difficulty\":1,\"id\":1888975852141744130,\"options\":\"[{\\\"key\\\":\\\"A\\\",\\\"value\\\":\\\"extends\\\"},{\\\"key\\\":\\\"B\\\",\\\"value\\\":\\\"implements\\\"},{\\\"key\\\":\\\"C\\\",\\\"value\\\":\\\"super\\\"},{\\\"key\\\":\\\"D\\\",\\\"value\\\":\\\"interface\\\"}]\",\"params\":{},\"repoId\":1888576625653796865,\"title\":\"Java中实现继承的关键字是？\",\"type\":1}', '{\"msg\":\"操作成功\",\"code\":200}', 0, NULL, '2025-02-10 23:38:33', 23);
INSERT INTO `sys_oper_log` VALUES (838, '题目管理', 1, 'com.eduflex.manage.controller.QuestionController.add()', 'POST', 1, 'admin', '研发部门', '/manage/question', '127.0.0.1', '内网IP', '{\"analysis\":\"String是引用类型\",\"answer\":\"[\\\"B\\\"]\",\"createBy\":\"admin\",\"createTime\":\"2025-02-10 23:38:59\",\"difficulty\":1,\"id\":1888975963009781762,\"options\":\"[{\\\"key\\\":\\\"A\\\",\\\"value\\\":\\\"int\\\"},{\\\"key\\\":\\\"B\\\",\\\"value\\\":\\\"String\\\"},{\\\"key\\\":\\\"C\\\",\\\"value\\\":\\\"boolean\\\"},{\\\"key\\\":\\\"D\\\",\\\"value\\\":\\\"double\\\"}]\",\"params\":{},\"repoId\":1888576625653796865,\"title\":\"下列哪个不是基本数据类型？\",\"type\":1}', '{\"msg\":\"操作成功\",\"code\":200}', 0, NULL, '2025-02-10 23:38:59', 6);
INSERT INTO `sys_oper_log` VALUES (839, '题目管理', 1, 'com.eduflex.manage.controller.QuestionController.add()', 'POST', 1, 'admin', '研发部门', '/manage/question', '127.0.0.1', '内网IP', '{\"analysis\":\"Object是Java所有类的根父类\",\"answer\":\"[\\\"A\\\"]\",\"createBy\":\"admin\",\"createTime\":\"2025-02-10 23:39:32\",\"difficulty\":1,\"id\":1888976099630845953,\"options\":\"[{\\\"key\\\":\\\"A\\\",\\\"value\\\":\\\"Object\\\"},{\\\"key\\\":\\\"B\\\",\\\"value\\\":\\\"Class\\\"},{\\\"key\\\":\\\"C\\\",\\\"value\\\":\\\"Root\\\"},{\\\"key\\\":\\\"D\\\",\\\"value\\\":\\\"Parent\\\"}]\",\"params\":{},\"repoId\":1888576625653796865,\"title\":\"Java中所有类的父类是？\",\"type\":1}', '{\"msg\":\"操作成功\",\"code\":200}', 0, NULL, '2025-02-10 23:39:32', 6);
INSERT INTO `sys_oper_log` VALUES (840, '题目管理', 1, 'com.eduflex.manage.controller.QuestionController.add()', 'POST', 1, 'admin', '研发部门', '/manage/question', '127.0.0.1', '内网IP', '{\"analysis\":\"运算符从左到右执行，先计算5+5=10，再与\\\"5\\\"拼接\",\"answer\":\"[\\\"105\\\"]\",\"createBy\":\"admin\",\"createTime\":\"2025-02-10 23:41:03\",\"difficulty\":2,\"id\":1888976483577434114,\"options\":\"[]\",\"params\":{},\"repoId\":1888576625653796865,\"title\":\"以下代码输出结果：System.out.println(5 + 5 + \\\"5\\\");\",\"type\":4}', '{\"msg\":\"操作成功\",\"code\":200}', 0, NULL, '2025-02-10 23:41:03', 9);
INSERT INTO `sys_oper_log` VALUES (841, '题目管理', 1, 'com.eduflex.manage.controller.QuestionController.add()', 'POST', 1, 'admin', '研发部门', '/manage/question', '127.0.0.1', '内网IP', '{\"analysis\":\"接口方法默认public abstract\",\"answer\":\"[\\\"A\\\"]\",\"createBy\":\"admin\",\"createTime\":\"2025-02-10 23:41:31\",\"difficulty\":2,\"id\":1888976597863829506,\"options\":\"[{\\\"key\\\":\\\"A\\\",\\\"value\\\":\\\"public\\\"},{\\\"key\\\":\\\"B\\\",\\\"value\\\":\\\"private\\\"},{\\\"key\\\":\\\"C\\\",\\\"value\\\":\\\"protected\\\"},{\\\"key\\\":\\\"D\\\",\\\"value\\\":\\\"default\\\"}]\",\"params\":{},\"repoId\":1888576625653796865,\"title\":\"接口中方法的默认修饰符是？\",\"type\":1}', '{\"msg\":\"操作成功\",\"code\":200}', 0, NULL, '2025-02-10 23:41:31', 5);
INSERT INTO `sys_oper_log` VALUES (842, '题目管理', 1, 'com.eduflex.manage.controller.QuestionController.add()', 'POST', 1, 'admin', '研发部门', '/manage/question', '127.0.0.1', '内网IP', '{\"analysis\":\"ArrayList基于数组，LinkedList基于链表\",\"answer\":\"[\\\"A\\\",\\\"C\\\",\\\"D\\\"]\",\"createBy\":\"admin\",\"createTime\":\"2025-02-10 23:42:09\",\"difficulty\":2,\"id\":1888976760510550018,\"options\":\"[{\\\"key\\\":\\\"A\\\",\\\"value\\\":\\\"内存结构\\\"},{\\\"key\\\":\\\"B\\\",\\\"value\\\":\\\"线程安全\\\"},{\\\"key\\\":\\\"C\\\",\\\"value\\\":\\\"随机访问效率\\\"},{\\\"key\\\":\\\"D\\\",\\\"value\\\":\\\"插入删除效率\\\"}]\",\"params\":{},\"repoId\":1888576625653796865,\"title\":\"ArrayList和LinkedList的区别包括？\",\"type\":2}', '{\"msg\":\"操作成功\",\"code\":200}', 0, NULL, '2025-02-10 23:42:09', 8);
INSERT INTO `sys_oper_log` VALUES (843, '题目管理', 1, 'com.eduflex.manage.controller.QuestionController.add()', 'POST', 1, 'admin', '研发部门', '/manage/question', '127.0.0.1', '内网IP', '{\"analysis\":\"Java不支持多类继承，但可以实现多个接口\",\"answer\":\"[true]\",\"createBy\":\"admin\",\"createTime\":\"2025-02-10 23:42:28\",\"difficulty\":1,\"id\":1888976836628779009,\"options\":\"[]\",\"params\":{},\"repoId\":1888576625653796865,\"title\":\"Java的单继承特性是指一个类只能继承一个类\",\"type\":3}', '{\"msg\":\"操作成功\",\"code\":200}', 0, NULL, '2025-02-10 23:42:28', 5);
INSERT INTO `sys_oper_log` VALUES (844, '题目管理', 1, 'com.eduflex.manage.controller.QuestionController.add()', 'POST', 1, 'admin', '研发部门', '/manage/question', '127.0.0.1', '内网IP', '{\"analysis\":\"String被final修饰，修改时会创建新对象\",\"answer\":\"[true]\",\"createBy\":\"admin\",\"createTime\":\"2025-02-10 23:42:40\",\"difficulty\":1,\"id\":1888976888004808706,\"options\":\"[]\",\"params\":{},\"repoId\":1888576625653796865,\"title\":\"String是不可变对象\",\"type\":3}', '{\"msg\":\"操作成功\",\"code\":200}', 0, NULL, '2025-02-10 23:42:40', 7);
INSERT INTO `sys_oper_log` VALUES (845, '题目管理', 1, 'com.eduflex.manage.controller.QuestionController.add()', 'POST', 1, 'admin', '研发部门', '/manage/question', '127.0.0.1', '内网IP', '{\"analysis\":\"除System.exit()和JVM崩溃外都会执行\",\"answer\":\"[true]\",\"createBy\":\"admin\",\"createTime\":\"2025-02-10 23:42:54\",\"difficulty\":2,\"id\":1888976948063047681,\"options\":\"[]\",\"params\":{},\"repoId\":1888576625653796865,\"title\":\"finally块是否一定会执行？\",\"type\":3}', '{\"msg\":\"操作成功\",\"code\":200}', 0, NULL, '2025-02-10 23:42:54', 6);
INSERT INTO `sys_oper_log` VALUES (846, '题目管理', 1, 'com.eduflex.manage.controller.QuestionController.add()', 'POST', 1, 'admin', '研发部门', '/manage/question', '127.0.0.1', '内网IP', '{\"analysis\":\"三种标准创建方式\",\"answer\":\"[\\\"A\\\",\\\"C\\\",\\\"B\\\"]\",\"createBy\":\"admin\",\"createTime\":\"2025-02-10 23:43:30\",\"difficulty\":3,\"id\":1888977097418018817,\"options\":\"[{\\\"key\\\":\\\"A\\\",\\\"value\\\":\\\"继承Thread类\\\"},{\\\"key\\\":\\\"B\\\",\\\"value\\\":\\\"实现Runnable接口\\\"},{\\\"key\\\":\\\"C\\\",\\\"value\\\":\\\"使用ExecutorService\\\"},{\\\"key\\\":\\\"D\\\",\\\"value\\\":\\\"使用Timer\\\"}]\",\"params\":{},\"repoId\":1888576625653796865,\"title\":\"实现多线程的方式包括？\",\"type\":2}', '{\"msg\":\"操作成功\",\"code\":200}', 0, NULL, '2025-02-10 23:43:30', 4);
INSERT INTO `sys_oper_log` VALUES (847, '题目管理', 1, 'com.eduflex.manage.controller.QuestionController.add()', 'POST', 1, 'admin', '研发部门', '/manage/question', '127.0.0.1', '内网IP', '{\"analysis\":\"运行时异常继承RuntimeException\",\"answer\":\"[\\\"A\\\",\\\"D\\\"]\",\"createBy\":\"admin\",\"createTime\":\"2025-02-10 23:43:57\",\"difficulty\":3,\"id\":1888977213944172546,\"options\":\"[{\\\"key\\\":\\\"A\\\",\\\"value\\\":\\\"NullPointerException\\\"},{\\\"key\\\":\\\"B\\\",\\\"value\\\":\\\"IOException\\\"},{\\\"key\\\":\\\"C\\\",\\\"value\\\":\\\"SQLException\\\"},{\\\"key\\\":\\\"D\\\",\\\"value\\\":\\\"ClassCastException\\\"}]\",\"params\":{},\"repoId\":1888576625653796865,\"title\":\"下列哪个是运行时异常？\",\"type\":2}', '{\"msg\":\"操作成功\",\"code\":200}', 0, NULL, '2025-02-10 23:43:57', 6);
INSERT INTO `sys_oper_log` VALUES (848, '题目管理', 1, 'com.eduflex.manage.controller.QuestionController.add()', 'POST', 1, 'admin', '研发部门', '/manage/question', '127.0.0.1', '内网IP', '{\"analysis\":\"JDK8后当链表长度>8时转为红黑树\",\"answer\":\"[\\\"数组+链表/红黑树\\\"]\",\"createBy\":\"admin\",\"createTime\":\"2025-02-10 23:44:22\",\"difficulty\":3,\"id\":1888977315177893890,\"options\":\"[]\",\"params\":{},\"repoId\":1888576625653796865,\"title\":\"HashMap的底层数据结构是？\",\"type\":4}', '{\"msg\":\"操作成功\",\"code\":200}', 0, NULL, '2025-02-10 23:44:22', 6);
INSERT INTO `sys_oper_log` VALUES (849, '题目管理', 1, 'com.eduflex.manage.controller.QuestionController.add()', 'POST', 1, 'admin', '研发部门', '/manage/question', '127.0.0.1', '内网IP', '{\"analysis\":\"防止重复加载，确保核心类不被篡改\",\"answer\":\"[\\\"保证类加载安全性和唯一性\\\"]\",\"createBy\":\"admin\",\"createTime\":\"2025-02-10 23:44:37\",\"difficulty\":3,\"id\":1888977379061338113,\"options\":\"[]\",\"params\":{},\"repoId\":1888576625653796865,\"title\":\"双亲委派机制的作用是？\",\"type\":5}', '{\"msg\":\"操作成功\",\"code\":200}', 0, NULL, '2025-02-10 23:44:37', 6);
INSERT INTO `sys_oper_log` VALUES (850, '题目管理', 1, 'com.eduflex.manage.controller.QuestionController.add()', 'POST', 1, 'admin', '研发部门', '/manage/question', '127.0.0.1', '内网IP', '{\"analysis\":\"保证可见性和禁止指令重排序，但不保证原子性\\t\",\"answer\":\"[\\\"B\\\",\\\"C\\\"]\",\"createBy\":\"admin\",\"createTime\":\"2025-02-10 23:45:15\",\"difficulty\":3,\"id\":1888977540223275009,\"options\":\"[{\\\"key\\\":\\\"A\\\",\\\"value\\\":\\\"原子性\\\"},{\\\"key\\\":\\\"B\\\",\\\"value\\\":\\\"可见性\\\"},{\\\"key\\\":\\\"C\\\",\\\"value\\\":\\\"有序性\\\"},{\\\"key\\\":\\\"D\\\",\\\"value\\\":\\\"线程安全\\\"}]\",\"params\":{},\"repoId\":1888576625653796865,\"title\":\"volatile关键字的作用是？\",\"type\":2}', '{\"msg\":\"操作成功\",\"code\":200}', 0, NULL, '2025-02-10 23:45:15', 6);
INSERT INTO `sys_oper_log` VALUES (851, '题目管理', 1, 'com.eduflex.manage.controller.QuestionController.add()', 'POST', 1, 'admin', '研发部门', '/manage/question', '127.0.0.1', '内网IP', '{\"analysis\":\"StringBuffer线程安全但速度慢\",\"answer\":\"[\\\"A\\\"]\",\"createBy\":\"admin\",\"createTime\":\"2025-02-10 23:45:59\",\"difficulty\":2,\"id\":1888977725078835201,\"options\":\"[{\\\"key\\\":\\\"A\\\",\\\"value\\\":\\\"线程安全\\\"},{\\\"key\\\":\\\"B\\\",\\\"value\\\":\\\"执行速度\\\"},{\\\"key\\\":\\\"C\\\",\\\"value\\\":\\\"存储结构\\\"},{\\\"key\\\":\\\"D\\\",\\\"value\\\":\\\"继承关系\\\"}]\",\"params\":{},\"repoId\":1888576625653796865,\"title\":\"StringBuffer与StringBuilder的主要区别？\",\"type\":1}', '{\"msg\":\"操作成功\",\"code\":200}', 0, NULL, '2025-02-10 23:45:59', 5);
INSERT INTO `sys_oper_log` VALUES (852, '题目管理', 1, 'com.eduflex.manage.controller.QuestionController.add()', 'POST', 1, 'admin', '研发部门', '/manage/question', '127.0.0.1', '内网IP', '{\"analysis\":\"自动资源管理语法要求\",\"answer\":\"[\\\"实现AutoCloseable接口\\\"]\",\"createBy\":\"admin\",\"createTime\":\"2025-02-10 23:46:15\",\"difficulty\":2,\"id\":1888977792670044161,\"options\":\"[]\",\"params\":{},\"repoId\":1888576625653796865,\"title\":\"try-with-resources语句适用的资源类型要求？\",\"type\":4}', '{\"msg\":\"操作成功\",\"code\":200}', 0, NULL, '2025-02-10 23:46:15', 8);
INSERT INTO `sys_oper_log` VALUES (853, '题目管理', 1, 'com.eduflex.manage.controller.QuestionController.add()', 'POST', 1, 'admin', '研发部门', '/manage/question', '127.0.0.1', '内网IP', '{\"analysis\":\"引用计数、可达性分析、分代回收等机制\",\"answer\":\"[\\\"通过GC自动管理堆内存\\\"]\",\"createBy\":\"admin\",\"createTime\":\"2025-02-10 23:46:33\",\"difficulty\":3,\"id\":1888977867068608513,\"options\":\"[]\",\"params\":{},\"repoId\":1888576625653796865,\"title\":\"描述Java垃圾回收机制的原理\",\"type\":5}', '{\"msg\":\"操作成功\",\"code\":200}', 0, NULL, '2025-02-10 23:46:33', 5);
INSERT INTO `sys_oper_log` VALUES (854, '题目管理', 1, 'com.eduflex.manage.controller.QuestionController.add()', 'POST', 1, 'admin', '研发部门', '/manage/question', '127.0.0.1', '内网IP', '{\"analysis\":\"三种都是经典单例实现方式\",\"answer\":\"[\\\"A\\\",\\\"B\\\",\\\"C\\\"]\",\"createBy\":\"admin\",\"createTime\":\"2025-02-10 23:47:11\",\"difficulty\":3,\"id\":1888978025948844033,\"options\":\"[{\\\"key\\\":\\\"A\\\",\\\"value\\\":\\\"枚举\\\"},{\\\"key\\\":\\\"B\\\",\\\"value\\\":\\\"双重检查锁\\\"},{\\\"key\\\":\\\"C\\\",\\\"value\\\":\\\"静态内部类\\\"},{\\\"key\\\":\\\"D\\\",\\\"value\\\":\\\"工厂模式\\\"}]\",\"params\":{},\"repoId\":1888576625653796865,\"title\":\"下列哪个是单例模式的实现方式？\",\"type\":2}', '{\"msg\":\"操作成功\",\"code\":200}', 0, NULL, '2025-02-10 23:47:11', 8);
INSERT INTO `sys_oper_log` VALUES (855, '题目管理', 1, 'com.eduflex.manage.controller.QuestionController.add()', 'POST', 1, 'admin', '研发部门', '/manage/question', '127.0.0.1', '内网IP', '{\"analysis\":\"堆线程共享，栈线程私有；堆GC管理，栈自动分配\",\"answer\":\"[\\\"堆存对象，栈存局部变量\\\"]\",\"createBy\":\"admin\",\"createTime\":\"2025-02-10 23:47:24\",\"difficulty\":3,\"id\":1888978080407687169,\"options\":\"[]\",\"params\":{},\"repoId\":1888576625653796865,\"title\":\"Java内存模型中堆和栈的区别\",\"type\":5}', '{\"msg\":\"操作成功\",\"code\":200}', 0, NULL, '2025-02-10 23:47:24', 6);
INSERT INTO `sys_oper_log` VALUES (856, '字典数据', 2, 'com.eduflex.web.controller.system.SysDictDataController.edit()', 'PUT', 1, 'admin', '研发部门', '/system/dict/data', '127.0.0.1', '内网IP', '{\"createBy\":\"admin\",\"createTime\":\"2025-01-10 15:42:59\",\"default\":false,\"dictCode\":110,\"dictLabel\":\"单选题\",\"dictSort\":1,\"dictType\":\"question_type\",\"dictValue\":\"1\",\"isDefault\":\"N\",\"listClass\":\"primary\",\"params\":{},\"status\":\"0\",\"updateBy\":\"admin\"}', '{\"msg\":\"操作成功\",\"code\":200}', 0, NULL, '2025-02-11 00:05:56', 20);
INSERT INTO `sys_oper_log` VALUES (857, '字典数据', 2, 'com.eduflex.web.controller.system.SysDictDataController.edit()', 'PUT', 1, 'admin', '研发部门', '/system/dict/data', '127.0.0.1', '内网IP', '{\"createBy\":\"admin\",\"createTime\":\"2025-01-10 15:43:14\",\"default\":false,\"dictCode\":111,\"dictLabel\":\"多选题\",\"dictSort\":2,\"dictType\":\"question_type\",\"dictValue\":\"2\",\"isDefault\":\"N\",\"listClass\":\"primary\",\"params\":{},\"status\":\"0\",\"updateBy\":\"admin\"}', '{\"msg\":\"操作成功\",\"code\":200}', 0, NULL, '2025-02-11 00:05:59', 13);
INSERT INTO `sys_oper_log` VALUES (858, '字典数据', 2, 'com.eduflex.web.controller.system.SysDictDataController.edit()', 'PUT', 1, 'admin', '研发部门', '/system/dict/data', '127.0.0.1', '内网IP', '{\"createBy\":\"admin\",\"createTime\":\"2025-01-10 15:43:35\",\"default\":false,\"dictCode\":112,\"dictLabel\":\"判断题\",\"dictSort\":3,\"dictType\":\"question_type\",\"dictValue\":\"3\",\"isDefault\":\"N\",\"listClass\":\"primary\",\"params\":{},\"status\":\"0\",\"updateBy\":\"admin\"}', '{\"msg\":\"操作成功\",\"code\":200}', 0, NULL, '2025-02-11 00:06:02', 16);
INSERT INTO `sys_oper_log` VALUES (859, '字典数据', 2, 'com.eduflex.web.controller.system.SysDictDataController.edit()', 'PUT', 1, 'admin', '研发部门', '/system/dict/data', '127.0.0.1', '内网IP', '{\"createBy\":\"admin\",\"createTime\":\"2025-01-10 15:43:44\",\"default\":false,\"dictCode\":113,\"dictLabel\":\"填空题\",\"dictSort\":4,\"dictType\":\"question_type\",\"dictValue\":\"4\",\"isDefault\":\"N\",\"listClass\":\"primary\",\"params\":{},\"status\":\"0\",\"updateBy\":\"admin\"}', '{\"msg\":\"操作成功\",\"code\":200}', 0, NULL, '2025-02-11 00:06:04', 14);
INSERT INTO `sys_oper_log` VALUES (860, '字典数据', 2, 'com.eduflex.web.controller.system.SysDictDataController.edit()', 'PUT', 1, 'admin', '研发部门', '/system/dict/data', '127.0.0.1', '内网IP', '{\"createBy\":\"admin\",\"createTime\":\"2025-01-10 15:43:53\",\"default\":false,\"dictCode\":114,\"dictLabel\":\"简答题\",\"dictSort\":5,\"dictType\":\"question_type\",\"dictValue\":\"5\",\"isDefault\":\"N\",\"listClass\":\"primary\",\"params\":{},\"status\":\"0\",\"updateBy\":\"admin\"}', '{\"msg\":\"操作成功\",\"code\":200}', 0, NULL, '2025-02-11 00:06:07', 13);
INSERT INTO `sys_oper_log` VALUES (861, '菜单管理', 2, 'com.eduflex.web.controller.system.SysMenuController.edit()', 'PUT', 1, 'admin', '研发部门', '/system/menu', '127.0.0.1', '内网IP', '{\"children\":[],\"createTime\":\"2025-01-10 15:38:50\",\"icon\":\"题库管理\",\"isCache\":\"0\",\"isFrame\":\"1\",\"menuId\":2068,\"menuName\":\"考试管理\",\"menuType\":\"M\",\"orderNum\":3,\"params\":{},\"parentId\":0,\"path\":\"exam\",\"perms\":\"\",\"routeName\":\"\",\"status\":\"0\",\"updateBy\":\"admin\",\"visible\":\"0\"}', '{\"msg\":\"操作成功\",\"code\":200}', 0, NULL, '2025-02-11 09:08:34', 21);
INSERT INTO `sys_oper_log` VALUES (862, '代码生成', 6, 'com.eduflex.generator.controller.GenController.importTableSave()', 'POST', 1, 'admin', '研发部门', '/tool/gen/importTable', '127.0.0.1', '内网IP', '{\"tables\":\"tb_exam\"}', '{\"msg\":\"操作成功\",\"code\":200}', 0, NULL, '2025-02-11 09:31:18', 53);
INSERT INTO `sys_oper_log` VALUES (863, '代码生成', 2, 'com.eduflex.generator.controller.GenController.editSave()', 'PUT', 1, 'admin', '研发部门', '/tool/gen', '127.0.0.1', '内网IP', '{\"businessName\":\"exam\",\"className\":\"Exam\",\"columns\":[{\"capJavaField\":\"Id\",\"columnComment\":\"主键\",\"columnId\":293,\"columnName\":\"id\",\"columnType\":\"bigint\",\"createBy\":\"admin\",\"createTime\":\"2025-02-11 09:31:18\",\"dictType\":\"\",\"edit\":false,\"htmlType\":\"input\",\"increment\":false,\"insert\":false,\"isIncrement\":\"0\",\"isInsert\":\"0\",\"isPk\":\"1\",\"isRequired\":\"0\",\"javaField\":\"id\",\"javaType\":\"Long\",\"list\":false,\"params\":{},\"pk\":true,\"query\":false,\"queryType\":\"EQ\",\"required\":false,\"sort\":1,\"superColumn\":false,\"tableId\":33,\"updateBy\":\"\",\"usableColumn\":false},{\"capJavaField\":\"CourseId\",\"columnComment\":\"关联课程ID\",\"columnId\":294,\"columnName\":\"course_id\",\"columnType\":\"bigint\",\"createBy\":\"admin\",\"createTime\":\"2025-02-11 09:31:18\",\"dictType\":\"\",\"edit\":true,\"htmlType\":\"input\",\"increment\":false,\"insert\":true,\"isEdit\":\"1\",\"isIncrement\":\"0\",\"isInsert\":\"1\",\"isList\":\"1\",\"isPk\":\"0\",\"isQuery\":\"1\",\"isRequired\":\"1\",\"javaField\":\"courseId\",\"javaType\":\"Long\",\"list\":true,\"params\":{},\"pk\":false,\"query\":true,\"queryType\":\"EQ\",\"required\":true,\"sort\":2,\"superColumn\":false,\"tableId\":33,\"updateBy\":\"\",\"usableColumn\":false},{\"capJavaField\":\"PaperId\",\"columnComment\":\"关联试卷ID\",\"columnId\":295,\"columnName\":\"paper_id\",\"columnType\":\"bigint\",\"createBy\":\"admin\",\"createTime\":\"2025-02-11 09:31:18\",\"dictType\":\"\",\"edit\":true,\"htmlType\":\"input\",\"increment\":false,\"insert\":true,\"isEdit\":\"1\",\"isIncrement\":\"0\",\"isInsert\":\"1\",\"isList\":\"1\",\"isPk\":\"0\",\"isQuery\":\"0\",\"isRequired\":\"1\",\"javaField\":\"paperId\",\"javaType\":\"Long\",\"list\":true,\"params\":{},\"pk\":false,\"query\":false,\"queryType\":\"EQ\",\"required\":true,\"sort\":3,\"superColumn\":false,\"tableId\":33,\"updateBy\":\"\",\"usableColumn\":false},{\"capJavaField\":\"Name\",\"columnComment\":\"考试名称\",\"columnId\":296,\"columnName\":\"name\",\"columnType\":\"varchar(100)\",\"createBy\":\"admin\",\"createTime\":\"2025-02-11 09:31:18\",\"dictType\":\"\",\"edit\":true,\"htmlType\":\"input\",\"increment\":false,\"insert\":true,\"isEdit\":\"1\",\"isIncrement\":\"0\",\"isInsert\":\"1\",\"isList\":\"1\",\"isPk\":\"0\",\"isQuery\":\"1\",\"isRequired\":\"1\",\"javaField\":\"name\",\"javaType\"', '{\"msg\":\"操作成功\",\"code\":200}', 0, NULL, '2025-02-11 09:34:35', 71);
INSERT INTO `sys_oper_log` VALUES (864, '代码生成', 8, 'com.eduflex.generator.controller.GenController.batchGenCode()', 'GET', 1, 'admin', '研发部门', '/tool/gen/batchGenCode', '127.0.0.1', '内网IP', '{\"tables\":\"tb_exam\"}', NULL, 0, NULL, '2025-02-11 09:34:38', 133);
INSERT INTO `sys_oper_log` VALUES (865, '字典类型', 1, 'com.eduflex.web.controller.system.SysDictTypeController.add()', 'POST', 1, 'admin', '研发部门', '/system/dict/type', '127.0.0.1', '内网IP', '{\"createBy\":\"admin\",\"dictName\":\"考试状态\",\"dictType\":\"exam_status\",\"params\":{},\"status\":\"0\"}', '{\"msg\":\"操作成功\",\"code\":200}', 0, NULL, '2025-02-11 12:32:27', 11);
INSERT INTO `sys_oper_log` VALUES (866, '字典类型', 1, 'com.eduflex.web.controller.system.SysDictTypeController.add()', 'POST', 1, 'admin', '研发部门', '/system/dict/type', '127.0.0.1', '内网IP', '{\"createBy\":\"admin\",\"dictName\":\"考试发布状态\",\"dictType\":\"exam_publish_status\",\"params\":{},\"status\":\"0\"}', '{\"msg\":\"操作成功\",\"code\":200}', 0, NULL, '2025-02-11 12:32:48', 10);
INSERT INTO `sys_oper_log` VALUES (867, '字典数据', 1, 'com.eduflex.web.controller.system.SysDictDataController.add()', 'POST', 1, 'admin', '研发部门', '/system/dict/data', '127.0.0.1', '内网IP', '{\"createBy\":\"admin\",\"default\":false,\"dictLabel\":\"未开始\",\"dictSort\":1,\"dictType\":\"exam_status\",\"dictValue\":\"0\",\"listClass\":\"info\",\"params\":{},\"status\":\"0\"}', '{\"msg\":\"操作成功\",\"code\":200}', 0, NULL, '2025-02-11 12:33:20', 7);
INSERT INTO `sys_oper_log` VALUES (868, '字典数据', 1, 'com.eduflex.web.controller.system.SysDictDataController.add()', 'POST', 1, 'admin', '研发部门', '/system/dict/data', '127.0.0.1', '内网IP', '{\"createBy\":\"admin\",\"default\":false,\"dictLabel\":\"进行中\",\"dictSort\":2,\"dictType\":\"exam_status\",\"dictValue\":\"1\",\"listClass\":\"primary\",\"params\":{},\"status\":\"0\"}', '{\"msg\":\"操作成功\",\"code\":200}', 0, NULL, '2025-02-11 12:33:32', 6);
INSERT INTO `sys_oper_log` VALUES (869, '字典数据', 1, 'com.eduflex.web.controller.system.SysDictDataController.add()', 'POST', 1, 'admin', '研发部门', '/system/dict/data', '127.0.0.1', '内网IP', '{\"createBy\":\"admin\",\"default\":false,\"dictLabel\":\"已结束\",\"dictSort\":3,\"dictType\":\"exam_status\",\"dictValue\":\"2\",\"listClass\":\"success\",\"params\":{},\"status\":\"0\"}', '{\"msg\":\"操作成功\",\"code\":200}', 0, NULL, '2025-02-11 12:33:43', 8);
INSERT INTO `sys_oper_log` VALUES (870, '字典类型', 2, 'com.eduflex.web.controller.system.SysDictTypeController.edit()', 'PUT', 1, 'admin', '研发部门', '/system/dict/type', '127.0.0.1', '内网IP', '{\"createBy\":\"admin\",\"createTime\":\"2025-02-11 12:32:27\",\"dictId\":107,\"dictName\":\"考试状态\",\"dictType\":\"exam_status\",\"params\":{},\"remark\":\"考试状态\",\"status\":\"0\",\"updateBy\":\"admin\"}', '{\"msg\":\"操作成功\",\"code\":200}', 0, NULL, '2025-02-11 12:33:58', 24);
INSERT INTO `sys_oper_log` VALUES (871, '字典类型', 2, 'com.eduflex.web.controller.system.SysDictTypeController.edit()', 'PUT', 1, 'admin', '研发部门', '/system/dict/type', '127.0.0.1', '内网IP', '{\"createBy\":\"admin\",\"createTime\":\"2025-01-24 16:55:13\",\"dictId\":106,\"dictName\":\"学习状态\",\"dictType\":\"study_status\",\"params\":{},\"remark\":\"学习状态\",\"status\":\"0\",\"updateBy\":\"admin\"}', '{\"msg\":\"操作成功\",\"code\":200}', 0, NULL, '2025-02-11 12:34:04', 19);
INSERT INTO `sys_oper_log` VALUES (872, '字典类型', 2, 'com.eduflex.web.controller.system.SysDictTypeController.edit()', 'PUT', 1, 'admin', '研发部门', '/system/dict/type', '127.0.0.1', '内网IP', '{\"createBy\":\"admin\",\"createTime\":\"2025-02-11 12:32:48\",\"dictId\":108,\"dictName\":\"考试发布状态\",\"dictType\":\"exam_publish_status\",\"params\":{},\"remark\":\"考试发布状态\",\"status\":\"0\",\"updateBy\":\"admin\"}', '{\"msg\":\"操作成功\",\"code\":200}', 0, NULL, '2025-02-11 12:34:11', 18);
INSERT INTO `sys_oper_log` VALUES (873, '字典数据', 1, 'com.eduflex.web.controller.system.SysDictDataController.add()', 'POST', 1, 'admin', '研发部门', '/system/dict/data', '127.0.0.1', '内网IP', '{\"createBy\":\"admin\",\"default\":false,\"dictLabel\":\"未发布\",\"dictSort\":1,\"dictType\":\"exam_publish_status\",\"dictValue\":\"0\",\"listClass\":\"info\",\"params\":{},\"status\":\"0\"}', '{\"msg\":\"操作成功\",\"code\":200}', 0, NULL, '2025-02-11 12:34:25', 9);
INSERT INTO `sys_oper_log` VALUES (874, '字典数据', 1, 'com.eduflex.web.controller.system.SysDictDataController.add()', 'POST', 1, 'admin', '研发部门', '/system/dict/data', '127.0.0.1', '内网IP', '{\"createBy\":\"admin\",\"default\":false,\"dictLabel\":\"已发布\",\"dictSort\":2,\"dictType\":\"exam_publish_status\",\"dictValue\":\"1\",\"listClass\":\"success\",\"params\":{},\"status\":\"0\"}', '{\"msg\":\"操作成功\",\"code\":200}', 0, NULL, '2025-02-11 12:34:35', 10);
INSERT INTO `sys_oper_log` VALUES (875, '菜单管理', 2, 'com.eduflex.web.controller.system.SysMenuController.edit()', 'PUT', 1, 'admin', '研发部门', '/system/menu', '127.0.0.1', '内网IP', '{\"children\":[],\"component\":\"manage/paper/index\",\"createTime\":\"2025-01-10 16:32:58\",\"icon\":\"试卷管理\",\"isCache\":\"0\",\"isFrame\":\"1\",\"menuId\":2075,\"menuName\":\"试卷管理\",\"menuType\":\"C\",\"orderNum\":1,\"params\":{},\"parentId\":2068,\"path\":\"paper\",\"perms\":\"manage:paper:list\",\"routeName\":\"\",\"status\":\"0\",\"updateBy\":\"admin\",\"visible\":\"0\"}', '{\"msg\":\"操作成功\",\"code\":200}', 0, NULL, '2025-02-11 12:40:45', 10);
INSERT INTO `sys_oper_log` VALUES (876, '菜单管理', 2, 'com.eduflex.web.controller.system.SysMenuController.edit()', 'PUT', 1, 'admin', '研发部门', '/system/menu', '127.0.0.1', '内网IP', '{\"children\":[],\"createTime\":\"2025-01-10 15:38:50\",\"icon\":\"题库管理\",\"isCache\":\"0\",\"isFrame\":\"1\",\"menuId\":2068,\"menuName\":\"考试管理\",\"menuType\":\"M\",\"orderNum\":3,\"params\":{},\"parentId\":0,\"path\":\"exam\",\"perms\":\"\",\"routeName\":\"\",\"status\":\"0\",\"updateBy\":\"admin\",\"visible\":\"0\"}', '{\"msg\":\"操作成功\",\"code\":200}', 0, NULL, '2025-02-11 12:54:58', 23);
INSERT INTO `sys_oper_log` VALUES (877, '菜单管理', 2, 'com.eduflex.web.controller.system.SysMenuController.edit()', 'PUT', 1, 'admin', '研发部门', '/system/menu', '127.0.0.1', '内网IP', '{\"children\":[],\"component\":\"manage/exam/index\",\"createTime\":\"2025-02-11 12:51:33\",\"icon\":\"#\",\"isCache\":\"0\",\"isFrame\":\"1\",\"menuId\":2143,\"menuName\":\"考试管理\",\"menuType\":\"C\",\"orderNum\":1,\"params\":{},\"parentId\":2068,\"path\":\"exam/exam\",\"perms\":\"manage:exam:list\",\"routeName\":\"\",\"status\":\"0\",\"updateBy\":\"admin\",\"visible\":\"0\"}', '{\"msg\":\"操作成功\",\"code\":200}', 0, NULL, '2025-02-11 12:55:53', 9);
INSERT INTO `sys_oper_log` VALUES (878, '菜单管理', 2, 'com.eduflex.web.controller.system.SysMenuController.edit()', 'PUT', 1, 'admin', '研发部门', '/system/menu', '127.0.0.1', '内网IP', '{\"children\":[],\"component\":\"manage/exam/index\",\"createTime\":\"2025-02-11 12:51:33\",\"icon\":\"#\",\"isCache\":\"0\",\"isFrame\":\"1\",\"menuId\":2143,\"menuName\":\"考试管理\",\"menuType\":\"C\",\"orderNum\":1,\"params\":{},\"parentId\":2068,\"path\":\"exams\",\"perms\":\"manage:exam:list\",\"routeName\":\"\",\"status\":\"0\",\"updateBy\":\"admin\",\"visible\":\"0\"}', '{\"msg\":\"操作成功\",\"code\":200}', 0, NULL, '2025-02-11 12:56:36', 15);
INSERT INTO `sys_oper_log` VALUES (879, '菜单管理', 2, 'com.eduflex.web.controller.system.SysMenuController.edit()', 'PUT', 1, 'admin', '研发部门', '/system/menu', '127.0.0.1', '内网IP', '{\"children\":[],\"component\":\"manage/exams/index\",\"createTime\":\"2025-02-11 12:51:33\",\"icon\":\"#\",\"isCache\":\"0\",\"isFrame\":\"1\",\"menuId\":2143,\"menuName\":\"考试管理\",\"menuType\":\"C\",\"orderNum\":1,\"params\":{},\"parentId\":2068,\"path\":\"exam\",\"perms\":\"manage:exam:list\",\"routeName\":\"\",\"status\":\"0\",\"updateBy\":\"admin\",\"visible\":\"0\"}', '{\"msg\":\"操作成功\",\"code\":200}', 0, NULL, '2025-02-11 12:57:02', 11);
INSERT INTO `sys_oper_log` VALUES (880, '菜单管理', 2, 'com.eduflex.web.controller.system.SysMenuController.edit()', 'PUT', 1, 'admin', '研发部门', '/system/menu', '127.0.0.1', '内网IP', '{\"children\":[],\"component\":\"manage/exams/index\",\"createTime\":\"2025-02-11 12:51:33\",\"icon\":\"#\",\"isCache\":\"0\",\"isFrame\":\"1\",\"menuId\":2143,\"menuName\":\"考试管理\",\"menuType\":\"C\",\"orderNum\":1,\"params\":{},\"parentId\":2068,\"path\":\"exams\",\"perms\":\"manage:exam:list\",\"routeName\":\"\",\"status\":\"0\",\"updateBy\":\"admin\",\"visible\":\"0\"}', '{\"msg\":\"操作成功\",\"code\":200}', 0, NULL, '2025-02-11 12:57:34', 13);
INSERT INTO `sys_oper_log` VALUES (881, '考试管理', 1, 'com.eduflex.manage.controller.ExamController.add()', 'POST', 1, 'admin', '研发部门', '/manage/exam', '127.0.0.1', '内网IP', '{\"courseId\":1,\"createBy\":\"admin\",\"createTime\":\"2025-02-11 14:03:44\",\"duration\":120,\"id\":1889193585108480001,\"limit\":1,\"name\":\"期末考试\",\"paperId\":1879418666678198274,\"params\":{},\"passScore\":80,\"totalScore\":165}', NULL, 1, '\r\n### Error updating database.  Cause: java.sql.SQLSyntaxErrorException: You have an error in your SQL syntax; check the manual that corresponds to your MySQL server version for the right syntax to use near \'limit,   create_by, create_time )  VALUES (  1889193585108480001, 1, 18794186666\' at line 1\r\n### The error may exist in com/eduflex/manage/mapper/ExamMapper.java (best guess)\r\n### The error may involve com.eduflex.manage.mapper.ExamMapper.insert-Inline\r\n### The error occurred while setting parameters\r\n### SQL: INSERT INTO tb_exam  ( id, course_id, paper_id, name, total_score,   pass_score, duration, limit,   create_by, create_time )  VALUES (  ?, ?, ?, ?, ?,   ?, ?, ?,   ?, ?  )\r\n### Cause: java.sql.SQLSyntaxErrorException: You have an error in your SQL syntax; check the manual that corresponds to your MySQL server version for the right syntax to use near \'limit,   create_by, create_time )  VALUES (  1889193585108480001, 1, 18794186666\' at line 1\n; bad SQL grammar []; nested exception is java.sql.SQLSyntaxErrorException: You have an error in your SQL syntax; check the manual that corresponds to your MySQL server version for the right syntax to use near \'limit,   create_by, create_time )  VALUES (  1889193585108480001, 1, 18794186666\' at line 1', '2025-02-11 14:03:45', 126);
INSERT INTO `sys_oper_log` VALUES (882, '考试管理', 1, 'com.eduflex.manage.controller.ExamController.add()', 'POST', 1, 'admin', '研发部门', '/manage/exam', '127.0.0.1', '内网IP', '{\"courseId\":1,\"createBy\":\"admin\",\"createTime\":\"2025-02-11 14:04:44\",\"duration\":120,\"id\":1889193834665373698,\"limit\":0,\"name\":\"期末考试\",\"paperId\":1879418666678198274,\"params\":{},\"passScore\":80,\"totalScore\":165}', NULL, 1, '\r\n### Error updating database.  Cause: java.sql.SQLSyntaxErrorException: You have an error in your SQL syntax; check the manual that corresponds to your MySQL server version for the right syntax to use near \'limit,   create_by, create_time )  VALUES (  1889193834665373698, 1, 18794186666\' at line 1\r\n### The error may exist in com/eduflex/manage/mapper/ExamMapper.java (best guess)\r\n### The error may involve com.eduflex.manage.mapper.ExamMapper.insert-Inline\r\n### The error occurred while setting parameters\r\n### SQL: INSERT INTO tb_exam  ( id, course_id, paper_id, name, total_score,   pass_score, duration, limit,   create_by, create_time )  VALUES (  ?, ?, ?, ?, ?,   ?, ?, ?,   ?, ?  )\r\n### Cause: java.sql.SQLSyntaxErrorException: You have an error in your SQL syntax; check the manual that corresponds to your MySQL server version for the right syntax to use near \'limit,   create_by, create_time )  VALUES (  1889193834665373698, 1, 18794186666\' at line 1\n; bad SQL grammar []; nested exception is java.sql.SQLSyntaxErrorException: You have an error in your SQL syntax; check the manual that corresponds to your MySQL server version for the right syntax to use near \'limit,   create_by, create_time )  VALUES (  1889193834665373698, 1, 18794186666\' at line 1', '2025-02-11 14:04:44', 4);
INSERT INTO `sys_oper_log` VALUES (883, '考试管理', 1, 'com.eduflex.manage.controller.ExamController.add()', 'POST', 1, 'admin', '研发部门', '/manage/exam', '127.0.0.1', '内网IP', '{\"courseId\":1,\"createBy\":\"admin\",\"createTime\":\"2025-02-11 14:04:52\",\"duration\":120,\"id\":1889193869985607682,\"limit\":0,\"name\":\"期末考试\",\"paperId\":1879418666678198274,\"params\":{},\"passScore\":80,\"totalScore\":165}', NULL, 1, '\r\n### Error updating database.  Cause: java.sql.SQLSyntaxErrorException: You have an error in your SQL syntax; check the manual that corresponds to your MySQL server version for the right syntax to use near \'limit,   create_by, create_time )  VALUES (  1889193869985607682, 1, 18794186666\' at line 1\r\n### The error may exist in com/eduflex/manage/mapper/ExamMapper.java (best guess)\r\n### The error may involve com.eduflex.manage.mapper.ExamMapper.insert-Inline\r\n### The error occurred while setting parameters\r\n### SQL: INSERT INTO tb_exam  ( id, course_id, paper_id, name, total_score,   pass_score, duration, limit,   create_by, create_time )  VALUES (  ?, ?, ?, ?, ?,   ?, ?, ?,   ?, ?  )\r\n### Cause: java.sql.SQLSyntaxErrorException: You have an error in your SQL syntax; check the manual that corresponds to your MySQL server version for the right syntax to use near \'limit,   create_by, create_time )  VALUES (  1889193869985607682, 1, 18794186666\' at line 1\n; bad SQL grammar []; nested exception is java.sql.SQLSyntaxErrorException: You have an error in your SQL syntax; check the manual that corresponds to your MySQL server version for the right syntax to use near \'limit,   create_by, create_time )  VALUES (  1889193869985607682, 1, 18794186666\' at line 1', '2025-02-11 14:04:52', 3);
INSERT INTO `sys_oper_log` VALUES (884, '考试管理', 1, 'com.eduflex.manage.controller.ExamController.add()', 'POST', 1, 'admin', '研发部门', '/manage/exam', '127.0.0.1', '内网IP', '{\"courseId\":1,\"createBy\":\"admin\",\"createTime\":\"2025-02-11 14:05:20\",\"duration\":120,\"id\":1889193984683044865,\"limit\":0,\"name\":\"期末考试\",\"paperId\":1879418666678198274,\"params\":{},\"passScore\":120,\"totalScore\":165}', NULL, 1, '\r\n### Error updating database.  Cause: java.sql.SQLSyntaxErrorException: You have an error in your SQL syntax; check the manual that corresponds to your MySQL server version for the right syntax to use near \'limit,   create_by, create_time )  VALUES (  1889193984683044865, 1, 18794186666\' at line 1\r\n### The error may exist in com/eduflex/manage/mapper/ExamMapper.java (best guess)\r\n### The error may involve com.eduflex.manage.mapper.ExamMapper.insert-Inline\r\n### The error occurred while setting parameters\r\n### SQL: INSERT INTO tb_exam  ( id, course_id, paper_id, name, total_score,   pass_score, duration, limit,   create_by, create_time )  VALUES (  ?, ?, ?, ?, ?,   ?, ?, ?,   ?, ?  )\r\n### Cause: java.sql.SQLSyntaxErrorException: You have an error in your SQL syntax; check the manual that corresponds to your MySQL server version for the right syntax to use near \'limit,   create_by, create_time )  VALUES (  1889193984683044865, 1, 18794186666\' at line 1\n; bad SQL grammar []; nested exception is java.sql.SQLSyntaxErrorException: You have an error in your SQL syntax; check the manual that corresponds to your MySQL server version for the right syntax to use near \'limit,   create_by, create_time )  VALUES (  1889193984683044865, 1, 18794186666\' at line 1', '2025-02-11 14:05:20', 2);
INSERT INTO `sys_oper_log` VALUES (885, '考试管理', 1, 'com.eduflex.manage.controller.ExamController.add()', 'POST', 1, 'admin', '研发部门', '/manage/exam', '127.0.0.1', '内网IP', '{\"courseId\":1,\"createBy\":\"admin\",\"createTime\":\"2025-02-11 14:07:16\",\"duration\":120,\"id\":1889194474519101441,\"limited\":0,\"name\":\"期末考试\",\"paperId\":1879418666678198274,\"params\":{},\"passScore\":120,\"totalScore\":165}', NULL, 1, '\r\n### Error updating database.  Cause: java.sql.SQLException: Field \'status\' doesn\'t have a default value\r\n### The error may exist in com/eduflex/manage/mapper/ExamMapper.java (best guess)\r\n### The error may involve com.eduflex.manage.mapper.ExamMapper.insert-Inline\r\n### The error occurred while setting parameters\r\n### SQL: INSERT INTO tb_exam  ( id, course_id, paper_id, name, total_score,   pass_score, duration, limited,   create_by, create_time )  VALUES (  ?, ?, ?, ?, ?,   ?, ?, ?,   ?, ?  )\r\n### Cause: java.sql.SQLException: Field \'status\' doesn\'t have a default value\n; Field \'status\' doesn\'t have a default value; nested exception is java.sql.SQLException: Field \'status\' doesn\'t have a default value', '2025-02-11 14:07:17', 97);
INSERT INTO `sys_oper_log` VALUES (886, '考试管理', 1, 'com.eduflex.manage.controller.ExamController.add()', 'POST', 1, 'admin', '研发部门', '/manage/exam', '127.0.0.1', '内网IP', '{\"courseId\":1,\"createBy\":\"admin\",\"createTime\":\"2025-02-11 14:08:45\",\"duration\":120,\"id\":1889194847937986562,\"limited\":0,\"name\":\"期末考试\",\"paperId\":1879418666678198274,\"params\":{},\"passScore\":120,\"totalScore\":165}', '{\"msg\":\"操作成功\",\"code\":200}', 0, NULL, '2025-02-11 14:08:45', 8);
INSERT INTO `sys_oper_log` VALUES (887, '考试管理', 2, 'com.eduflex.manage.controller.ExamController.edit()', 'PUT', 1, 'admin', '研发部门', '/manage/exam', '127.0.0.1', '内网IP', '{\"courseId\":1,\"createBy\":\"admin\",\"createTime\":\"2025-02-11 14:08:46\",\"deleted\":0,\"duration\":120,\"id\":1889194847937986562,\"limited\":0,\"name\":\"期末考试\",\"paperId\":1879418666678198274,\"params\":{},\"passScore\":120,\"published\":0,\"status\":0,\"totalScore\":165,\"updateBy\":\"admin\",\"updateTime\":\"2025-02-11 14:47:42\"}', '{\"msg\":\"操作成功\",\"code\":200}', 0, NULL, '2025-02-11 14:47:42', 35);
INSERT INTO `sys_oper_log` VALUES (888, '考试管理', 1, 'com.eduflex.manage.controller.ExamController.add()', 'POST', 1, 'admin', '研发部门', '/manage/exam', '127.0.0.1', '内网IP', '{\"courseId\":1,\"createBy\":\"admin\",\"createTime\":\"2025-02-11 14:48:02\",\"duration\":120,\"id\":1889204732037648386,\"limited\":0,\"name\":\"期末考试\",\"paperId\":1879418666678198274,\"params\":{},\"passScore\":120,\"totalScore\":165}', '{\"msg\":\"操作成功\",\"code\":200}', 0, NULL, '2025-02-11 14:48:02', 11);
INSERT INTO `sys_oper_log` VALUES (889, '考试管理', 2, 'com.eduflex.manage.controller.ExamController.edit()', 'PUT', 1, 'admin', '研发部门', '/manage/exam', '127.0.0.1', '内网IP', '{\"id\":1889204732037648386,\"limited\":1,\"params\":{},\"updateBy\":\"admin\",\"updateTime\":\"2025-02-11 15:00:43\"}', '{\"msg\":\"操作成功\",\"code\":200}', 0, NULL, '2025-02-11 15:00:43', 6);
INSERT INTO `sys_oper_log` VALUES (890, '考试管理', 2, 'com.eduflex.manage.controller.ExamController.edit()', 'PUT', 1, 'admin', '研发部门', '/manage/exam', '127.0.0.1', '内网IP', '{\"id\":1889204732037648386,\"limited\":0,\"params\":{},\"published\":1,\"updateBy\":\"admin\",\"updateTime\":\"2025-02-11 15:02:02\"}', '{\"msg\":\"操作成功\",\"code\":200}', 0, NULL, '2025-02-11 15:02:02', 5);
INSERT INTO `sys_oper_log` VALUES (891, '考试管理', 2, 'com.eduflex.manage.controller.ExamController.edit()', 'PUT', 1, 'admin', '研发部门', '/manage/exam', '127.0.0.1', '内网IP', '{\"id\":1889204732037648386,\"params\":{},\"published\":0,\"updateBy\":\"admin\",\"updateTime\":\"2025-02-11 15:05:01\"}', '{\"msg\":\"操作成功\",\"code\":200}', 0, NULL, '2025-02-11 15:05:02', 6);
INSERT INTO `sys_oper_log` VALUES (892, '考试管理', 2, 'com.eduflex.manage.controller.ExamController.edit()', 'PUT', 1, 'admin', '研发部门', '/manage/exam', '127.0.0.1', '内网IP', '{\"id\":1889204732037648386,\"limited\":0,\"params\":{},\"published\":1,\"updateBy\":\"admin\",\"updateTime\":\"2025-02-11 15:05:04\"}', '{\"msg\":\"操作成功\",\"code\":200}', 0, NULL, '2025-02-11 15:05:04', 7);
INSERT INTO `sys_oper_log` VALUES (893, '考试管理', 2, 'com.eduflex.manage.controller.ExamController.edit()', 'PUT', 1, 'admin', '研发部门', '/manage/exam', '127.0.0.1', '内网IP', '{\"id\":1889204732037648386,\"params\":{},\"published\":0,\"updateBy\":\"admin\",\"updateTime\":\"2025-02-11 15:05:05\"}', '{\"msg\":\"操作成功\",\"code\":200}', 0, NULL, '2025-02-11 15:05:05', 7);
INSERT INTO `sys_oper_log` VALUES (894, '考试管理', 2, 'com.eduflex.manage.controller.ExamController.edit()', 'PUT', 1, 'admin', '研发部门', '/manage/exam', '127.0.0.1', '内网IP', '{\"limited\":0,\"params\":{},\"published\":1,\"updateBy\":\"admin\",\"updateTime\":\"2025-02-11 15:26:35\"}', '{\"msg\":\"操作失败\",\"code\":500}', 0, NULL, '2025-02-11 15:26:35', 6);
INSERT INTO `sys_oper_log` VALUES (895, '考试管理', 2, 'com.eduflex.manage.controller.ExamController.edit()', 'PUT', 1, 'admin', '研发部门', '/manage/exam', '127.0.0.1', '内网IP', '{\"limited\":0,\"params\":{},\"published\":1,\"updateBy\":\"admin\",\"updateTime\":\"2025-02-11 15:26:36\"}', '{\"msg\":\"操作失败\",\"code\":500}', 0, NULL, '2025-02-11 15:26:36', 5);
INSERT INTO `sys_oper_log` VALUES (896, '考试管理', 2, 'com.eduflex.manage.controller.ExamController.edit()', 'PUT', 1, 'admin', '研发部门', '/manage/exam', '127.0.0.1', '内网IP', '{\"id\":1889194847937986562,\"limited\":0,\"params\":{},\"published\":1,\"updateBy\":\"admin\",\"updateTime\":\"2025-02-11 15:27:10\"}', '{\"msg\":\"操作成功\",\"code\":200}', 0, NULL, '2025-02-11 15:27:10', 7);
INSERT INTO `sys_oper_log` VALUES (897, '考试管理', 2, 'com.eduflex.manage.controller.ExamController.edit()', 'PUT', 1, 'admin', '研发部门', '/manage/exam', '127.0.0.1', '内网IP', '{\"id\":1889194847937986562,\"params\":{},\"status\":1,\"updateBy\":\"admin\",\"updateTime\":\"2025-02-11 15:27:17\"}', '{\"msg\":\"操作成功\",\"code\":200}', 0, NULL, '2025-02-11 15:27:17', 6);
INSERT INTO `sys_oper_log` VALUES (898, '考试管理', 2, 'com.eduflex.manage.controller.ExamController.edit()', 'PUT', 1, 'admin', '研发部门', '/manage/exam', '127.0.0.1', '内网IP', '{\"id\":1889194847937986562,\"params\":{},\"status\":2,\"updateBy\":\"admin\",\"updateTime\":\"2025-02-11 15:27:19\"}', '{\"msg\":\"操作成功\",\"code\":200}', 0, NULL, '2025-02-11 15:27:19', 5);
INSERT INTO `sys_oper_log` VALUES (899, '考试管理', 2, 'com.eduflex.manage.controller.ExamController.edit()', 'PUT', 1, 'admin', '研发部门', '/manage/exam', '127.0.0.1', '内网IP', '{\"id\":1889194847937986562,\"params\":{},\"status\":1,\"updateBy\":\"admin\",\"updateTime\":\"2025-02-11 15:27:21\"}', '{\"msg\":\"操作成功\",\"code\":200}', 0, NULL, '2025-02-11 15:27:21', 5);
INSERT INTO `sys_oper_log` VALUES (900, '考试管理', 2, 'com.eduflex.manage.controller.ExamController.edit()', 'PUT', 1, 'admin', '研发部门', '/manage/exam', '127.0.0.1', '内网IP', '{\"id\":1889194847937986562,\"params\":{},\"status\":2,\"updateBy\":\"admin\",\"updateTime\":\"2025-02-11 15:27:42\"}', '{\"msg\":\"操作成功\",\"code\":200}', 0, NULL, '2025-02-11 15:27:42', 7);
INSERT INTO `sys_oper_log` VALUES (901, '考试管理', 2, 'com.eduflex.manage.controller.ExamController.edit()', 'PUT', 1, 'admin', '研发部门', '/manage/exam', '127.0.0.1', '内网IP', '{\"id\":1889194847937986562,\"params\":{},\"status\":1,\"updateBy\":\"admin\",\"updateTime\":\"2025-02-11 15:27:48\"}', '{\"msg\":\"操作成功\",\"code\":200}', 0, NULL, '2025-02-11 15:27:48', 7);
INSERT INTO `sys_oper_log` VALUES (902, '考试管理', 2, 'com.eduflex.manage.controller.ExamController.edit()', 'PUT', 1, 'admin', '研发部门', '/manage/exam', '127.0.0.1', '内网IP', '{\"id\":1889194847937986562,\"params\":{},\"status\":2,\"updateBy\":\"admin\",\"updateTime\":\"2025-02-11 15:27:50\"}', '{\"msg\":\"操作成功\",\"code\":200}', 0, NULL, '2025-02-11 15:27:50', 6);
INSERT INTO `sys_oper_log` VALUES (903, '试卷管理', 1, 'com.eduflex.manage.controller.PaperController.add()', 'POST', 1, 'admin', '研发部门', '/manage/paper', '127.0.0.1', '内网IP', '{\"courseId\":1,\"id\":1889216533181714434,\"params\":{},\"title\":\"模拟卷2\"}', NULL, 1, '\r\n### Error updating database.  Cause: java.sql.SQLException: Field \'total_score\' doesn\'t have a default value\r\n### The error may exist in com/eduflex/manage/mapper/PaperMapper.java (best guess)\r\n### The error may involve com.eduflex.manage.mapper.PaperMapper.insert-Inline\r\n### The error occurred while setting parameters\r\n### SQL: INSERT INTO tb_paper  ( id, title,  course_id )  VALUES (  ?, ?,  ?  )\r\n### Cause: java.sql.SQLException: Field \'total_score\' doesn\'t have a default value\n; Field \'total_score\' doesn\'t have a default value; nested exception is java.sql.SQLException: Field \'total_score\' doesn\'t have a default value', '2025-02-11 15:34:56', 66);
INSERT INTO `sys_oper_log` VALUES (904, '试卷管理', 1, 'com.eduflex.manage.controller.PaperController.add()', 'POST', 1, 'admin', '研发部门', '/manage/paper', '127.0.0.1', '内网IP', '{\"courseId\":1,\"id\":1889216703864721409,\"params\":{},\"title\":\"模拟卷2\"}', '{\"msg\":\"操作成功\",\"code\":200}', 0, NULL, '2025-02-11 15:35:36', 3);
INSERT INTO `sys_oper_log` VALUES (905, '菜单管理', 2, 'com.eduflex.web.controller.system.SysMenuController.edit()', 'PUT', 1, 'admin', '研发部门', '/system/menu', '127.0.0.1', '内网IP', '{\"children\":[],\"component\":\"manage/paper/index\",\"createTime\":\"2025-01-10 16:32:58\",\"icon\":\"试卷管理\",\"isCache\":\"0\",\"isFrame\":\"1\",\"menuId\":2075,\"menuName\":\"试卷管理\",\"menuType\":\"C\",\"orderNum\":2,\"params\":{},\"parentId\":2068,\"path\":\"paper\",\"perms\":\"manage:paper:list\",\"routeName\":\"\",\"status\":\"0\",\"updateBy\":\"admin\",\"visible\":\"0\"}', '{\"msg\":\"操作成功\",\"code\":200}', 0, NULL, '2025-02-11 15:36:43', 22);
INSERT INTO `sys_oper_log` VALUES (906, '菜单管理', 2, 'com.eduflex.web.controller.system.SysMenuController.edit()', 'PUT', 1, 'admin', '研发部门', '/system/menu', '127.0.0.1', '内网IP', '{\"children\":[],\"component\":\"manage/repo/index\",\"createTime\":\"2025-02-09 20:51:22\",\"icon\":\"#\",\"isCache\":\"0\",\"isFrame\":\"1\",\"menuId\":2131,\"menuName\":\"题库管理\",\"menuType\":\"C\",\"orderNum\":3,\"params\":{},\"parentId\":2068,\"path\":\"repo\",\"perms\":\"manage:repo:list\",\"routeName\":\"\",\"status\":\"0\",\"updateBy\":\"admin\",\"visible\":\"0\"}', '{\"msg\":\"操作成功\",\"code\":200}', 0, NULL, '2025-02-11 15:36:46', 9);
INSERT INTO `sys_oper_log` VALUES (907, '菜单管理', 2, 'com.eduflex.web.controller.system.SysMenuController.edit()', 'PUT', 1, 'admin', '研发部门', '/system/menu', '127.0.0.1', '内网IP', '{\"children\":[],\"component\":\"manage/question/index\",\"createTime\":\"2025-01-10 16:32:58\",\"icon\":\"题目管理\",\"isCache\":\"0\",\"isFrame\":\"1\",\"menuId\":2081,\"menuName\":\"题目管理\",\"menuType\":\"C\",\"orderNum\":4,\"params\":{},\"parentId\":2068,\"path\":\"question\",\"perms\":\"manage:question:list\",\"routeName\":\"\",\"status\":\"0\",\"updateBy\":\"admin\",\"visible\":\"0\"}', '{\"msg\":\"操作成功\",\"code\":200}', 0, NULL, '2025-02-11 15:36:49', 9);
INSERT INTO `sys_oper_log` VALUES (908, '代码生成', 6, 'com.eduflex.generator.controller.GenController.importTableSave()', 'POST', 1, 'admin', '研发部门', '/tool/gen/importTable', '127.0.0.1', '内网IP', '{\"tables\":\"tb_exam_answer,tb_exam_record\"}', '{\"msg\":\"操作成功\",\"code\":200}', 0, NULL, '2025-02-11 21:23:45', 131);
INSERT INTO `sys_oper_log` VALUES (909, '代码生成', 2, 'com.eduflex.generator.controller.GenController.editSave()', 'PUT', 1, 'admin', '研发部门', '/tool/gen', '127.0.0.1', '内网IP', '{\"businessName\":\"record\",\"className\":\"ExamRecord\",\"columns\":[{\"capJavaField\":\"Id\",\"columnComment\":\"记录ID\",\"columnId\":312,\"columnName\":\"id\",\"columnType\":\"bigint\",\"createBy\":\"admin\",\"createTime\":\"2025-02-11 21:23:45\",\"dictType\":\"\",\"edit\":false,\"htmlType\":\"input\",\"increment\":false,\"insert\":false,\"isIncrement\":\"0\",\"isInsert\":\"0\",\"isPk\":\"1\",\"isRequired\":\"0\",\"javaField\":\"id\",\"javaType\":\"Long\",\"list\":false,\"params\":{},\"pk\":true,\"query\":false,\"queryType\":\"EQ\",\"required\":false,\"sort\":1,\"superColumn\":false,\"tableId\":35,\"updateBy\":\"\",\"usableColumn\":false},{\"capJavaField\":\"ExamId\",\"columnComment\":\"考试ID\",\"columnId\":313,\"columnName\":\"exam_id\",\"columnType\":\"bigint\",\"createBy\":\"admin\",\"createTime\":\"2025-02-11 21:23:45\",\"dictType\":\"\",\"edit\":true,\"htmlType\":\"input\",\"increment\":false,\"insert\":true,\"isEdit\":\"1\",\"isIncrement\":\"0\",\"isInsert\":\"1\",\"isList\":\"1\",\"isPk\":\"0\",\"isQuery\":\"1\",\"isRequired\":\"1\",\"javaField\":\"examId\",\"javaType\":\"Long\",\"list\":true,\"params\":{},\"pk\":false,\"query\":true,\"queryType\":\"EQ\",\"required\":true,\"sort\":2,\"superColumn\":false,\"tableId\":35,\"updateBy\":\"\",\"usableColumn\":false},{\"capJavaField\":\"UserId\",\"columnComment\":\"关联用户ID\",\"columnId\":314,\"columnName\":\"user_id\",\"columnType\":\"bigint\",\"createBy\":\"admin\",\"createTime\":\"2025-02-11 21:23:45\",\"dictType\":\"\",\"edit\":true,\"htmlType\":\"input\",\"increment\":false,\"insert\":true,\"isEdit\":\"1\",\"isIncrement\":\"0\",\"isInsert\":\"1\",\"isList\":\"1\",\"isPk\":\"0\",\"isQuery\":\"1\",\"isRequired\":\"1\",\"javaField\":\"userId\",\"javaType\":\"Long\",\"list\":true,\"params\":{},\"pk\":false,\"query\":true,\"queryType\":\"EQ\",\"required\":true,\"sort\":3,\"superColumn\":false,\"tableId\":35,\"updateBy\":\"\",\"usableColumn\":false},{\"capJavaField\":\"Score\",\"columnComment\":\"分数\",\"columnId\":315,\"columnName\":\"score\",\"columnType\":\"int\",\"createBy\":\"admin\",\"createTime\":\"2025-02-11 21:23:45\",\"dictType\":\"\",\"edit\":true,\"htmlType\":\"input\",\"increment\":false,\"insert\":true,\"isEdit\":\"1\",\"isIncrement\":\"0\",\"isInsert\":\"1\",\"isList\":\"1\",\"isPk\":\"0\",\"isQuery\":\"1\",\"isRequired\":\"0\",\"javaField\":\"score\",\"javaType\":\"Long\",\"l', '{\"msg\":\"操作成功\",\"code\":200}', 0, NULL, '2025-02-11 21:24:43', 158);
INSERT INTO `sys_oper_log` VALUES (910, '字典类型', 3, 'com.eduflex.web.controller.system.SysDictTypeController.remove()', 'DELETE', 1, 'admin', '研发部门', '/system/dict/type/101', '127.0.0.1', '内网IP', '{}', NULL, 1, '课程状态已分配,不能删除', '2025-02-11 21:47:22', 16);
INSERT INTO `sys_oper_log` VALUES (911, '字典类型', 3, 'com.eduflex.web.controller.system.SysDictDataController.remove()', 'DELETE', 1, 'admin', '研发部门', '/system/dict/data/102', '127.0.0.1', '内网IP', '{}', '{\"msg\":\"操作成功\",\"code\":200}', 0, NULL, '2025-02-11 21:47:27', 34);
INSERT INTO `sys_oper_log` VALUES (912, '字典类型', 3, 'com.eduflex.web.controller.system.SysDictDataController.remove()', 'DELETE', 1, 'admin', '研发部门', '/system/dict/data/103,104', '127.0.0.1', '内网IP', '{}', '{\"msg\":\"操作成功\",\"code\":200}', 0, NULL, '2025-02-11 21:47:30', 30);
INSERT INTO `sys_oper_log` VALUES (913, '字典类型', 3, 'com.eduflex.web.controller.system.SysDictTypeController.remove()', 'DELETE', 1, 'admin', '研发部门', '/system/dict/type/101', '127.0.0.1', '内网IP', '{}', '{\"msg\":\"操作成功\",\"code\":200}', 0, NULL, '2025-02-11 21:47:34', 20);
INSERT INTO `sys_oper_log` VALUES (914, '字典类型', 2, 'com.eduflex.web.controller.system.SysDictTypeController.edit()', 'PUT', 1, 'admin', '研发部门', '/system/dict/type', '127.0.0.1', '内网IP', '{\"createBy\":\"admin\",\"createTime\":\"2025-01-24 16:55:13\",\"dictId\":106,\"dictName\":\"通用状态\",\"dictType\":\"common_status\",\"params\":{},\"remark\":\"学习状态\",\"status\":\"0\",\"updateBy\":\"admin\"}', '{\"msg\":\"操作成功\",\"code\":200}', 0, NULL, '2025-02-11 21:49:07', 45);
INSERT INTO `sys_oper_log` VALUES (915, '字典类型', 2, 'com.eduflex.web.controller.system.SysDictTypeController.edit()', 'PUT', 1, 'admin', '研发部门', '/system/dict/type', '127.0.0.1', '内网IP', '{\"createBy\":\"admin\",\"createTime\":\"2025-01-24 16:55:13\",\"dictId\":106,\"dictName\":\"通用状态\",\"dictType\":\"common_status\",\"params\":{},\"remark\":\"通用状态\",\"status\":\"0\",\"updateBy\":\"admin\"}', '{\"msg\":\"操作成功\",\"code\":200}', 0, NULL, '2025-02-11 21:49:19', 23);
INSERT INTO `sys_oper_log` VALUES (916, '字典类型', 3, 'com.eduflex.web.controller.system.SysDictDataController.remove()', 'DELETE', 1, 'admin', '研发部门', '/system/dict/data/124', '127.0.0.1', '内网IP', '{}', '{\"msg\":\"操作成功\",\"code\":200}', 0, NULL, '2025-02-11 21:50:23', 14);
INSERT INTO `sys_oper_log` VALUES (917, '字典类型', 3, 'com.eduflex.web.controller.system.SysDictDataController.remove()', 'DELETE', 1, 'admin', '研发部门', '/system/dict/data/125,126', '127.0.0.1', '内网IP', '{}', '{\"msg\":\"操作成功\",\"code\":200}', 0, NULL, '2025-02-11 21:50:26', 30);
INSERT INTO `sys_oper_log` VALUES (918, '字典类型', 3, 'com.eduflex.web.controller.system.SysDictTypeController.remove()', 'DELETE', 1, 'admin', '研发部门', '/system/dict/type/107', '127.0.0.1', '内网IP', '{}', '{\"msg\":\"操作成功\",\"code\":200}', 0, NULL, '2025-02-11 21:50:30', 13);
INSERT INTO `sys_oper_log` VALUES (919, '字典类型', 1, 'com.eduflex.web.controller.system.SysDictTypeController.add()', 'POST', 1, 'admin', '研发部门', '/system/dict/type', '127.0.0.1', '内网IP', '{\"createBy\":\"admin\",\"dictName\":\"考试通过状态\",\"dictType\":\"exam_passed\",\"params\":{},\"remark\":\"考试通过状态\",\"status\":\"0\"}', '{\"msg\":\"操作成功\",\"code\":200}', 0, NULL, '2025-02-11 22:04:42', 131);
INSERT INTO `sys_oper_log` VALUES (920, '字典数据', 1, 'com.eduflex.web.controller.system.SysDictDataController.add()', 'POST', 1, 'admin', '研发部门', '/system/dict/data', '127.0.0.1', '内网IP', '{\"createBy\":\"admin\",\"cssClass\":\"\",\"default\":false,\"dictLabel\":\"未通过\",\"dictSort\":1,\"dictType\":\"exam_passed\",\"dictValue\":\"0\",\"listClass\":\"danger\",\"params\":{},\"status\":\"0\"}', '{\"msg\":\"操作成功\",\"code\":200}', 0, NULL, '2025-02-11 22:05:33', 16);
INSERT INTO `sys_oper_log` VALUES (921, '字典数据', 2, 'com.eduflex.web.controller.system.SysDictDataController.edit()', 'PUT', 1, 'admin', '研发部门', '/system/dict/data', '127.0.0.1', '内网IP', '{\"createBy\":\"admin\",\"createTime\":\"2025-02-11 22:05:33\",\"cssClass\":\"plain\",\"default\":false,\"dictCode\":129,\"dictLabel\":\"未通过\",\"dictSort\":1,\"dictType\":\"exam_passed\",\"dictValue\":\"0\",\"isDefault\":\"N\",\"listClass\":\"danger\",\"params\":{},\"status\":\"0\",\"updateBy\":\"admin\"}', '{\"msg\":\"操作成功\",\"code\":200}', 0, NULL, '2025-02-11 22:05:39', 28);
INSERT INTO `sys_oper_log` VALUES (922, '字典数据', 2, 'com.eduflex.web.controller.system.SysDictDataController.edit()', 'PUT', 1, 'admin', '研发部门', '/system/dict/data', '127.0.0.1', '内网IP', '{\"createBy\":\"admin\",\"createTime\":\"2025-02-11 22:05:33\",\"cssClass\":\"\",\"default\":false,\"dictCode\":129,\"dictLabel\":\"未通过\",\"dictSort\":1,\"dictType\":\"exam_passed\",\"dictValue\":\"0\",\"isDefault\":\"N\",\"listClass\":\"danger\",\"params\":{},\"status\":\"0\",\"updateBy\":\"admin\"}', '{\"msg\":\"操作成功\",\"code\":200}', 0, NULL, '2025-02-11 22:05:42', 15);
INSERT INTO `sys_oper_log` VALUES (923, '字典数据', 1, 'com.eduflex.web.controller.system.SysDictDataController.add()', 'POST', 1, 'admin', '研发部门', '/system/dict/data', '127.0.0.1', '内网IP', '{\"createBy\":\"admin\",\"default\":false,\"dictLabel\":\"通过\",\"dictSort\":2,\"dictType\":\"exam_passed\",\"dictValue\":\"1\",\"listClass\":\"success\",\"params\":{},\"status\":\"0\"}', '{\"msg\":\"操作成功\",\"code\":200}', 0, NULL, '2025-02-11 22:05:52', 14);
INSERT INTO `sys_oper_log` VALUES (924, '代码生成', 2, 'com.eduflex.generator.controller.GenController.editSave()', 'PUT', 1, 'admin', '研发部门', '/tool/gen', '127.0.0.1', '内网IP', '{\"businessName\":\"examAnswer\",\"className\":\"ExamAnswer\",\"columns\":[{\"capJavaField\":\"Id\",\"columnComment\":\"记录ID\",\"columnId\":308,\"columnName\":\"id\",\"columnType\":\"bigint\",\"createBy\":\"admin\",\"createTime\":\"2025-02-11 21:23:45\",\"dictType\":\"\",\"edit\":false,\"htmlType\":\"input\",\"increment\":false,\"insert\":false,\"isIncrement\":\"0\",\"isInsert\":\"0\",\"isPk\":\"1\",\"isRequired\":\"0\",\"javaField\":\"id\",\"javaType\":\"Long\",\"list\":false,\"params\":{},\"pk\":true,\"query\":false,\"queryType\":\"EQ\",\"required\":false,\"sort\":1,\"superColumn\":false,\"tableId\":34,\"updateBy\":\"\",\"usableColumn\":false},{\"capJavaField\":\"RecordId\",\"columnComment\":\"考试记录ID\",\"columnId\":309,\"columnName\":\"record_id\",\"columnType\":\"bigint\",\"createBy\":\"admin\",\"createTime\":\"2025-02-11 21:23:45\",\"dictType\":\"\",\"edit\":true,\"htmlType\":\"input\",\"increment\":false,\"insert\":true,\"isEdit\":\"1\",\"isIncrement\":\"0\",\"isInsert\":\"1\",\"isList\":\"1\",\"isPk\":\"0\",\"isQuery\":\"1\",\"isRequired\":\"1\",\"javaField\":\"recordId\",\"javaType\":\"Long\",\"list\":true,\"params\":{},\"pk\":false,\"query\":true,\"queryType\":\"EQ\",\"required\":true,\"sort\":2,\"superColumn\":false,\"tableId\":34,\"updateBy\":\"\",\"usableColumn\":false},{\"capJavaField\":\"QuestionId\",\"columnComment\":\"题目ID\",\"columnId\":310,\"columnName\":\"question_id\",\"columnType\":\"bigint\",\"createBy\":\"admin\",\"createTime\":\"2025-02-11 21:23:45\",\"dictType\":\"\",\"edit\":true,\"htmlType\":\"input\",\"increment\":false,\"insert\":true,\"isEdit\":\"1\",\"isIncrement\":\"0\",\"isInsert\":\"1\",\"isList\":\"1\",\"isPk\":\"0\",\"isQuery\":\"1\",\"isRequired\":\"1\",\"javaField\":\"questionId\",\"javaType\":\"Long\",\"list\":true,\"params\":{},\"pk\":false,\"query\":true,\"queryType\":\"EQ\",\"required\":true,\"sort\":3,\"superColumn\":false,\"tableId\":34,\"updateBy\":\"\",\"usableColumn\":false},{\"capJavaField\":\"Answer\",\"columnComment\":\"答案\",\"columnId\":311,\"columnName\":\"answer\",\"columnType\":\"varchar(255)\",\"createBy\":\"admin\",\"createTime\":\"2025-02-11 21:23:45\",\"dictType\":\"\",\"edit\":true,\"htmlType\":\"input\",\"increment\":false,\"insert\":true,\"isEdit\":\"1\",\"isIncrement\":\"0\",\"isInsert\":\"1\",\"isList\":\"1\",\"isPk\":\"0\",\"isQuery\":\"1\",\"isRequired\":\"0\",\"javaFi', '{\"msg\":\"操作成功\",\"code\":200}', 0, NULL, '2025-02-11 22:44:39', 91);
INSERT INTO `sys_oper_log` VALUES (925, '代码生成', 8, 'com.eduflex.generator.controller.GenController.batchGenCode()', 'GET', 1, 'admin', '研发部门', '/tool/gen/batchGenCode', '127.0.0.1', '内网IP', '{\"tables\":\"tb_exam_answer\"}', NULL, 0, NULL, '2025-02-11 22:46:37', 87);
INSERT INTO `sys_oper_log` VALUES (926, '角色管理', 2, 'com.eduflex.web.controller.system.SysRoleController.edit()', 'PUT', 1, 'admin', '研发部门', '/system/role', '127.0.0.1', '内网IP', '{\"admin\":false,\"createTime\":\"2024-10-05 23:47:42\",\"dataScope\":\"1\",\"deleted\":0,\"deptCheckStrictly\":true,\"flag\":false,\"menuCheckStrictly\":true,\"menuIds\":[2000,2025,2031,2125,2088,2100,2101,2107,2119,2026,2030,2032,2033,2034,2035,2036,2037,2126,2130,2056,2057,2058,2059,2060,2061,2044,2045,2046,2047,2048,2049,2050,2051,2052,2053,2054,2055,2068,2143,2144,2145,2146,2147,2148,2075,2076,2077,2078,2079,2080,2131,2132,2133,2134,2135,2136,2081,2082,2083,2084,2085,2086,2089,2093,2102,2108,2112,2120],\"params\":{},\"remark\":\"教师\",\"roleId\":3,\"roleKey\":\"teacher\",\"roleName\":\"教师\",\"roleSort\":3,\"status\":\"0\",\"updateBy\":\"admin\"}', '{\"msg\":\"操作成功\",\"code\":200}', 0, NULL, '2025-02-12 21:22:57', 58);
INSERT INTO `sys_oper_log` VALUES (927, '角色管理', 2, 'com.eduflex.web.controller.system.SysRoleController.edit()', 'PUT', 1, 'admin', '研发部门', '/system/role', '127.0.0.1', '内网IP', '{\"admin\":false,\"createTime\":\"2024-10-05 23:47:42\",\"dataScope\":\"1\",\"deleted\":0,\"deptCheckStrictly\":true,\"flag\":false,\"menuCheckStrictly\":true,\"menuIds\":[2031,2125,2088,2100,2101,2107,2119,2032,2033,2034,2035,2036,2037,2126,2130,2056,2057,2058,2059,2060,2061,2044,2045,2046,2047,2048,2049,2050,2051,2052,2053,2054,2055,2068,2143,2144,2145,2146,2147,2148,2075,2076,2077,2078,2079,2080,2131,2132,2133,2134,2135,2136,2081,2082,2083,2084,2085,2086,2089,2093,2102,2108,2112,2120],\"params\":{},\"remark\":\"教师\",\"roleId\":3,\"roleKey\":\"teacher\",\"roleName\":\"教师\",\"roleSort\":3,\"status\":\"0\",\"updateBy\":\"admin\"}', '{\"msg\":\"操作成功\",\"code\":200}', 0, NULL, '2025-02-12 21:24:35', 28);
INSERT INTO `sys_oper_log` VALUES (928, '菜单管理', 1, 'com.eduflex.web.controller.system.SysMenuController.add()', 'POST', 1, 'admin', '研发部门', '/system/menu', '127.0.0.1', '内网IP', '{\"children\":[],\"createBy\":\"admin\",\"icon\":\"dashboard\",\"isCache\":\"0\",\"isFrame\":\"1\",\"menuName\":\"首页\",\"menuType\":\"M\",\"orderNum\":1,\"params\":{},\"parentId\":0,\"path\":\"/index\",\"status\":\"0\",\"visible\":\"0\"}', '{\"msg\":\"操作成功\",\"code\":200}', 0, NULL, '2025-02-12 22:26:40', 34);
INSERT INTO `sys_oper_log` VALUES (929, '菜单管理', 2, 'com.eduflex.web.controller.system.SysMenuController.edit()', 'PUT', 1, 'admin', '研发部门', '/system/menu', '127.0.0.1', '内网IP', '{\"children\":[],\"createTime\":\"2024-10-05 14:55:21\",\"icon\":\"基础管理\",\"isCache\":\"0\",\"isFrame\":\"1\",\"menuId\":2000,\"menuName\":\"基础管理\",\"menuType\":\"M\",\"orderNum\":1,\"params\":{},\"parentId\":0,\"path\":\"base\",\"perms\":\"\",\"routeName\":\"\",\"status\":\"0\",\"updateBy\":\"admin\",\"visible\":\"0\"}', '{\"msg\":\"操作成功\",\"code\":200}', 0, NULL, '2025-02-12 22:26:44', 19);
INSERT INTO `sys_oper_log` VALUES (930, '菜单管理', 2, 'com.eduflex.web.controller.system.SysMenuController.edit()', 'PUT', 1, 'admin', '研发部门', '/system/menu', '127.0.0.1', '内网IP', '{\"children\":[],\"createTime\":\"2024-10-05 14:55:21\",\"icon\":\"基础管理\",\"isCache\":\"0\",\"isFrame\":\"1\",\"menuId\":2000,\"menuName\":\"基础管理\",\"menuType\":\"M\",\"orderNum\":1,\"params\":{},\"parentId\":0,\"path\":\"base\",\"perms\":\"\",\"routeName\":\"\",\"status\":\"0\",\"updateBy\":\"admin\",\"visible\":\"0\"}', '{\"msg\":\"操作成功\",\"code\":200}', 0, NULL, '2025-02-12 22:26:51', 19);
INSERT INTO `sys_oper_log` VALUES (931, '菜单管理', 2, 'com.eduflex.web.controller.system.SysMenuController.edit()', 'PUT', 1, 'admin', '研发部门', '/system/menu', '127.0.0.1', '内网IP', '{\"children\":[],\"createTime\":\"2024-10-05 14:55:21\",\"icon\":\"基础管理\",\"isCache\":\"0\",\"isFrame\":\"1\",\"menuId\":2000,\"menuName\":\"基础管理\",\"menuType\":\"M\",\"orderNum\":2,\"params\":{},\"parentId\":0,\"path\":\"base\",\"perms\":\"\",\"routeName\":\"\",\"status\":\"0\",\"updateBy\":\"admin\",\"visible\":\"0\"}', '{\"msg\":\"操作成功\",\"code\":200}', 0, NULL, '2025-02-12 22:26:55', 15);
INSERT INTO `sys_oper_log` VALUES (932, '菜单管理', 2, 'com.eduflex.web.controller.system.SysMenuController.edit()', 'PUT', 1, 'admin', '研发部门', '/system/menu', '127.0.0.1', '内网IP', '{\"children\":[],\"component\":\"index\",\"createTime\":\"2025-02-12 22:26:40\",\"icon\":\"dashboard\",\"isCache\":\"0\",\"isFrame\":\"1\",\"menuId\":2149,\"menuName\":\"首页\",\"menuType\":\"C\",\"orderNum\":1,\"params\":{},\"parentId\":0,\"path\":\"/index\",\"perms\":\"\",\"routeName\":\"\",\"status\":\"0\",\"updateBy\":\"admin\",\"visible\":\"0\"}', '{\"msg\":\"操作成功\",\"code\":200}', 0, NULL, '2025-02-12 22:27:33', 23);
INSERT INTO `sys_oper_log` VALUES (933, '菜单管理', 2, 'com.eduflex.web.controller.system.SysMenuController.edit()', 'PUT', 1, 'admin', '研发部门', '/system/menu', '127.0.0.1', '内网IP', '{\"children\":[],\"component\":\"index\",\"createTime\":\"2025-02-12 22:26:40\",\"icon\":\"dashboard\",\"isCache\":\"0\",\"isFrame\":\"1\",\"menuId\":2149,\"menuName\":\"首页\",\"menuType\":\"C\",\"orderNum\":1,\"params\":{},\"parentId\":0,\"path\":\"index\",\"perms\":\"\",\"routeName\":\"\",\"status\":\"0\",\"updateBy\":\"admin\",\"visible\":\"0\"}', '{\"msg\":\"操作成功\",\"code\":200}', 0, NULL, '2025-02-12 22:28:04', 18);
INSERT INTO `sys_oper_log` VALUES (934, '菜单管理', 2, 'com.eduflex.web.controller.system.SysMenuController.edit()', 'PUT', 1, 'admin', '研发部门', '/system/menu', '127.0.0.1', '内网IP', '{\"children\":[],\"component\":\"/index\",\"createTime\":\"2025-02-12 22:26:40\",\"icon\":\"dashboard\",\"isCache\":\"0\",\"isFrame\":\"1\",\"menuId\":2149,\"menuName\":\"首页\",\"menuType\":\"C\",\"orderNum\":1,\"params\":{},\"parentId\":0,\"path\":\"index\",\"perms\":\"\",\"routeName\":\"\",\"status\":\"0\",\"updateBy\":\"admin\",\"visible\":\"0\"}', '{\"msg\":\"操作成功\",\"code\":200}', 0, NULL, '2025-02-12 22:28:32', 19);
INSERT INTO `sys_oper_log` VALUES (935, '菜单管理', 2, 'com.eduflex.web.controller.system.SysMenuController.edit()', 'PUT', 1, 'admin', '研发部门', '/system/menu', '127.0.0.1', '内网IP', '{\"children\":[],\"component\":\"index\",\"createTime\":\"2025-02-12 22:26:40\",\"icon\":\"dashboard\",\"isCache\":\"0\",\"isFrame\":\"1\",\"menuId\":2149,\"menuName\":\"首页\",\"menuType\":\"C\",\"orderNum\":1,\"params\":{},\"parentId\":0,\"path\":\"index\",\"perms\":\"\",\"routeName\":\"\",\"status\":\"0\",\"updateBy\":\"admin\",\"visible\":\"0\"}', '{\"msg\":\"操作成功\",\"code\":200}', 0, NULL, '2025-02-12 22:28:41', 20);
INSERT INTO `sys_oper_log` VALUES (936, '角色管理', 2, 'com.eduflex.web.controller.system.SysRoleController.edit()', 'PUT', 1, 'admin', '研发部门', '/system/role', '127.0.0.1', '内网IP', '{\"admin\":false,\"createTime\":\"2024-10-05 23:47:42\",\"dataScope\":\"1\",\"deleted\":0,\"deptCheckStrictly\":true,\"flag\":false,\"menuCheckStrictly\":true,\"menuIds\":[2031,2125,2088,2100,2101,2107,2119,2149,2032,2033,2034,2035,2036,2037,2126,2130,2056,2057,2058,2059,2060,2061,2044,2045,2046,2047,2048,2049,2050,2051,2052,2053,2054,2055,2068,2143,2144,2145,2146,2147,2148,2075,2076,2077,2078,2079,2080,2131,2132,2133,2134,2135,2136,2081,2082,2083,2084,2085,2086,2089,2093,2102,2108,2112,2120],\"params\":{},\"remark\":\"教师\",\"roleId\":3,\"roleKey\":\"teacher\",\"roleName\":\"教师\",\"roleSort\":3,\"status\":\"0\",\"updateBy\":\"admin\"}', '{\"msg\":\"操作成功\",\"code\":200}', 0, NULL, '2025-02-12 22:43:51', 102);
INSERT INTO `sys_oper_log` VALUES (937, '菜单管理', 2, 'com.eduflex.web.controller.system.SysMenuController.edit()', 'PUT', 1, 'admin', '研发部门', '/system/menu', '127.0.0.1', '内网IP', '{\"children\":[],\"component\":\"manage/teacher/index\",\"createTime\":\"2024-10-05 23:35:45\",\"icon\":\"教师管理\",\"isCache\":\"0\",\"isFrame\":\"1\",\"menuId\":2019,\"menuName\":\"教师管理\",\"menuType\":\"C\",\"orderNum\":1,\"params\":{},\"parentId\":2000,\"path\":\"admin/teacher\",\"perms\":\"manage:teacher:list\",\"routeName\":\"\",\"status\":\"0\",\"updateBy\":\"admin\",\"visible\":\"0\"}', '{\"msg\":\"操作成功\",\"code\":200}', 0, NULL, '2025-02-12 23:29:07', 18);
INSERT INTO `sys_oper_log` VALUES (938, '菜单管理', 2, 'com.eduflex.web.controller.system.SysMenuController.edit()', 'PUT', 1, 'admin', '研发部门', '/system/menu', '127.0.0.1', '内网IP', '{\"children\":[],\"component\":\"manage/teacher/index\",\"createTime\":\"2024-10-05 23:35:45\",\"icon\":\"教师管理\",\"isCache\":\"0\",\"isFrame\":\"1\",\"menuId\":2019,\"menuName\":\"教师管理\",\"menuType\":\"C\",\"orderNum\":1,\"params\":{},\"parentId\":2000,\"path\":\"teacher\",\"perms\":\"manage:teacher:list\",\"routeName\":\"\",\"status\":\"0\",\"updateBy\":\"admin\",\"visible\":\"0\"}', '{\"msg\":\"操作成功\",\"code\":200}', 0, NULL, '2025-02-12 23:29:42', 15);
INSERT INTO `sys_oper_log` VALUES (939, '菜单管理', 2, 'com.eduflex.web.controller.system.SysMenuController.edit()', 'PUT', 1, 'admin', '研发部门', '/system/menu', '127.0.0.1', '内网IP', '{\"children\":[],\"createTime\":\"2024-10-05 14:55:21\",\"icon\":\"基础管理\",\"isCache\":\"0\",\"isFrame\":\"1\",\"menuId\":2000,\"menuName\":\"基础管理\",\"menuType\":\"M\",\"orderNum\":2,\"params\":{},\"parentId\":0,\"path\":\"admin/base\",\"perms\":\"\",\"routeName\":\"\",\"status\":\"0\",\"updateBy\":\"admin\",\"visible\":\"0\"}', '{\"msg\":\"操作成功\",\"code\":200}', 0, NULL, '2025-02-12 23:29:50', 14);
INSERT INTO `sys_oper_log` VALUES (940, '菜单管理', 2, 'com.eduflex.web.controller.system.SysMenuController.edit()', 'PUT', 1, 'admin', '研发部门', '/system/menu', '127.0.0.1', '内网IP', '{\"children\":[],\"component\":\"index\",\"createTime\":\"2025-02-12 22:26:40\",\"icon\":\"dashboard\",\"isCache\":\"0\",\"isFrame\":\"1\",\"menuId\":2149,\"menuName\":\"首页\",\"menuType\":\"C\",\"orderNum\":1,\"params\":{},\"parentId\":0,\"path\":\"admin/index\",\"perms\":\"\",\"routeName\":\"\",\"status\":\"0\",\"updateBy\":\"admin\",\"visible\":\"0\"}', '{\"msg\":\"操作成功\",\"code\":200}', 0, NULL, '2025-02-12 23:30:19', 13);
INSERT INTO `sys_oper_log` VALUES (941, '代码生成', 6, 'com.eduflex.generator.controller.GenController.importTableSave()', 'POST', 1, 'admin', '研发部门', '/tool/gen/importTable', '127.0.0.1', '内网IP', '{\"tables\":\"tb_direction\"}', '{\"msg\":\"操作成功\",\"code\":200}', 0, NULL, '2025-02-12 23:46:39', 106);
INSERT INTO `sys_oper_log` VALUES (942, '代码生成', 2, 'com.eduflex.generator.controller.GenController.editSave()', 'PUT', 1, 'admin', '研发部门', '/tool/gen', '127.0.0.1', '内网IP', '{\"businessName\":\"direction\",\"className\":\"Direction\",\"columns\":[{\"capJavaField\":\"Id\",\"columnComment\":\"主键\",\"columnId\":319,\"columnName\":\"id\",\"columnType\":\"bigint\",\"createBy\":\"admin\",\"createTime\":\"2025-02-12 23:46:39\",\"dictType\":\"\",\"edit\":false,\"htmlType\":\"input\",\"increment\":false,\"insert\":false,\"isIncrement\":\"0\",\"isInsert\":\"0\",\"isPk\":\"0\",\"isRequired\":\"0\",\"javaField\":\"id\",\"javaType\":\"Long\",\"list\":false,\"params\":{},\"pk\":false,\"query\":false,\"queryType\":\"EQ\",\"required\":false,\"sort\":1,\"superColumn\":false,\"tableId\":36,\"updateBy\":\"\",\"usableColumn\":false},{\"capJavaField\":\"Name\",\"columnComment\":\"名称\",\"columnId\":320,\"columnName\":\"name\",\"columnType\":\"varchar(50)\",\"createBy\":\"admin\",\"createTime\":\"2025-02-12 23:46:39\",\"dictType\":\"\",\"edit\":true,\"htmlType\":\"input\",\"increment\":false,\"insert\":true,\"isEdit\":\"1\",\"isIncrement\":\"0\",\"isInsert\":\"1\",\"isList\":\"1\",\"isPk\":\"0\",\"isQuery\":\"1\",\"isRequired\":\"1\",\"javaField\":\"name\",\"javaType\":\"String\",\"list\":true,\"params\":{},\"pk\":false,\"query\":true,\"queryType\":\"LIKE\",\"required\":true,\"sort\":2,\"superColumn\":false,\"tableId\":36,\"updateBy\":\"\",\"usableColumn\":false},{\"capJavaField\":\"Status\",\"columnComment\":\"启用状态(0-禁用 1-启用)\",\"columnId\":321,\"columnName\":\"status\",\"columnType\":\"tinyint\",\"createBy\":\"admin\",\"createTime\":\"2025-02-12 23:46:39\",\"dictType\":\"\",\"edit\":true,\"htmlType\":\"input\",\"increment\":false,\"insert\":true,\"isEdit\":\"1\",\"isIncrement\":\"0\",\"isInsert\":\"1\",\"isList\":\"1\",\"isPk\":\"0\",\"isQuery\":\"1\",\"isRequired\":\"1\",\"javaField\":\"status\",\"javaType\":\"Integer\",\"list\":true,\"params\":{},\"pk\":false,\"query\":true,\"queryType\":\"EQ\",\"required\":true,\"sort\":3,\"superColumn\":false,\"tableId\":36,\"updateBy\":\"\",\"usableColumn\":false},{\"capJavaField\":\"CreateBy\",\"columnComment\":\"创建者\",\"columnId\":322,\"columnName\":\"create_by\",\"columnType\":\"varchar(64)\",\"createBy\":\"admin\",\"createTime\":\"2025-02-12 23:46:39\",\"dictType\":\"\",\"edit\":false,\"htmlType\":\"input\",\"increment\":false,\"insert\":false,\"isIncrement\":\"0\",\"isInsert\":\"0\",\"isPk\":\"0\",\"isRequired\":\"0\",\"javaField\":\"createBy\",\"javaType\":\"String\",\"list\"', '{\"msg\":\"操作成功\",\"code\":200}', 0, NULL, '2025-02-12 23:49:13', 80);
INSERT INTO `sys_oper_log` VALUES (943, '代码生成', 8, 'com.eduflex.generator.controller.GenController.batchGenCode()', 'GET', 1, 'admin', '研发部门', '/tool/gen/batchGenCode', '127.0.0.1', '内网IP', '{\"tables\":\"tb_direction\"}', NULL, 0, NULL, '2025-02-12 23:49:16', 420);
INSERT INTO `sys_oper_log` VALUES (944, '课程方向', 1, 'com.eduflex.manage.direction.controller.DirectionController.add()', 'POST', 1, 'admin', '研发部门', '/manage/direction', '127.0.0.1', '内网IP', '{\"createBy\":\"admin\",\"createTime\":\"2025-02-12 23:58:02\",\"id\":1889705530327379970,\"name\":\"前端开发\",\"params\":{},\"status\":1}', '{\"msg\":\"操作成功\",\"code\":200}', 0, NULL, '2025-02-12 23:58:02', 154);
INSERT INTO `sys_oper_log` VALUES (945, '课程方向', 2, 'com.eduflex.manage.direction.controller.DirectionController.edit()', 'PUT', 1, 'admin', '研发部门', '/manage/direction', '127.0.0.1', '内网IP', '{\"id\":1889705530327379970,\"params\":{},\"status\":0,\"updateBy\":\"admin\",\"updateTime\":\"2025-02-13 00:00:35\"}', '{\"msg\":\"操作成功\",\"code\":200}', 0, NULL, '2025-02-13 00:00:35', 47);
INSERT INTO `sys_oper_log` VALUES (946, '课程方向', 2, 'com.eduflex.manage.direction.controller.DirectionController.edit()', 'PUT', 1, 'admin', '研发部门', '/manage/direction', '127.0.0.1', '内网IP', '{\"id\":1889705530327379970,\"params\":{},\"status\":1,\"updateBy\":\"admin\",\"updateTime\":\"2025-02-13 00:00:37\"}', '{\"msg\":\"操作成功\",\"code\":200}', 0, NULL, '2025-02-13 00:00:37', 11);
INSERT INTO `sys_oper_log` VALUES (947, '课程方向', 2, 'com.eduflex.manage.direction.controller.DirectionController.edit()', 'PUT', 1, 'admin', '研发部门', '/manage/direction', '127.0.0.1', '内网IP', '{\"id\":1889705530327379970,\"params\":{},\"status\":0,\"updateBy\":\"admin\",\"updateTime\":\"2025-02-13 00:01:22\"}', '{\"msg\":\"操作成功\",\"code\":200}', 0, NULL, '2025-02-13 00:01:22', 16);
INSERT INTO `sys_oper_log` VALUES (948, '课程方向', 2, 'com.eduflex.manage.direction.controller.DirectionController.edit()', 'PUT', 1, 'admin', '研发部门', '/manage/direction', '127.0.0.1', '内网IP', '{\"id\":1889705530327379970,\"params\":{},\"status\":1,\"updateBy\":\"admin\",\"updateTime\":\"2025-02-13 00:01:53\"}', '{\"msg\":\"操作成功\",\"code\":200}', 0, NULL, '2025-02-13 00:01:53', 10);
INSERT INTO `sys_oper_log` VALUES (949, '课程方向', 2, 'com.eduflex.manage.direction.controller.DirectionController.edit()', 'PUT', 1, 'admin', '研发部门', '/manage/direction', '127.0.0.1', '内网IP', '{\"id\":1889705530327379970,\"params\":{},\"status\":0,\"updateBy\":\"admin\",\"updateTime\":\"2025-02-13 00:02:04\"}', '{\"msg\":\"操作成功\",\"code\":200}', 0, NULL, '2025-02-13 00:02:04', 11);
INSERT INTO `sys_oper_log` VALUES (950, '课程方向', 2, 'com.eduflex.manage.direction.controller.DirectionController.edit()', 'PUT', 1, 'admin', '研发部门', '/manage/direction', '127.0.0.1', '内网IP', '{\"id\":1889705530327379970,\"params\":{},\"status\":1,\"updateBy\":\"admin\",\"updateTime\":\"2025-02-13 00:02:05\"}', '{\"msg\":\"操作成功\",\"code\":200}', 0, NULL, '2025-02-13 00:02:05', 11);
INSERT INTO `sys_oper_log` VALUES (951, '课程方向', 1, 'com.eduflex.manage.direction.controller.DirectionController.add()', 'POST', 1, 'admin', '研发部门', '/manage/direction', '127.0.0.1', '内网IP', '{\"createBy\":\"admin\",\"createTime\":\"2025-02-13 00:04:43\",\"id\":1889707213995606018,\"name\":\"后端开发\",\"params\":{},\"status\":1}', '{\"msg\":\"操作成功\",\"code\":200}', 0, NULL, '2025-02-13 00:04:43', 192);
INSERT INTO `sys_oper_log` VALUES (952, '课程方向', 1, 'com.eduflex.manage.direction.controller.DirectionController.add()', 'POST', 1, 'admin', '研发部门', '/manage/direction', '127.0.0.1', '内网IP', '{\"createBy\":\"admin\",\"createTime\":\"2025-02-13 00:05:09\",\"id\":1889707324762980353,\"name\":\"移动开发\",\"params\":{},\"status\":1}', '{\"msg\":\"操作成功\",\"code\":200}', 0, NULL, '2025-02-13 00:05:09', 10);
INSERT INTO `sys_oper_log` VALUES (953, '课程方向', 1, 'com.eduflex.manage.direction.controller.DirectionController.add()', 'POST', 1, 'admin', '研发部门', '/manage/direction', '127.0.0.1', '内网IP', '{\"createBy\":\"admin\",\"createTime\":\"2025-02-13 00:05:19\",\"id\":1889707366336921602,\"name\":\"数据库\",\"params\":{},\"status\":1}', '{\"msg\":\"操作成功\",\"code\":200}', 0, NULL, '2025-02-13 00:05:19', 12);
INSERT INTO `sys_oper_log` VALUES (954, '课程方向', 1, 'com.eduflex.manage.direction.controller.DirectionController.add()', 'POST', 1, 'admin', '研发部门', '/manage/direction', '127.0.0.1', '内网IP', '{\"createBy\":\"admin\",\"createTime\":\"2025-02-13 00:06:14\",\"id\":1889707595454877697,\"name\":\"计算机基础\",\"params\":{},\"status\":1}', '{\"msg\":\"操作成功\",\"code\":200}', 0, NULL, '2025-02-13 00:06:14', 159);
INSERT INTO `sys_oper_log` VALUES (955, '课程方向', 1, 'com.eduflex.manage.direction.controller.DirectionController.add()', 'POST', 1, 'admin', '研发部门', '/manage/direction', '127.0.0.1', '内网IP', '{\"createBy\":\"admin\",\"createTime\":\"2025-02-13 00:06:25\",\"id\":1889707641961320449,\"name\":\"UI设计\",\"params\":{},\"status\":1}', '{\"msg\":\"操作成功\",\"code\":200}', 0, NULL, '2025-02-13 00:06:25', 9);
INSERT INTO `sys_oper_log` VALUES (956, '课程方向', 1, 'com.eduflex.manage.direction.controller.DirectionController.add()', 'POST', 1, 'admin', '研发部门', '/manage/direction', '127.0.0.1', '内网IP', '{\"createBy\":\"admin\",\"createTime\":\"2025-02-13 00:06:33\",\"id\":1889707676753072130,\"name\":\"运维&测试\",\"params\":{},\"status\":1}', '{\"msg\":\"操作成功\",\"code\":200}', 0, NULL, '2025-02-13 00:06:33', 11);
INSERT INTO `sys_oper_log` VALUES (957, '课程方向', 1, 'com.eduflex.manage.direction.controller.DirectionController.add()', 'POST', 1, 'admin', '研发部门', '/manage/direction', '127.0.0.1', '内网IP', '{\"createBy\":\"admin\",\"createTime\":\"2025-02-13 00:06:41\",\"id\":1889707708529119234,\"name\":\"游戏\",\"params\":{},\"status\":1}', '{\"msg\":\"操作成功\",\"code\":200}', 0, NULL, '2025-02-13 00:06:41', 15);
INSERT INTO `sys_oper_log` VALUES (958, '课程方向', 1, 'com.eduflex.manage.direction.controller.DirectionController.add()', 'POST', 1, 'admin', '研发部门', '/manage/direction', '127.0.0.1', '内网IP', '{\"createBy\":\"admin\",\"createTime\":\"2025-02-13 00:06:46\",\"id\":1889707731149000706,\"name\":\"前沿技术\",\"params\":{},\"status\":1}', '{\"msg\":\"操作成功\",\"code\":200}', 0, NULL, '2025-02-13 00:06:46', 6);
INSERT INTO `sys_oper_log` VALUES (959, '课程方向', 1, 'com.eduflex.manage.direction.controller.DirectionController.add()', 'POST', 1, 'admin', '研发部门', '/manage/direction', '127.0.0.1', '内网IP', '{\"createBy\":\"admin\",\"createTime\":\"2025-02-13 00:06:53\",\"id\":1889707757073993730,\"name\":\"算法\",\"params\":{},\"status\":1}', '{\"msg\":\"操作成功\",\"code\":200}', 0, NULL, '2025-02-13 00:06:53', 7);
INSERT INTO `sys_oper_log` VALUES (960, '课程分类', 2, 'com.eduflex.manage.category.controller.CategoryController.edit()', 'PUT', 1, 'admin', '研发部门', '/manage/category', '127.0.0.1', '内网IP', '{\"id\":1865772427033673729,\"params\":{},\"status\":0,\"updateBy\":\"admin\"}', '{\"msg\":\"操作成功\",\"code\":200}', 0, NULL, '2025-02-13 00:23:06', 65);
INSERT INTO `sys_oper_log` VALUES (961, '课程分类', 2, 'com.eduflex.manage.category.controller.CategoryController.edit()', 'PUT', 1, 'admin', '研发部门', '/manage/category', '127.0.0.1', '内网IP', '{\"id\":1865772427033673729,\"params\":{},\"status\":1,\"updateBy\":\"admin\"}', '{\"msg\":\"操作成功\",\"code\":200}', 0, NULL, '2025-02-13 00:23:07', 12);
INSERT INTO `sys_oper_log` VALUES (962, '课程分类', 2, 'com.eduflex.manage.category.controller.CategoryController.edit()', 'PUT', 1, 'admin', '研发部门', '/manage/category', '127.0.0.1', '内网IP', '{\"id\":1865772427033673729,\"params\":{},\"status\":0,\"updateBy\":\"admin\"}', '{\"msg\":\"操作成功\",\"code\":200}', 0, NULL, '2025-02-13 00:23:07', 17);
INSERT INTO `sys_oper_log` VALUES (963, '课程分类', 2, 'com.eduflex.manage.category.controller.CategoryController.edit()', 'PUT', 1, 'admin', '研发部门', '/manage/category', '127.0.0.1', '内网IP', '{\"id\":1865772427033673729,\"params\":{},\"status\":1,\"updateBy\":\"admin\"}', '{\"msg\":\"操作成功\",\"code\":200}', 0, NULL, '2025-02-13 00:23:40', 18);
INSERT INTO `sys_oper_log` VALUES (964, '课程分类', 1, 'com.eduflex.manage.category.controller.CategoryController.add()', 'POST', 1, 'admin', '研发部门', '/manage/category', '127.0.0.1', '内网IP', '{\"createBy\":\"admin\",\"directionId\":1889707213995606018,\"id\":1889714096638754817,\"name\":\"PHP\",\"params\":{},\"status\":1}', '{\"msg\":\"操作成功\",\"code\":200}', 0, NULL, '2025-02-13 00:32:04', 145);
INSERT INTO `sys_oper_log` VALUES (965, '课程分类', 1, 'com.eduflex.manage.category.controller.CategoryController.add()', 'POST', 1, 'admin', '研发部门', '/manage/category', '127.0.0.1', '内网IP', '{\"createBy\":\"admin\",\"directionId\":1889705530327379970,\"id\":1889714142264393729,\"name\":\"C\",\"params\":{},\"status\":1}', '{\"msg\":\"操作成功\",\"code\":200}', 0, NULL, '2025-02-13 00:32:15', 7);
INSERT INTO `sys_oper_log` VALUES (966, '菜单管理', 2, 'com.eduflex.web.controller.system.SysMenuController.edit()', 'PUT', 1, 'admin', '研发部门', '/system/menu', '127.0.0.1', '内网IP', '{\"children\":[],\"createTime\":\"2024-10-10 18:47:36\",\"icon\":\"课程管理\",\"isCache\":\"0\",\"isFrame\":\"1\",\"menuId\":2031,\"menuName\":\"课程管理\",\"menuType\":\"M\",\"orderNum\":2,\"params\":{},\"parentId\":0,\"path\":\"admin/course\",\"perms\":\"\",\"routeName\":\"\",\"status\":\"0\",\"updateBy\":\"admin\",\"visible\":\"0\"}', '{\"msg\":\"操作成功\",\"code\":200}', 0, NULL, '2025-02-13 21:12:44', 32);
INSERT INTO `sys_oper_log` VALUES (967, '菜单管理', 2, 'com.eduflex.web.controller.system.SysMenuController.edit()', 'PUT', 1, 'admin', '研发部门', '/system/menu', '127.0.0.1', '内网IP', '{\"children\":[],\"createTime\":\"2025-01-10 15:38:50\",\"icon\":\"题库管理\",\"isCache\":\"0\",\"isFrame\":\"1\",\"menuId\":2068,\"menuName\":\"考试管理\",\"menuType\":\"M\",\"orderNum\":3,\"params\":{},\"parentId\":0,\"path\":\"admin/exams\",\"perms\":\"\",\"routeName\":\"\",\"status\":\"0\",\"updateBy\":\"admin\",\"visible\":\"0\"}', '{\"msg\":\"操作成功\",\"code\":200}', 0, NULL, '2025-02-13 21:12:52', 13);
INSERT INTO `sys_oper_log` VALUES (968, '菜单管理', 2, 'com.eduflex.web.controller.system.SysMenuController.edit()', 'PUT', 1, 'admin', '研发部门', '/system/menu', '127.0.0.1', '内网IP', '{\"children\":[],\"createTime\":\"2025-01-24 16:58:37\",\"icon\":\"#\",\"isCache\":\"0\",\"isFrame\":\"1\",\"menuId\":2100,\"menuName\":\"学习管理\",\"menuType\":\"M\",\"orderNum\":5,\"params\":{},\"parentId\":0,\"path\":\"admin/study\",\"perms\":\"\",\"routeName\":\"\",\"status\":\"0\",\"updateBy\":\"admin\",\"visible\":\"0\"}', '{\"msg\":\"操作成功\",\"code\":200}', 0, NULL, '2025-02-13 21:12:58', 16);
INSERT INTO `sys_oper_log` VALUES (969, '菜单管理', 2, 'com.eduflex.web.controller.system.SysMenuController.edit()', 'PUT', 1, 'admin', '研发部门', '/system/menu', '127.0.0.1', '内网IP', '{\"children\":[],\"component\":\"manage/comment/index\",\"createTime\":\"2025-01-21 13:07:21\",\"icon\":\"评论管理\",\"isCache\":\"0\",\"isFrame\":\"1\",\"menuId\":2088,\"menuName\":\"评论管理\",\"menuType\":\"C\",\"orderNum\":4,\"params\":{},\"parentId\":0,\"path\":\"admin/comment\",\"perms\":\"manage:comment:list\",\"routeName\":\"\",\"status\":\"0\",\"updateBy\":\"admin\",\"visible\":\"0\"}', '{\"msg\":\"操作成功\",\"code\":200}', 0, NULL, '2025-02-13 21:13:05', 13);
INSERT INTO `sys_oper_log` VALUES (970, '菜单管理', 2, 'com.eduflex.web.controller.system.SysMenuController.edit()', 'PUT', 1, 'admin', '研发部门', '/system/menu', '127.0.0.1', '内网IP', '{\"children\":[],\"component\":\"manage/file/index\",\"createTime\":\"2025-01-21 13:07:21\",\"icon\":\"资源管理\",\"isCache\":\"0\",\"isFrame\":\"1\",\"menuId\":2094,\"menuName\":\"资源管理\",\"menuType\":\"C\",\"orderNum\":6,\"params\":{},\"parentId\":0,\"path\":\"admin/file\",\"perms\":\"manage:file:list\",\"routeName\":\"\",\"status\":\"0\",\"updateBy\":\"admin\",\"visible\":\"0\"}', '{\"msg\":\"操作成功\",\"code\":200}', 0, NULL, '2025-02-13 21:13:11', 16);
INSERT INTO `sys_oper_log` VALUES (971, '菜单管理', 2, 'com.eduflex.web.controller.system.SysMenuController.edit()', 'PUT', 1, 'admin', '研发部门', '/system/menu', '127.0.0.1', '内网IP', '{\"children\":[],\"createTime\":\"2024-10-05 13:28:48\",\"icon\":\"monitor\",\"isCache\":\"0\",\"isFrame\":\"1\",\"menuId\":2,\"menuName\":\"系统监控\",\"menuType\":\"M\",\"orderNum\":8,\"params\":{},\"parentId\":0,\"path\":\"admin/monitor\",\"perms\":\"\",\"query\":\"\",\"routeName\":\"\",\"status\":\"0\",\"updateBy\":\"admin\",\"visible\":\"0\"}', '{\"msg\":\"操作成功\",\"code\":200}', 0, NULL, '2025-02-13 21:13:16', 12);
INSERT INTO `sys_oper_log` VALUES (972, '菜单管理', 2, 'com.eduflex.web.controller.system.SysMenuController.edit()', 'PUT', 1, 'admin', '研发部门', '/system/menu', '127.0.0.1', '内网IP', '{\"children\":[],\"createTime\":\"2024-10-05 13:28:48\",\"icon\":\"tool\",\"isCache\":\"0\",\"isFrame\":\"1\",\"menuId\":3,\"menuName\":\"系统工具\",\"menuType\":\"M\",\"orderNum\":9,\"params\":{},\"parentId\":0,\"path\":\"admin/tool\",\"perms\":\"\",\"query\":\"\",\"routeName\":\"\",\"status\":\"0\",\"updateBy\":\"admin\",\"visible\":\"0\"}', '{\"msg\":\"操作成功\",\"code\":200}', 0, NULL, '2025-02-13 21:13:22', 15);
INSERT INTO `sys_oper_log` VALUES (973, '菜单管理', 2, 'com.eduflex.web.controller.system.SysMenuController.edit()', 'PUT', 1, 'admin', '研发部门', '/system/menu', '127.0.0.1', '内网IP', '{\"children\":[],\"createTime\":\"2024-10-05 14:55:21\",\"icon\":\"基础管理\",\"isCache\":\"0\",\"isFrame\":\"1\",\"menuId\":2000,\"menuName\":\"用户管理\",\"menuType\":\"M\",\"orderNum\":2,\"params\":{},\"parentId\":0,\"path\":\"admin/base\",\"perms\":\"\",\"routeName\":\"\",\"status\":\"0\",\"updateBy\":\"admin\",\"visible\":\"0\"}', '{\"msg\":\"操作成功\",\"code\":200}', 0, NULL, '2025-02-14 00:12:23', 51);
INSERT INTO `sys_oper_log` VALUES (974, '参数管理', 2, 'com.eduflex.web.controller.system.SysConfigController.edit()', 'PUT', 1, 'admin', '研发部门', '/system/config', '127.0.0.1', '内网IP', '{\"configId\":5,\"configKey\":\"sys.account.registerUser\",\"configName\":\"账号自助-是否开启用户注册功能\",\"configType\":\"Y\",\"configValue\":\"true\",\"createBy\":\"admin\",\"createTime\":\"2024-10-05 13:28:49\",\"params\":{},\"remark\":\"是否开启注册用户功能（true开启，false关闭）\",\"updateBy\":\"admin\"}', '{\"msg\":\"操作成功\",\"code\":200}', 0, NULL, '2025-02-15 15:12:20', 34);
INSERT INTO `sys_oper_log` VALUES (975, '课程管理', 2, 'com.eduflex.manage.course.controller.CourseController.edit()', 'PUT', 1, 'admin', '研发部门', '/manage/course', '127.0.0.1', '内网IP', '{\"categoryId\":1865777929406795777,\"cover\":1891000268121681922,\"createTime\":\"2024-10-11 13:42:40\",\"deleted\":0,\"description\":\"Java 基础教程\",\"endTime\":\"2024-12-31\",\"id\":1,\"name\":\"Java EE\",\"params\":{},\"startTime\":\"2024-09-03\",\"status\":\"1\",\"teacherId\":100,\"updateBy\":\"admin\",\"updateTime\":\"2024-12-07 14:17:35\"}', '{\"msg\":\"操作成功\",\"code\":200}', 0, NULL, '2025-02-16 13:42:52', 25);
INSERT INTO `sys_oper_log` VALUES (976, '课程管理', 2, 'com.eduflex.manage.course.controller.CourseController.edit()', 'PUT', 1, 'admin', '研发部门', '/manage/course', '127.0.0.1', '内网IP', '{\"categoryId\":1865777547125346306,\"cover\":1891000294214447106,\"createTime\":\"2024-11-23 22:40:10\",\"deleted\":0,\"description\":\"计算机操作系统\",\"endTime\":\"2024-12-18\",\"id\":3,\"name\":\"计算机操作系统\",\"params\":{},\"startTime\":\"2024-09-03\",\"status\":\"1\",\"teacherId\":106,\"updateBy\":\"admin\",\"updateTime\":\"2024-11-23 22:40:09\"}', '{\"msg\":\"操作成功\",\"code\":200}', 0, NULL, '2025-02-16 13:42:58', 12);
INSERT INTO `sys_oper_log` VALUES (977, '课程管理', 2, 'com.eduflex.manage.course.controller.CourseController.edit()', 'PUT', 1, 'admin', '研发部门', '/manage/course', '127.0.0.1', '内网IP', '{\"categoryId\":1865774804440600577,\"cover\":1891000318868566018,\"createBy\":\"admin\",\"createTime\":\"2025-01-14 17:57:16\",\"deleted\":0,\"endTime\":\"2025-01-16\",\"id\":1879105493781590018,\"name\":\"计算机网络\",\"params\":{},\"startTime\":\"2025-01-14\",\"status\":\"1\",\"teacherId\":106,\"updateBy\":\"admin\",\"updateTime\":\"2025-01-14 17:57:16\"}', '{\"msg\":\"操作成功\",\"code\":200}', 0, NULL, '2025-02-16 13:43:04', 13);
INSERT INTO `sys_oper_log` VALUES (978, '课程管理', 2, 'com.eduflex.manage.course.controller.CourseController.edit()', 'PUT', 1, 'admin', '研发部门', '/manage/course', '127.0.0.1', '内网IP', '{\"categoryId\":1865774917003137026,\"cover\":1891000365639249921,\"createBy\":\"admin\",\"createTime\":\"2025-01-14 17:58:13\",\"deleted\":0,\"endTime\":\"2025-01-15\",\"id\":1879105733238599681,\"name\":\"高等数学\",\"params\":{},\"startTime\":\"2025-01-13\",\"status\":\"1\",\"teacherId\":100,\"updateBy\":\"admin\",\"updateTime\":\"2025-01-14 17:58:13\"}', '{\"msg\":\"操作成功\",\"code\":200}', 0, NULL, '2025-02-16 13:43:15', 16);
INSERT INTO `sys_oper_log` VALUES (979, '课程管理', 2, 'com.eduflex.manage.course.controller.CourseController.edit()', 'PUT', 1, 'admin', '研发部门', '/manage/course', '127.0.0.1', '内网IP', '{\"categoryId\":1888589040311214082,\"cover\":1891000384131936257,\"createBy\":\"admin\",\"createTime\":\"2025-02-09 22:01:52\",\"deleted\":0,\"endTime\":\"2025-02-13\",\"id\":1888589132753674241,\"name\":\"Python入门\",\"params\":{},\"startTime\":\"2025-01-29\",\"status\":\"1\",\"teacherId\":100,\"updateBy\":\"admin\",\"updateTime\":\"2025-02-09 22:01:52\"}', '{\"msg\":\"操作成功\",\"code\":200}', 0, NULL, '2025-02-16 13:43:20', 8);
INSERT INTO `sys_oper_log` VALUES (980, '菜单管理', 2, 'com.eduflex.web.controller.system.SysMenuController.edit()', 'PUT', 1, 'admin', '研发部门', '/system/menu', '127.0.0.1', '内网IP', '{\"children\":[],\"createTime\":\"2024-10-05 13:28:48\",\"icon\":\"system\",\"isCache\":\"0\",\"isFrame\":\"1\",\"menuId\":1,\"menuName\":\"系统管理\",\"menuType\":\"M\",\"orderNum\":7,\"params\":{},\"parentId\":0,\"path\":\"admin/system\",\"perms\":\"\",\"query\":\"\",\"routeName\":\"\",\"status\":\"0\",\"updateBy\":\"admin\",\"visible\":\"0\"}', '{\"msg\":\"操作成功\",\"code\":200}', 0, NULL, '2025-02-16 14:32:07', 45);
INSERT INTO `sys_oper_log` VALUES (981, '课程资料', 1, 'com.eduflex.manage.course_material.controller.CourseMaterialController.add()', 'POST', 1, 'admin', '研发部门', '/manage/material', '127.0.0.1', '内网IP', '{\"chapterId\":1876896403235938306,\"fileId\":1891015347255906306,\"id\":1891015365740204033,\"materialType\":\"3\",\"name\":\"5-2.mp3\",\"params\":{}}', '{\"msg\":\"操作成功\",\"code\":200}', 0, NULL, '2025-02-16 14:42:51', 11);
INSERT INTO `sys_oper_log` VALUES (982, '课程资料', 1, 'com.eduflex.manage.course_material.controller.CourseMaterialController.add()', 'POST', 1, 'admin', '研发部门', '/manage/material', '127.0.0.1', '内网IP', '{\"chapterId\":1876896403235938306,\"fileId\":1891017875910516737,\"id\":1891017977513336833,\"materialType\":\"3\",\"name\":\"5-3.mp3\",\"params\":{}}', '{\"msg\":\"操作成功\",\"code\":200}', 0, NULL, '2025-02-16 14:53:13', 20);
INSERT INTO `sys_oper_log` VALUES (983, '课程资料', 1, 'com.eduflex.manage.course_material.controller.CourseMaterialController.add()', 'POST', 1, 'admin', '研发部门', '/manage/material', '127.0.0.1', '内网IP', '{\"chapterId\":1876896403235938306,\"duration\":76,\"fileId\":1891022531218849793,\"id\":1891022550395207681,\"materialType\":3,\"name\":\"5-3.mp3\",\"params\":{}}', '{\"msg\":\"操作成功\",\"code\":200}', 0, NULL, '2025-02-16 15:11:24', 16);
INSERT INTO `sys_oper_log` VALUES (984, '菜单管理', 2, 'com.eduflex.web.controller.system.SysMenuController.edit()', 'PUT', 1, 'admin', '研发部门', '/system/menu', '127.0.0.1', '内网IP', '{\"children\":[],\"component\":\"index\",\"createTime\":\"2025-02-12 22:26:40\",\"icon\":\"dashboard\",\"isCache\":\"0\",\"isFrame\":\"1\",\"menuId\":2149,\"menuName\":\"首页\",\"menuType\":\"M\",\"orderNum\":1,\"params\":{},\"parentId\":0,\"path\":\"admin/index\",\"perms\":\"\",\"routeName\":\"\",\"status\":\"0\",\"updateBy\":\"admin\",\"visible\":\"0\"}', '{\"msg\":\"操作成功\",\"code\":200}', 0, NULL, '2025-02-16 18:25:20', 25);
INSERT INTO `sys_oper_log` VALUES (985, '课程管理', 1, 'com.eduflex.manage.course.controller.CourseController.add()', 'POST', 1, 'admin', '研发部门', '/manage/course', '127.0.0.1', '内网IP', '{\"categoryId\":1865777929406795777,\"cover\":1891072027041767426,\"createBy\":\"admin\",\"description\":\"深入浅出Java多线程\",\"endTime\":\"2025-02-20\",\"id\":1891072036286013442,\"name\":\"深入浅出Java多线程\",\"params\":{},\"startTime\":\"2025-02-09\",\"status\":\"1\",\"teacherId\":100}', '{\"msg\":\"操作成功\",\"code\":200}', 0, NULL, '2025-02-16 18:28:02', 13);
INSERT INTO `sys_oper_log` VALUES (986, '课程管理', 2, 'com.eduflex.manage.course.controller.CourseController.edit()', 'PUT', 1, 'admin', '研发部门', '/manage/course', '127.0.0.1', '内网IP', '{\"categoryId\":1865777929406795777,\"cover\":1891072068464713729,\"createBy\":\"admin\",\"createTime\":\"2025-02-16 18:28:02\",\"deleted\":0,\"description\":\"深入浅出Java多线程\",\"endTime\":\"2025-02-20\",\"id\":1891072036286013442,\"name\":\"深入浅出Java多线程\",\"params\":{},\"startTime\":\"2025-02-09\",\"status\":\"1\",\"teacherId\":100,\"updateBy\":\"admin\",\"updateTime\":\"2025-02-16 18:28:02\"}', '{\"msg\":\"操作成功\",\"code\":200}', 0, NULL, '2025-02-16 18:28:11', 16);
INSERT INTO `sys_oper_log` VALUES (987, '课程管理', 1, 'com.eduflex.manage.course.controller.CourseController.add()', 'POST', 1, 'admin', '研发部门', '/manage/course', '127.0.0.1', '内网IP', '{\"categoryId\":1865774893179490305,\"cover\":1891072354658852865,\"createBy\":\"admin\",\"description\":\"算法与数据结构\",\"endTime\":\"2025-02-19\",\"id\":1891072368944652289,\"name\":\"算法与数据结构\",\"params\":{},\"startTime\":\"2025-02-10\",\"status\":\"1\",\"teacherId\":112}', '{\"msg\":\"操作成功\",\"code\":200}', 0, NULL, '2025-02-16 18:29:21', 5);
INSERT INTO `sys_oper_log` VALUES (988, '课程管理', 1, 'com.eduflex.manage.course.controller.CourseController.add()', 'POST', 1, 'admin', '研发部门', '/manage/course', '127.0.0.1', '内网IP', '{\"categoryId\":1865777929406795777,\"cover\":1891072518488367105,\"createBy\":\"admin\",\"description\":\"从0开始 独立完成企业级Java电商网站服务端开发\",\"endTime\":\"2025-02-25\",\"id\":1891072528177209345,\"name\":\"从0开始 独立完成企业级Java电商网站服务端开发\",\"params\":{},\"startTime\":\"2025-02-09\",\"status\":\"1\",\"teacherId\":106}', '{\"msg\":\"操作成功\",\"code\":200}', 0, NULL, '2025-02-16 18:29:59', 10);
INSERT INTO `sys_oper_log` VALUES (989, '课程管理', 1, 'com.eduflex.manage.course.controller.CourseController.add()', 'POST', 1, 'admin', '研发部门', '/manage/course', '127.0.0.1', '内网IP', '{\"categoryId\":1865777929406795777,\"cover\":1891072584389271554,\"createBy\":\"admin\",\"endTime\":\"2025-02-19\",\"id\":1891072587992178689,\"name\":\"从0开始 独立完成企业级Java电商网站服务端开发\",\"params\":{},\"startTime\":\"2025-01-29\",\"status\":\"0\",\"teacherId\":112}', '{\"msg\":\"操作成功\",\"code\":200}', 0, NULL, '2025-02-16 18:30:14', 5);
INSERT INTO `sys_oper_log` VALUES (990, '课程管理', 1, 'com.eduflex.manage.course.controller.CourseController.add()', 'POST', 1, 'admin', '研发部门', '/manage/course', '127.0.0.1', '内网IP', '{\"categoryId\":1865777929406795777,\"cover\":1891072649119965186,\"createBy\":\"admin\",\"description\":\"从0开始 独立完成企业级Java电商网站服务端开发\",\"endTime\":\"2025-02-18\",\"id\":1891072653180051457,\"name\":\"从0开始 独立完成企业级Java电商网站服务端开发\",\"params\":{},\"startTime\":\"2025-02-03\",\"status\":\"2\",\"teacherId\":112}', '{\"msg\":\"操作成功\",\"code\":200}', 0, NULL, '2025-02-16 18:30:29', 6);
INSERT INTO `sys_oper_log` VALUES (991, '课程管理', 1, 'com.eduflex.manage.course.controller.CourseController.add()', 'POST', 1, 'admin', '研发部门', '/manage/course', '127.0.0.1', '内网IP', '{\"categoryId\":1865777929406795777,\"cover\":1891072718145626113,\"createBy\":\"admin\",\"endTime\":\"2025-02-12\",\"id\":1891072721425571841,\"name\":\"从0开始 独立完成企业级Java电商网站服务端开发\",\"params\":{},\"startTime\":\"2025-02-04\",\"status\":\"1\",\"teacherId\":103}', '{\"msg\":\"操作成功\",\"code\":200}', 0, NULL, '2025-02-16 18:30:45', 12);
INSERT INTO `sys_oper_log` VALUES (992, '课程管理', 1, 'com.eduflex.manage.course.controller.CourseController.add()', 'POST', 1, 'admin', '研发部门', '/manage/course', '127.0.0.1', '内网IP', '{\"categoryId\":1865777929406795777,\"cover\":1891072789939527682,\"createBy\":\"admin\",\"endTime\":\"2025-02-20\",\"id\":1891072793651486721,\"name\":\"从0开始 独立完成企业级Java电商网站服务端开发\",\"params\":{},\"startTime\":\"2025-02-12\",\"status\":\"1\",\"teacherId\":106}', '{\"msg\":\"操作成功\",\"code\":200}', 0, NULL, '2025-02-16 18:31:03', 5);
INSERT INTO `sys_oper_log` VALUES (993, '课程管理', 1, 'com.eduflex.manage.course.controller.CourseController.add()', 'POST', 1, 'admin', '研发部门', '/manage/course', '127.0.0.1', '内网IP', '{\"categoryId\":1865777929406795777,\"cover\":1891087041463099393,\"createBy\":\"admin\",\"endTime\":\"2025-02-19\",\"id\":1891087044944371713,\"name\":\"从0开始 独立完成企业级Java电商网站服务端开发\",\"params\":{},\"startTime\":\"2025-02-02\",\"status\":\"1\",\"teacherId\":112}', '{\"msg\":\"操作成功\",\"code\":200}', 0, NULL, '2025-02-16 19:27:40', 4);
INSERT INTO `sys_oper_log` VALUES (994, '代码生成', 8, 'com.eduflex.generator.controller.GenController.batchGenCode()', 'GET', 1, 'admin', '研发部门', '/tool/gen/batchGenCode', '127.0.0.1', '内网IP', '{\"tables\":\"tb_college\"}', NULL, 0, NULL, '2025-07-25 14:55:09', 114);
INSERT INTO `sys_oper_log` VALUES (995, '代码生成', 2, 'com.eduflex.generator.controller.GenController.editSave()', 'PUT', 1, 'admin', '研发部门', '/tool/gen', '127.0.0.1', '内网IP', '{\"businessName\":\"college\",\"className\":\"College\",\"columns\":[{\"capJavaField\":\"Id\",\"columnComment\":\"学院ID\",\"columnId\":1,\"columnName\":\"id\",\"columnType\":\"bigint\",\"createBy\":\"admin\",\"createTime\":\"2024-10-05 14:57:09\",\"deleted\":0,\"dictType\":\"\",\"edit\":false,\"htmlType\":\"input\",\"increment\":true,\"insert\":false,\"isIncrement\":\"1\",\"isInsert\":\"0\",\"isPk\":\"1\",\"isRequired\":\"0\",\"javaField\":\"id\",\"javaType\":\"Long\",\"list\":false,\"params\":{},\"pk\":true,\"query\":false,\"queryType\":\"EQ\",\"required\":false,\"sort\":1,\"superColumn\":false,\"tableId\":1,\"updateBy\":\"\",\"updateTime\":\"2024-10-05 15:00:58\",\"usableColumn\":false},{\"capJavaField\":\"ParentId\",\"columnComment\":\"父级学院ID\",\"columnId\":2,\"columnName\":\"parent_id\",\"columnType\":\"bigint\",\"createBy\":\"admin\",\"createTime\":\"2024-10-05 14:57:09\",\"deleted\":0,\"dictType\":\"\",\"edit\":true,\"htmlType\":\"input\",\"increment\":false,\"insert\":true,\"isEdit\":\"1\",\"isIncrement\":\"0\",\"isInsert\":\"1\",\"isList\":\"0\",\"isPk\":\"0\",\"isQuery\":\"0\",\"isRequired\":\"1\",\"javaField\":\"parentId\",\"javaType\":\"Long\",\"list\":false,\"params\":{},\"pk\":false,\"query\":false,\"queryType\":\"EQ\",\"required\":true,\"sort\":2,\"superColumn\":true,\"tableId\":1,\"updateBy\":\"\",\"updateTime\":\"2024-10-05 15:00:58\",\"usableColumn\":true},{\"capJavaField\":\"Ancestors\",\"columnComment\":\"祖级列表\",\"columnId\":3,\"columnName\":\"ancestors\",\"columnType\":\"varchar(50)\",\"createBy\":\"admin\",\"createTime\":\"2024-10-05 14:57:09\",\"deleted\":0,\"dictType\":\"\",\"edit\":false,\"htmlType\":\"input\",\"increment\":false,\"insert\":false,\"isEdit\":\"0\",\"isIncrement\":\"0\",\"isInsert\":\"0\",\"isList\":\"0\",\"isPk\":\"0\",\"isQuery\":\"0\",\"isRequired\":\"0\",\"javaField\":\"ancestors\",\"javaType\":\"String\",\"list\":false,\"params\":{},\"pk\":false,\"query\":false,\"queryType\":\"EQ\",\"required\":false,\"sort\":3,\"superColumn\":true,\"tableId\":1,\"updateBy\":\"\",\"updateTime\":\"2024-10-05 15:00:58\",\"usableColumn\":false},{\"capJavaField\":\"Name\",\"columnComment\":\"学院名称\",\"columnId\":4,\"columnName\":\"name\",\"columnType\":\"varchar(30)\",\"createBy\":\"admin\",\"createTime\":\"2024-10-05 14:57:09\",\"deleted\":0,\"dictType\":\"\",\"edit\":true,\"htmlType\":\"input\",\"', '{\"msg\":\"操作成功\",\"code\":200}', 0, NULL, '2025-07-25 15:03:12', 144);
INSERT INTO `sys_oper_log` VALUES (996, '代码生成', 6, 'com.eduflex.generator.controller.GenController.importTableSave()', 'POST', 1, 'admin', '研发部门', '/tool/gen/importTable', '127.0.0.1', '内网IP', '{\"tables\":\"tb_paper_repo\"}', '{\"msg\":\"操作成功\",\"code\":200}', 0, NULL, '2025-07-25 15:03:23', 68);
INSERT INTO `sys_oper_log` VALUES (997, '代码生成', 2, 'com.eduflex.generator.controller.GenController.editSave()', 'PUT', 1, 'admin', '研发部门', '/tool/gen', '127.0.0.1', '内网IP', '{\"businessName\":\"repo\",\"className\":\"TbPaperRepo\",\"columns\":[{\"capJavaField\":\"Id\",\"columnComment\":\"ID\",\"columnId\":1948640203221110786,\"columnName\":\"id\",\"columnType\":\"bigint\",\"createBy\":\"admin\",\"deleted\":0,\"dictType\":\"\",\"edit\":false,\"htmlType\":\"input\",\"increment\":false,\"insert\":true,\"isIncrement\":\"0\",\"isInsert\":\"1\",\"isPk\":\"1\",\"isRequired\":\"0\",\"javaField\":\"id\",\"javaType\":\"Long\",\"list\":false,\"params\":{},\"pk\":true,\"query\":false,\"queryType\":\"EQ\",\"required\":false,\"sort\":1,\"superColumn\":false,\"tableId\":1948640203174973441,\"updateBy\":\"\",\"usableColumn\":false},{\"capJavaField\":\"PaperId\",\"columnComment\":\"关联试卷ID\",\"columnId\":1948640203237888002,\"columnName\":\"paper_id\",\"columnType\":\"bigint\",\"createBy\":\"admin\",\"deleted\":0,\"dictType\":\"\",\"edit\":true,\"htmlType\":\"input\",\"increment\":false,\"insert\":true,\"isEdit\":\"1\",\"isIncrement\":\"0\",\"isInsert\":\"1\",\"isList\":\"1\",\"isPk\":\"0\",\"isQuery\":\"1\",\"isRequired\":\"1\",\"javaField\":\"paperId\",\"javaType\":\"Long\",\"list\":true,\"params\":{},\"pk\":false,\"query\":true,\"queryType\":\"EQ\",\"required\":true,\"sort\":2,\"superColumn\":false,\"tableId\":1948640203174973441,\"updateBy\":\"\",\"usableColumn\":false},{\"capJavaField\":\"RepoId\",\"columnComment\":\"关联题库ID\",\"columnId\":1948640203246276609,\"columnName\":\"repo_id\",\"columnType\":\"bigint\",\"createBy\":\"admin\",\"deleted\":0,\"dictType\":\"\",\"edit\":true,\"htmlType\":\"input\",\"increment\":false,\"insert\":true,\"isEdit\":\"1\",\"isIncrement\":\"0\",\"isInsert\":\"1\",\"isList\":\"1\",\"isPk\":\"0\",\"isQuery\":\"1\",\"isRequired\":\"1\",\"javaField\":\"repoId\",\"javaType\":\"Long\",\"list\":true,\"params\":{},\"pk\":false,\"query\":true,\"queryType\":\"EQ\",\"required\":true,\"sort\":3,\"superColumn\":false,\"tableId\":1948640203174973441,\"updateBy\":\"\",\"usableColumn\":false},{\"capJavaField\":\"SingleChoiceCount\",\"columnComment\":\"单选题数量\",\"columnId\":1948640203254665218,\"columnName\":\"single_choice_count\",\"columnType\":\"int\",\"createBy\":\"admin\",\"deleted\":0,\"dictType\":\"\",\"edit\":true,\"htmlType\":\"input\",\"increment\":false,\"insert\":true,\"isEdit\":\"1\",\"isIncrement\":\"0\",\"isInsert\":\"1\",\"isList\":\"1\",\"isPk\":\"0\",\"isQuery\":\"1\",\"isR', '{\"msg\":\"操作成功\",\"code\":200}', 0, NULL, '2025-07-25 15:03:32', 102);
INSERT INTO `sys_oper_log` VALUES (998, '代码生成', 3, 'com.eduflex.generator.controller.GenController.remove()', 'DELETE', 1, 'admin', '研发部门', '/tool/gen/1948640203174973441', '127.0.0.1', '内网IP', '{}', '{\"msg\":\"操作成功\",\"code\":200}', 0, NULL, '2025-07-25 15:03:35', 37);
INSERT INTO `sys_oper_log` VALUES (999, '代码生成', 2, 'com.eduflex.generator.controller.GenController.synchDb()', 'GET', 1, 'admin', '研发部门', '/tool/gen/synchDb/tb_direction', '127.0.0.1', '内网IP', '{}', '{\"msg\":\"操作成功\",\"code\":200}', 0, NULL, '2025-07-25 15:03:44', 73);
INSERT INTO `sys_oper_log` VALUES (1000, '定时任务', 2, 'com.eduflex.quartz.controller.SysJobController.changeStatus()', 'PUT', 1, 'admin', '研发部门', '/monitor/job/changeStatus', '127.0.0.1', '内网IP', '{\"jobId\":1,\"misfirePolicy\":\"0\",\"status\":\"0\"}', NULL, 1, 'Invalid bound statement (not found): com.eduflex.quartz.mapper.SysJobMapper.selectById', '2025-07-25 16:18:02', 6);
INSERT INTO `sys_oper_log` VALUES (1001, '定时任务', 2, 'com.eduflex.quartz.controller.SysJobController.changeStatus()', 'PUT', 1, 'admin', '研发部门', '/monitor/job/changeStatus', '127.0.0.1', '内网IP', '{\"jobId\":1,\"misfirePolicy\":\"0\",\"status\":\"0\"}', NULL, 1, 'Invalid bound statement (not found): com.eduflex.quartz.mapper.SysJobMapper.selectById', '2025-07-25 16:18:15', 0);
INSERT INTO `sys_oper_log` VALUES (1002, '定时任务', 2, 'com.eduflex.quartz.controller.SysJobController.changeStatus()', 'PUT', 1, 'admin', '研发部门', '/monitor/job/changeStatus', '127.0.0.1', '内网IP', '{\"jobId\":1,\"misfirePolicy\":\"0\",\"status\":\"0\"}', NULL, 1, 'Invalid bound statement (not found): com.eduflex.quartz.mapper.SysJobMapper.selectById', '2025-07-25 16:18:58', 1);
INSERT INTO `sys_oper_log` VALUES (1003, '定时任务', 2, 'com.eduflex.quartz.controller.SysJobController.changeStatus()', 'PUT', 1, 'admin', '研发部门', '/monitor/job/changeStatus', '127.0.0.1', '内网IP', '{\"jobId\":1,\"misfirePolicy\":\"0\",\"status\":\"0\"}', NULL, 1, 'Invalid bound statement (not found): com.eduflex.quartz.mapper.SysJobMapper.selectById', '2025-07-25 16:19:26', 5690);
INSERT INTO `sys_oper_log` VALUES (1004, '定时任务', 2, 'com.eduflex.quartz.controller.SysJobController.changeStatus()', 'PUT', 1, 'admin', '研发部门', '/monitor/job/changeStatus', '127.0.0.1', '内网IP', '{\"jobId\":1,\"misfirePolicy\":\"0\",\"status\":\"0\"}', NULL, 1, 'Invalid bound statement (not found): com.eduflex.quartz.mapper.SysJobMapper.selectById', '2025-07-25 16:20:46', 76649);
INSERT INTO `sys_oper_log` VALUES (1005, '定时任务', 2, 'com.eduflex.quartz.controller.SysJobController.changeStatus()', 'PUT', 1, 'admin', '研发部门', '/monitor/job/changeStatus', '127.0.0.1', '内网IP', '{\"jobId\":1,\"misfirePolicy\":\"0\",\"status\":\"1\"}', '{\"msg\":\"操作成功\",\"code\":200}', 0, NULL, '2025-07-25 16:21:42', 110);
INSERT INTO `sys_oper_log` VALUES (1006, '定时任务', 2, 'com.eduflex.quartz.controller.SysJobController.changeStatus()', 'PUT', 1, 'admin', '研发部门', '/monitor/job/changeStatus', '127.0.0.1', '内网IP', '{\"jobId\":1,\"misfirePolicy\":\"0\",\"status\":\"0\"}', '{\"msg\":\"操作成功\",\"code\":200}', 0, NULL, '2025-07-25 16:21:42', 11227);
INSERT INTO `sys_oper_log` VALUES (1007, '定时任务', 2, 'com.eduflex.quartz.controller.SysJobController.changeStatus()', 'PUT', 1, 'admin', '研发部门', '/monitor/job/changeStatus', '127.0.0.1', '内网IP', '{\"jobId\":1,\"misfirePolicy\":\"0\",\"status\":\"1\"}', '{\"msg\":\"操作成功\",\"code\":200}', 0, NULL, '2025-07-25 16:21:48', 24);
INSERT INTO `sys_oper_log` VALUES (1008, '定时任务', 2, 'com.eduflex.quartz.controller.SysJobController.edit()', 'PUT', 1, 'admin', '研发部门', '/monitor/job', '127.0.0.1', '内网IP', '{\"concurrent\":\"1\",\"createBy\":\"admin\",\"createTime\":\"2024-10-05 13:28:49\",\"cronExpression\":\"0/10 * * * * ?\",\"invokeTarget\":\"ryTask.ryNoParams\",\"jobGroup\":\"DEFAULT\",\"jobId\":1,\"jobName\":\"系统默认（无参）\",\"misfirePolicy\":\"3\",\"nextValidTime\":\"2025-07-25 16:22:00\",\"remark\":\"\",\"status\":\"1\",\"updateBy\":\"admin\"}', '{\"msg\":\"操作成功\",\"code\":200}', 0, NULL, '2025-07-25 16:21:52', 24);
INSERT INTO `sys_oper_log` VALUES (1009, '定时任务', 2, 'com.eduflex.quartz.controller.SysJobController.run()', 'PUT', 1, 'admin', '研发部门', '/monitor/job/run', '127.0.0.1', '内网IP', '{\"jobGroup\":\"DEFAULT\",\"jobId\":1,\"misfirePolicy\":\"0\"}', '{\"msg\":\"操作成功\",\"code\":200}', 0, NULL, '2025-07-25 16:22:03', 5);
INSERT INTO `sys_oper_log` VALUES (1010, '定时任务', 2, 'com.eduflex.quartz.controller.SysJobController.run()', 'PUT', 1, 'admin', '研发部门', '/monitor/job/run', '127.0.0.1', '内网IP', '{\"jobGroup\":\"DEFAULT\",\"jobId\":1,\"misfirePolicy\":\"0\"}', '{\"msg\":\"操作成功\",\"code\":200}', 0, NULL, '2025-07-25 16:23:30', 26);
INSERT INTO `sys_oper_log` VALUES (1011, '定时任务', 2, 'com.eduflex.quartz.controller.SysJobController.run()', 'PUT', 1, 'admin', '研发部门', '/monitor/job/run', '127.0.0.1', '内网IP', '{\"jobGroup\":\"DEFAULT\",\"jobId\":1,\"misfirePolicy\":\"0\"}', '{\"msg\":\"操作成功\",\"code\":200}', 0, NULL, '2025-07-25 16:25:50', 5);
INSERT INTO `sys_oper_log` VALUES (1012, '账户解锁', 0, 'com.eduflex.web.controller.monitor.SysLogininforController.unlock()', 'GET', 1, 'admin', '研发部门', '/monitor/logininfor/unlock/admin', '127.0.0.1', '内网IP', '{}', '{\"msg\":\"操作成功\",\"code\":200}', 0, NULL, '2025-07-25 17:07:23', 5);
INSERT INTO `sys_oper_log` VALUES (1948677445641826305, '账户解锁', 0, 'com.eduflex.web.controller.monitor.SysLogininforController.unlock()', 'GET', 1, 'admin', '研发部门', '/monitor/logininfor/unlock/admin', '127.0.0.1', '内网IP', '{}', '{\"msg\":\"操作成功\",\"code\":200}', 0, '', '2025-07-25 17:31:22', 5);
INSERT INTO `sys_oper_log` VALUES (1949639717600002049, '参数管理', 2, 'com.eduflex.web.controller.system.SysConfigController.edit()', 'PUT', 1, 'admin', '研发部门', '/system/config', '127.0.0.1', '内网IP', '{\"configId\":4,\"configKey\":\"sys.account.captchaEnabled\",\"configName\":\"账号自助-验证码开关\",\"configType\":\"N\",\"configValue\":\"true\",\"createBy\":\"admin\",\"createTime\":\"2024-10-05 13:28:49\",\"deleted\":0,\"params\":{},\"updateBy\":\"admin\",\"updateTime\":\"2025-07-25 17:43:23\"}', '{\"msg\":\"操作成功\",\"code\":200}', 0, '', '2025-07-28 09:15:05', 33);
INSERT INTO `sys_oper_log` VALUES (1949639733232173057, '参数管理', 2, 'com.eduflex.web.controller.system.SysConfigController.edit()', 'PUT', 1, 'admin', '研发部门', '/system/config', '127.0.0.1', '内网IP', '{\"configId\":4,\"configKey\":\"sys.account.captchaEnabled\",\"configName\":\"账号自助-验证码开关\",\"configType\":\"Y\",\"configValue\":\"true\",\"createBy\":\"admin\",\"createTime\":\"2024-10-05 13:28:49\",\"deleted\":0,\"params\":{},\"updateBy\":\"admin\",\"updateTime\":\"2025-07-25 17:43:23\"}', '{\"msg\":\"操作成功\",\"code\":200}', 0, '', '2025-07-28 09:15:09', 21);
INSERT INTO `sys_oper_log` VALUES (1949661189806653442, '角色管理', 2, 'com.eduflex.web.controller.system.SysRoleController.dataScope()', 'PUT', 1, 'admin', '研发部门', '/system/role/dataScope', '127.0.0.1', '内网IP', '{\"admin\":false,\"createTime\":\"2024-10-05 23:47:42\",\"dataScope\":\"5\",\"deleted\":0,\"deptCheckStrictly\":true,\"deptIds\":[],\"flag\":false,\"menuCheckStrictly\":true,\"params\":{},\"remark\":\"教师\",\"roleId\":3,\"roleKey\":\"teacher\",\"roleName\":\"教师\",\"roleSort\":3,\"status\":\"0\"}', '{\"msg\":\"操作成功\",\"code\":200}', 0, '', '2025-07-28 10:40:25', 32);
INSERT INTO `sys_oper_log` VALUES (1949661205346549761, '角色管理', 2, 'com.eduflex.web.controller.system.SysRoleController.dataScope()', 'PUT', 1, 'admin', '研发部门', '/system/role/dataScope', '127.0.0.1', '内网IP', '{\"admin\":false,\"createTime\":\"2024-10-07 16:49:08\",\"dataScope\":\"5\",\"deleted\":0,\"deptCheckStrictly\":true,\"deptIds\":[],\"flag\":false,\"menuCheckStrictly\":true,\"params\":{},\"remark\":\"学生\",\"roleId\":4,\"roleKey\":\"student\",\"roleName\":\"学生\",\"roleSort\":4,\"status\":\"0\"}', '{\"msg\":\"操作成功\",\"code\":200}', 0, '', '2025-07-28 10:40:28', 17);
INSERT INTO `sys_oper_log` VALUES (1949671395479498753, '岗位管理', 2, 'com.eduflex.web.controller.system.SysPostController.edit()', 'PUT', 1, 'admin', '研发部门', '/system/post', '127.0.0.1', '内网IP', '{\"createBy\":\"admin\",\"createTime\":\"2024-10-05 13:28:48\",\"deleted\":0,\"params\":{},\"postCode\":\"ceo\",\"postId\":1,\"postName\":\"董事长\",\"postSort\":1,\"status\":\"0\",\"updateBy\":\"admin\",\"updateTime\":\"2025-07-28 11:20:26\"}', '{\"msg\":\"操作成功\",\"code\":200}', 0, '', '2025-07-28 11:20:58', 30);
INSERT INTO `sys_oper_log` VALUES (1949672047861542914, '岗位管理', 1, 'com.eduflex.web.controller.system.SysPostController.add()', 'POST', 1, 'admin', '研发部门', '/system/post', '127.0.0.1', '内网IP', '{\"createBy\":\"admin\",\"params\":{},\"postCode\":\"RJGCS\",\"postId\":1949672047765073922,\"postName\":\"软件工程师\",\"postSort\":4,\"status\":\"0\"}', '{\"msg\":\"操作成功\",\"code\":200}', 0, '', '2025-07-28 11:23:34', 19);
INSERT INTO `sys_oper_log` VALUES (1949672194259529729, '岗位管理', 1, 'com.eduflex.web.controller.system.SysPostController.add()', 'POST', 1, 'admin', '研发部门', '/system/post', '127.0.0.1', '内网IP', '{\"createBy\":\"admin\",\"params\":{},\"postCode\":\"QDGCS\",\"postId\":1949672194167255041,\"postName\":\"前端工程师\",\"postSort\":5,\"status\":\"0\"}', '{\"msg\":\"操作成功\",\"code\":200}', 0, '', '2025-07-28 11:24:08', 14);
INSERT INTO `sys_oper_log` VALUES (1949677902002581505, '用户管理', 2, 'com.eduflex.web.controller.system.SysUserController.edit()', 'PUT', 1, 'admin', '研发部门', '/system/user', '127.0.0.1', '内网IP', '{\"admin\":false,\"avatar\":0,\"createBy\":\"admin\",\"createTime\":\"2024-10-06 00:52:44\",\"deleted\":0,\"deptId\":100,\"email\":\"1972212424@qq.com\",\"loginDate\":\"2025-02-12 23:23:15\",\"loginIp\":\"127.0.0.1\",\"nickName\":\"张三\",\"params\":{},\"phonenumber\":\"15815161602\",\"postIds\":[],\"roleIds\":[3],\"roles\":[{\"admin\":false,\"dataScope\":\"5\",\"deptCheckStrictly\":false,\"flag\":false,\"menuCheckStrictly\":false,\"params\":{},\"roleId\":3,\"roleKey\":\"teacher\",\"roleName\":\"教师\",\"roleSort\":3,\"status\":\"0\"}],\"sex\":0,\"status\":0,\"updateBy\":\"admin\",\"userId\":100,\"userName\":\"zhangsan\"}', '{\"msg\":\"操作成功\",\"code\":200}', 0, '', '2025-07-28 11:46:49', 235);
INSERT INTO `sys_oper_log` VALUES (1949724401751277570, '字典类型', 2, 'com.eduflex.web.controller.system.SysDictTypeController.edit()', 'PUT', 1, 'admin', '研发部门', '/system/dict/type', '127.0.0.1', '内网IP', '{\"createBy\":\"admin\",\"createTime\":\"2024-10-05 13:28:49\",\"deleted\":0,\"dictId\":1,\"dictName\":\"用户性别\",\"dictType\":\"sys_user_sex\",\"params\":{},\"status\":\"0\",\"updateBy\":\"admin\"}', '{\"msg\":\"操作成功\",\"code\":200}', 0, '', '2025-07-28 14:51:36', 48);
INSERT INTO `sys_oper_log` VALUES (1949731326920441857, '菜单管理', 3, 'com.eduflex.web.controller.system.SysMenuController.remove()', 'DELETE', 1, 'admin', '研发部门', '/system/menu/4', '127.0.0.1', '内网IP', '{}', '{\"msg\":\"菜单已分配,不允许删除\",\"code\":601}', 0, '', '2025-07-28 15:19:07', 15);

-- ----------------------------
-- Table structure for sys_post
-- ----------------------------
DROP TABLE IF EXISTS `sys_post`;
CREATE TABLE `sys_post`  (
  `post_id` bigint NOT NULL AUTO_INCREMENT COMMENT '岗位ID',
  `post_code` varchar(64) CHARACTER SET utf8mb4 COLLATE utf8mb4_0900_ai_ci NOT NULL COMMENT '岗位编码',
  `post_name` varchar(50) CHARACTER SET utf8mb4 COLLATE utf8mb4_0900_ai_ci NOT NULL COMMENT '岗位名称',
  `post_sort` int NOT NULL COMMENT '显示顺序',
  `status` char(1) CHARACTER SET utf8mb4 COLLATE utf8mb4_0900_ai_ci NOT NULL COMMENT '状态（0正常 1停用）',
  `create_by` varchar(64) CHARACTER SET utf8mb4 COLLATE utf8mb4_0900_ai_ci NULL DEFAULT '' COMMENT '创建者',
  `create_time` datetime NULL DEFAULT (now()) COMMENT '创建时间',
  `update_by` varchar(64) CHARACTER SET utf8mb4 COLLATE utf8mb4_0900_ai_ci NULL DEFAULT '' COMMENT '更新者',
  `update_time` datetime NULL DEFAULT NULL ON UPDATE CURRENT_TIMESTAMP COMMENT '更新时间',
  `remark` varchar(500) CHARACTER SET utf8mb4 COLLATE utf8mb4_0900_ai_ci NULL DEFAULT NULL COMMENT '备注',
  `deleted` tinyint NULL DEFAULT 0 COMMENT '逻辑删除',
  PRIMARY KEY (`post_id`) USING BTREE
) ENGINE = InnoDB AUTO_INCREMENT = 1949672194167255042 CHARACTER SET = utf8mb4 COLLATE = utf8mb4_0900_ai_ci COMMENT = '岗位信息表' ROW_FORMAT = DYNAMIC;

-- ----------------------------
-- Records of sys_post
-- ----------------------------
INSERT INTO `sys_post` VALUES (1, 'ceo', '董事长', 1, '0', 'admin', '2024-10-05 13:28:48', 'admin', '2025-07-28 11:20:26', '', 0);
INSERT INTO `sys_post` VALUES (2, 'se', '项目经理', 2, '0', 'admin', '2024-10-05 13:28:48', '', '2025-07-28 11:20:26', '', 0);
INSERT INTO `sys_post` VALUES (3, 'hr', '人力资源', 3, '0', 'admin', '2024-10-05 13:28:48', '', '2025-07-28 11:20:26', '', 0);
INSERT INTO `sys_post` VALUES (4, 'user', '普通员工', 4, '0', 'admin', '2024-10-05 13:28:48', '', '2025-07-28 11:20:26', '', 0);
INSERT INTO `sys_post` VALUES (1949672047765073922, 'RJGCS', '软件工程师', 4, '0', 'admin', '2025-07-28 11:23:34', '', '2025-07-28 11:23:59', NULL, 0);
INSERT INTO `sys_post` VALUES (1949672194167255041, 'QDGCS', '前端工程师', 5, '0', 'admin', '2025-07-28 11:24:08', '', NULL, NULL, 0);

-- ----------------------------
-- Table structure for sys_role
-- ----------------------------
DROP TABLE IF EXISTS `sys_role`;
CREATE TABLE `sys_role`  (
  `role_id` bigint NOT NULL AUTO_INCREMENT COMMENT '角色ID',
  `role_name` varchar(30) CHARACTER SET utf8mb4 COLLATE utf8mb4_0900_ai_ci NOT NULL COMMENT '角色名称',
  `role_key` varchar(100) CHARACTER SET utf8mb4 COLLATE utf8mb4_0900_ai_ci NOT NULL COMMENT '角色权限字符串',
  `role_sort` int NOT NULL COMMENT '显示顺序',
  `data_scope` char(1) CHARACTER SET utf8mb4 COLLATE utf8mb4_0900_ai_ci NULL DEFAULT '1' COMMENT '数据范围（1：全部数据权限 2：自定数据权限 3：本部门数据权限 4：本部门及以下数据权限）',
  `menu_check_strictly` tinyint(1) NULL DEFAULT 1 COMMENT '菜单树选择项是否关联显示',
  `dept_check_strictly` tinyint(1) NULL DEFAULT 1 COMMENT '部门树选择项是否关联显示',
  `status` char(1) CHARACTER SET utf8mb4 COLLATE utf8mb4_0900_ai_ci NOT NULL COMMENT '角色状态（0正常 1停用）',
  `create_by` varchar(64) CHARACTER SET utf8mb4 COLLATE utf8mb4_0900_ai_ci NULL DEFAULT '' COMMENT '创建者',
  `create_time` datetime NULL DEFAULT (now()) COMMENT '创建时间',
  `update_by` varchar(64) CHARACTER SET utf8mb4 COLLATE utf8mb4_0900_ai_ci NULL DEFAULT '' COMMENT '更新者',
  `update_time` datetime NULL DEFAULT (now()) COMMENT '更新时间',
  `remark` varchar(500) CHARACTER SET utf8mb4 COLLATE utf8mb4_0900_ai_ci NULL DEFAULT NULL COMMENT '备注',
  `deleted` tinyint NOT NULL DEFAULT 0 COMMENT '逻辑删除字段',
  PRIMARY KEY (`role_id`) USING BTREE
) ENGINE = InnoDB AUTO_INCREMENT = 102 CHARACTER SET = utf8mb4 COLLATE = utf8mb4_0900_ai_ci COMMENT = '角色信息表' ROW_FORMAT = DYNAMIC;

-- ----------------------------
-- Records of sys_role
-- ----------------------------
INSERT INTO `sys_role` VALUES (1, '超级管理员', 'admin', 1, '1', 1, 1, '0', 'admin', '2024-10-05 13:28:48', '', NULL, '超级管理员', 0);
INSERT INTO `sys_role` VALUES (2, '普通角色', 'common', 2, '2', 1, 1, '0', 'admin', '2024-10-05 13:28:48', '', NULL, '普通角色', 0);
INSERT INTO `sys_role` VALUES (3, '教师', 'teacher', 3, '5', 1, 1, '0', 'admin', '2024-10-05 23:47:42', 'admin', '2025-07-28 10:40:25', '教师', 0);
INSERT INTO `sys_role` VALUES (4, '学生', 'student', 4, '5', 1, 1, '0', 'admin', '2024-10-07 16:49:08', '', '2025-07-28 10:40:28', '学生', 0);

-- ----------------------------
-- Table structure for sys_role_dept
-- ----------------------------
DROP TABLE IF EXISTS `sys_role_dept`;
CREATE TABLE `sys_role_dept`  (
  `role_id` bigint NOT NULL COMMENT '角色ID',
  `dept_id` bigint NOT NULL COMMENT '部门ID',
  PRIMARY KEY (`role_id`, `dept_id`) USING BTREE
) ENGINE = InnoDB CHARACTER SET = utf8mb4 COLLATE = utf8mb4_0900_ai_ci COMMENT = '角色和部门关联表' ROW_FORMAT = DYNAMIC;

-- ----------------------------
-- Records of sys_role_dept
-- ----------------------------
INSERT INTO `sys_role_dept` VALUES (2, 100);
INSERT INTO `sys_role_dept` VALUES (2, 101);
INSERT INTO `sys_role_dept` VALUES (2, 105);

-- ----------------------------
-- Table structure for sys_role_menu
-- ----------------------------
DROP TABLE IF EXISTS `sys_role_menu`;
CREATE TABLE `sys_role_menu`  (
  `role_id` bigint NOT NULL COMMENT '角色ID',
  `menu_id` bigint NOT NULL COMMENT '菜单ID',
  PRIMARY KEY (`role_id`, `menu_id`) USING BTREE
) ENGINE = InnoDB CHARACTER SET = utf8mb4 COLLATE = utf8mb4_0900_ai_ci COMMENT = '角色和菜单关联表' ROW_FORMAT = DYNAMIC;

-- ----------------------------
-- Records of sys_role_menu
-- ----------------------------
INSERT INTO `sys_role_menu` VALUES (2, 1);
INSERT INTO `sys_role_menu` VALUES (2, 2);
INSERT INTO `sys_role_menu` VALUES (2, 3);
INSERT INTO `sys_role_menu` VALUES (2, 4);
INSERT INTO `sys_role_menu` VALUES (2, 100);
INSERT INTO `sys_role_menu` VALUES (2, 101);
INSERT INTO `sys_role_menu` VALUES (2, 102);
INSERT INTO `sys_role_menu` VALUES (2, 103);
INSERT INTO `sys_role_menu` VALUES (2, 104);
INSERT INTO `sys_role_menu` VALUES (2, 105);
INSERT INTO `sys_role_menu` VALUES (2, 106);
INSERT INTO `sys_role_menu` VALUES (2, 107);
INSERT INTO `sys_role_menu` VALUES (2, 108);
INSERT INTO `sys_role_menu` VALUES (2, 109);
INSERT INTO `sys_role_menu` VALUES (2, 110);
INSERT INTO `sys_role_menu` VALUES (2, 111);
INSERT INTO `sys_role_menu` VALUES (2, 112);
INSERT INTO `sys_role_menu` VALUES (2, 113);
INSERT INTO `sys_role_menu` VALUES (2, 114);
INSERT INTO `sys_role_menu` VALUES (2, 115);
INSERT INTO `sys_role_menu` VALUES (2, 116);
INSERT INTO `sys_role_menu` VALUES (2, 117);
INSERT INTO `sys_role_menu` VALUES (2, 500);
INSERT INTO `sys_role_menu` VALUES (2, 501);
INSERT INTO `sys_role_menu` VALUES (2, 1000);
INSERT INTO `sys_role_menu` VALUES (2, 1001);
INSERT INTO `sys_role_menu` VALUES (2, 1002);
INSERT INTO `sys_role_menu` VALUES (2, 1003);
INSERT INTO `sys_role_menu` VALUES (2, 1004);
INSERT INTO `sys_role_menu` VALUES (2, 1005);
INSERT INTO `sys_role_menu` VALUES (2, 1006);
INSERT INTO `sys_role_menu` VALUES (2, 1007);
INSERT INTO `sys_role_menu` VALUES (2, 1008);
INSERT INTO `sys_role_menu` VALUES (2, 1009);
INSERT INTO `sys_role_menu` VALUES (2, 1010);
INSERT INTO `sys_role_menu` VALUES (2, 1011);
INSERT INTO `sys_role_menu` VALUES (2, 1012);
INSERT INTO `sys_role_menu` VALUES (2, 1013);
INSERT INTO `sys_role_menu` VALUES (2, 1014);
INSERT INTO `sys_role_menu` VALUES (2, 1015);
INSERT INTO `sys_role_menu` VALUES (2, 1016);
INSERT INTO `sys_role_menu` VALUES (2, 1017);
INSERT INTO `sys_role_menu` VALUES (2, 1018);
INSERT INTO `sys_role_menu` VALUES (2, 1019);
INSERT INTO `sys_role_menu` VALUES (2, 1020);
INSERT INTO `sys_role_menu` VALUES (2, 1021);
INSERT INTO `sys_role_menu` VALUES (2, 1022);
INSERT INTO `sys_role_menu` VALUES (2, 1023);
INSERT INTO `sys_role_menu` VALUES (2, 1024);
INSERT INTO `sys_role_menu` VALUES (2, 1025);
INSERT INTO `sys_role_menu` VALUES (2, 1026);
INSERT INTO `sys_role_menu` VALUES (2, 1027);
INSERT INTO `sys_role_menu` VALUES (2, 1028);
INSERT INTO `sys_role_menu` VALUES (2, 1029);
INSERT INTO `sys_role_menu` VALUES (2, 1030);
INSERT INTO `sys_role_menu` VALUES (2, 1031);
INSERT INTO `sys_role_menu` VALUES (2, 1032);
INSERT INTO `sys_role_menu` VALUES (2, 1033);
INSERT INTO `sys_role_menu` VALUES (2, 1034);
INSERT INTO `sys_role_menu` VALUES (2, 1035);
INSERT INTO `sys_role_menu` VALUES (2, 1036);
INSERT INTO `sys_role_menu` VALUES (2, 1037);
INSERT INTO `sys_role_menu` VALUES (2, 1038);
INSERT INTO `sys_role_menu` VALUES (2, 1039);
INSERT INTO `sys_role_menu` VALUES (2, 1040);
INSERT INTO `sys_role_menu` VALUES (2, 1041);
INSERT INTO `sys_role_menu` VALUES (2, 1042);
INSERT INTO `sys_role_menu` VALUES (2, 1043);
INSERT INTO `sys_role_menu` VALUES (2, 1044);
INSERT INTO `sys_role_menu` VALUES (2, 1045);
INSERT INTO `sys_role_menu` VALUES (2, 1046);
INSERT INTO `sys_role_menu` VALUES (2, 1047);
INSERT INTO `sys_role_menu` VALUES (2, 1048);
INSERT INTO `sys_role_menu` VALUES (2, 1049);
INSERT INTO `sys_role_menu` VALUES (2, 1050);
INSERT INTO `sys_role_menu` VALUES (2, 1051);
INSERT INTO `sys_role_menu` VALUES (2, 1052);
INSERT INTO `sys_role_menu` VALUES (2, 1053);
INSERT INTO `sys_role_menu` VALUES (2, 1054);
INSERT INTO `sys_role_menu` VALUES (2, 1055);
INSERT INTO `sys_role_menu` VALUES (2, 1056);
INSERT INTO `sys_role_menu` VALUES (2, 1057);
INSERT INTO `sys_role_menu` VALUES (2, 1058);
INSERT INTO `sys_role_menu` VALUES (2, 1059);
INSERT INTO `sys_role_menu` VALUES (2, 1060);
INSERT INTO `sys_role_menu` VALUES (3, 2031);
INSERT INTO `sys_role_menu` VALUES (3, 2032);
INSERT INTO `sys_role_menu` VALUES (3, 2033);
INSERT INTO `sys_role_menu` VALUES (3, 2034);
INSERT INTO `sys_role_menu` VALUES (3, 2035);
INSERT INTO `sys_role_menu` VALUES (3, 2036);
INSERT INTO `sys_role_menu` VALUES (3, 2037);
INSERT INTO `sys_role_menu` VALUES (3, 2044);
INSERT INTO `sys_role_menu` VALUES (3, 2045);
INSERT INTO `sys_role_menu` VALUES (3, 2046);
INSERT INTO `sys_role_menu` VALUES (3, 2047);
INSERT INTO `sys_role_menu` VALUES (3, 2048);
INSERT INTO `sys_role_menu` VALUES (3, 2049);
INSERT INTO `sys_role_menu` VALUES (3, 2050);
INSERT INTO `sys_role_menu` VALUES (3, 2051);
INSERT INTO `sys_role_menu` VALUES (3, 2052);
INSERT INTO `sys_role_menu` VALUES (3, 2053);
INSERT INTO `sys_role_menu` VALUES (3, 2054);
INSERT INTO `sys_role_menu` VALUES (3, 2055);
INSERT INTO `sys_role_menu` VALUES (3, 2056);
INSERT INTO `sys_role_menu` VALUES (3, 2057);
INSERT INTO `sys_role_menu` VALUES (3, 2058);
INSERT INTO `sys_role_menu` VALUES (3, 2059);
INSERT INTO `sys_role_menu` VALUES (3, 2060);
INSERT INTO `sys_role_menu` VALUES (3, 2061);
INSERT INTO `sys_role_menu` VALUES (3, 2068);
INSERT INTO `sys_role_menu` VALUES (3, 2075);
INSERT INTO `sys_role_menu` VALUES (3, 2076);
INSERT INTO `sys_role_menu` VALUES (3, 2077);
INSERT INTO `sys_role_menu` VALUES (3, 2078);
INSERT INTO `sys_role_menu` VALUES (3, 2079);
INSERT INTO `sys_role_menu` VALUES (3, 2080);
INSERT INTO `sys_role_menu` VALUES (3, 2081);
INSERT INTO `sys_role_menu` VALUES (3, 2082);
INSERT INTO `sys_role_menu` VALUES (3, 2083);
INSERT INTO `sys_role_menu` VALUES (3, 2084);
INSERT INTO `sys_role_menu` VALUES (3, 2085);
INSERT INTO `sys_role_menu` VALUES (3, 2086);
INSERT INTO `sys_role_menu` VALUES (3, 2088);
INSERT INTO `sys_role_menu` VALUES (3, 2089);
INSERT INTO `sys_role_menu` VALUES (3, 2093);
INSERT INTO `sys_role_menu` VALUES (3, 2100);
INSERT INTO `sys_role_menu` VALUES (3, 2101);
INSERT INTO `sys_role_menu` VALUES (3, 2102);
INSERT INTO `sys_role_menu` VALUES (3, 2107);
INSERT INTO `sys_role_menu` VALUES (3, 2108);
INSERT INTO `sys_role_menu` VALUES (3, 2112);
INSERT INTO `sys_role_menu` VALUES (3, 2119);
INSERT INTO `sys_role_menu` VALUES (3, 2120);
INSERT INTO `sys_role_menu` VALUES (3, 2125);
INSERT INTO `sys_role_menu` VALUES (3, 2126);
INSERT INTO `sys_role_menu` VALUES (3, 2130);
INSERT INTO `sys_role_menu` VALUES (3, 2131);
INSERT INTO `sys_role_menu` VALUES (3, 2132);
INSERT INTO `sys_role_menu` VALUES (3, 2133);
INSERT INTO `sys_role_menu` VALUES (3, 2134);
INSERT INTO `sys_role_menu` VALUES (3, 2135);
INSERT INTO `sys_role_menu` VALUES (3, 2136);
INSERT INTO `sys_role_menu` VALUES (3, 2143);
INSERT INTO `sys_role_menu` VALUES (3, 2144);
INSERT INTO `sys_role_menu` VALUES (3, 2145);
INSERT INTO `sys_role_menu` VALUES (3, 2146);
INSERT INTO `sys_role_menu` VALUES (3, 2147);
INSERT INTO `sys_role_menu` VALUES (3, 2148);
INSERT INTO `sys_role_menu` VALUES (3, 2149);

-- ----------------------------
-- Table structure for sys_user
-- ----------------------------
DROP TABLE IF EXISTS `sys_user`;
CREATE TABLE `sys_user`  (
  `user_id` bigint NOT NULL AUTO_INCREMENT COMMENT '用户ID',
  `dept_id` bigint NULL DEFAULT NULL COMMENT '部门ID',
  `user_name` varchar(30) CHARACTER SET utf8mb4 COLLATE utf8mb4_0900_ai_ci NOT NULL COMMENT '用户账号',
  `nick_name` varchar(30) CHARACTER SET utf8mb4 COLLATE utf8mb4_0900_ai_ci NOT NULL COMMENT '用户昵称',
  `user_type` varchar(2) CHARACTER SET utf8mb4 COLLATE utf8mb4_0900_ai_ci NULL DEFAULT '00' COMMENT '用户类型（00系统用户）',
  `email` varchar(50) CHARACTER SET utf8mb4 COLLATE utf8mb4_0900_ai_ci NULL DEFAULT '' COMMENT '用户邮箱',
  `phonenumber` varchar(11) CHARACTER SET utf8mb4 COLLATE utf8mb4_0900_ai_ci NULL DEFAULT '' COMMENT '手机号码',
  `sex` char(1) CHARACTER SET utf8mb4 COLLATE utf8mb4_0900_ai_ci NULL DEFAULT '0' COMMENT '用户性别（0男 1女 2未知）',
  `avatar` varchar(100) CHARACTER SET utf8mb4 COLLATE utf8mb4_0900_ai_ci NULL DEFAULT '' COMMENT '头像地址',
  `password` varchar(100) CHARACTER SET utf8mb4 COLLATE utf8mb4_0900_ai_ci NULL DEFAULT '' COMMENT '密码',
  `status` char(1) CHARACTER SET utf8mb4 COLLATE utf8mb4_0900_ai_ci NULL DEFAULT '0' COMMENT '账号状态（0正常 1停用）',
  `login_ip` varchar(128) CHARACTER SET utf8mb4 COLLATE utf8mb4_0900_ai_ci NULL DEFAULT '' COMMENT '最后登录IP',
  `login_date` datetime NULL DEFAULT NULL COMMENT '最后登录时间',
  `pwd_update_date` datetime NULL DEFAULT NULL COMMENT '密码最后更新时间',
  `create_by` varchar(64) CHARACTER SET utf8mb4 COLLATE utf8mb4_0900_ai_ci NULL DEFAULT '' COMMENT '创建者',
  `create_time` datetime NULL DEFAULT (now()) COMMENT '创建时间',
  `update_by` varchar(64) CHARACTER SET utf8mb4 COLLATE utf8mb4_0900_ai_ci NULL DEFAULT '' COMMENT '更新者',
  `update_time` datetime NULL DEFAULT NULL ON UPDATE CURRENT_TIMESTAMP COMMENT '更新时间',
  `remark` varchar(500) CHARACTER SET utf8mb4 COLLATE utf8mb4_0900_ai_ci NULL DEFAULT NULL COMMENT '备注',
  `deleted` tinyint NOT NULL DEFAULT 0 COMMENT '逻辑删除字段',
  PRIMARY KEY (`user_id`) USING BTREE
) ENGINE = InnoDB AUTO_INCREMENT = 114 CHARACTER SET = utf8mb4 COLLATE = utf8mb4_0900_ai_ci COMMENT = '用户信息表' ROW_FORMAT = DYNAMIC;

-- ----------------------------
-- Records of sys_user
-- ----------------------------
INSERT INTO `sys_user` VALUES (1, 103, 'admin', '若依', '00', 'ry@163.com', '15888888888', '1', NULL, '$2a$10$7JB720yubVSZvUI0rEqK/.VqGOZTH.ulu33dHOiBE8ByOhJIrdAu2', '0', '127.0.0.1', '2025-07-28 17:41:30', '2025-07-28 17:56:04', 'admin', '2024-10-05 13:28:48', '', '2025-07-28 17:41:30', '管理员', 0);
INSERT INTO `sys_user` VALUES (2, 105, 'ry', '若依', '00', 'ry@qq.com', '15666666666', '1', '', '$2a$10$7JB720yubVSZvUI0rEqK/.VqGOZTH.ulu33dHOiBE8ByOhJIrdAu2', '0', '127.0.0.1', '2024-10-05 13:28:48', '2025-07-28 17:56:04', 'admin', '2024-10-05 13:28:48', 'admin', '2024-10-06 16:03:47', '测试员', 1);
INSERT INTO `sys_user` VALUES (100, 100, 'zhangsan', '张三', '00', '1972212424@qq.com', '15815161602', '0', '', '$2a$10$gnDVpc1oEeeHL9oMuVrRaulVsqNuT1SPeSdpqkIh7ERDD65pPmkJa', '0', '127.0.0.1', '2025-02-12 23:23:15', NULL, 'admin', '2024-10-06 00:52:44', 'admin', '2025-07-28 11:46:49', NULL, 0);
INSERT INTO `sys_user` VALUES (102, NULL, 'lisi', '李四', '00', 'admin123@qq.com', '13888888888', '1', '', '$2a$10$nZvTWdZ1BlIHdGlwHMkGMOTKKagqC8yN9piQ.6gHtaSzCHF1Bl0A2', '0', '', NULL, NULL, 'admin', '2024-10-06 16:56:27', '', NULL, NULL, 1);
INSERT INTO `sys_user` VALUES (103, NULL, 'lisi', '李四', '00', 'admin123@qq.com', '13888888888', '1', '', '$2a$10$iUGV11YL2hDcxSe4w9d2PuFmmV85a732C50aNHemmTN2iLkMvqJxe', '0', '', NULL, NULL, 'admin', '2024-10-06 17:46:05', '', NULL, NULL, 0);
INSERT INTO `sys_user` VALUES (104, NULL, '202325350123', '林煜鋒', '00', '', '', '0', '', '$2a$10$8.r0rhNkc3P1PxVYnJIiqO95d5jxreXGEoifrKjVNrrjIvZRJP2Ny', '0', '127.0.0.1', '2025-02-16 23:54:49', NULL, 'admin', '2024-10-08 10:47:31', 'admin', '2025-02-16 23:54:48', NULL, 0);
INSERT INTO `sys_user` VALUES (105, NULL, '202325350124', '张三', '00', 'admin@qq.com', '15815161606', '0', '', '$2a$10$axR.MY2O2nNR.LlDbTRvTe2tDCYMbai7AmnoQKQk.iFiSIkqBG0Su', '0', '', NULL, NULL, 'admin', '2024-10-08 11:11:09', 'admin', '2025-02-07 11:42:34', NULL, 0);
INSERT INTO `sys_user` VALUES (106, NULL, 'wangwu', '王五', '00', '13900000000@qq.com', '13900000000', '0', '', '$2a$10$RnCSylS/jYWsZJpL7Sko3ObfRkPD2b0es7NoJwl0MELTWQ4Ps6NpC', '0', '', NULL, NULL, 'admin', '2024-10-11 11:33:43', '', NULL, NULL, 0);
INSERT INTO `sys_user` VALUES (107, NULL, '202325350130', '张三三', '00', '', '', '0', '', '$2a$10$62ShaMC7ZrJVSzgL8Cu4bOCJjDhXaqXemRB.DX1rekKnhRTG82s6S', '0', '', NULL, NULL, 'admin', '2024-12-08 13:49:32', 'admin', '2024-12-08 16:48:01', NULL, 0);
INSERT INTO `sys_user` VALUES (110, NULL, '202325350132', '李思思', '00', '', '', '1', '', '$2a$10$OYaA6RqXeamfmxnx4c/3wOhXy1lcvyD1LRw0p0Hm7dYlDGCw9T60S', '0', '', NULL, NULL, 'admin', '2024-12-08 16:48:19', 'admin', '2025-02-07 11:42:39', NULL, 0);
INSERT INTO `sys_user` VALUES (111, NULL, '202325350106', '郭沫若', '00', '', '', '0', '', '$2a$10$ti9OO2HodqYbgda8sS840uPYF23SPuYMO7UE5PuNQZB3BNlqkiKm6', '0', '', NULL, NULL, 'admin', '2025-02-07 11:42:56', '', NULL, NULL, 0);
INSERT INTO `sys_user` VALUES (112, NULL, 'wangbingbing', '王冰冰', '00', '625587563@qq.com', '13800000000', '1', '', '$2a$10$tM1IBHuKzeUw7iive1wWduhN31b4vru2h2PR0MDmBtmSP5GtckK6S', '0', '127.0.0.1', '2025-02-12 21:24:43', NULL, 'admin', '2025-02-07 13:25:42', '', '2025-02-12 21:24:42', NULL, 0);
INSERT INTO `sys_user` VALUES (113, NULL, 'yaya', '丫丫', '00', 'yaya@163.com', '13548481602', '1', '', '$2a$10$A8DE98HFrMsw1kGQ55n6SuxWxrl7X4N57aDVS84ZmVdR7E8XfGxla', '0', '', NULL, NULL, 'admin', '2025-02-07 13:26:15', '', NULL, NULL, 0);

-- ----------------------------
-- Table structure for sys_user_post
-- ----------------------------
DROP TABLE IF EXISTS `sys_user_post`;
CREATE TABLE `sys_user_post`  (
  `user_id` bigint NOT NULL COMMENT '用户ID',
  `post_id` bigint NOT NULL COMMENT '岗位ID',
  PRIMARY KEY (`user_id`, `post_id`) USING BTREE
) ENGINE = InnoDB CHARACTER SET = utf8mb4 COLLATE = utf8mb4_0900_ai_ci COMMENT = '用户与岗位关联表' ROW_FORMAT = DYNAMIC;

-- ----------------------------
-- Records of sys_user_post
-- ----------------------------
INSERT INTO `sys_user_post` VALUES (1, 1);

-- ----------------------------
-- Table structure for sys_user_role
-- ----------------------------
DROP TABLE IF EXISTS `sys_user_role`;
CREATE TABLE `sys_user_role`  (
  `user_id` bigint NOT NULL COMMENT '用户ID',
  `role_id` bigint NOT NULL COMMENT '角色ID',
  PRIMARY KEY (`user_id`, `role_id`) USING BTREE
) ENGINE = InnoDB CHARACTER SET = utf8mb4 COLLATE = utf8mb4_0900_ai_ci COMMENT = '用户和角色关联表' ROW_FORMAT = DYNAMIC;

-- ----------------------------
-- Records of sys_user_role
-- ----------------------------
INSERT INTO `sys_user_role` VALUES (1, 1);
INSERT INTO `sys_user_role` VALUES (100, 3);
INSERT INTO `sys_user_role` VALUES (103, 3);
INSERT INTO `sys_user_role` VALUES (104, 4);
INSERT INTO `sys_user_role` VALUES (105, 4);
INSERT INTO `sys_user_role` VALUES (106, 3);
INSERT INTO `sys_user_role` VALUES (107, 4);
INSERT INTO `sys_user_role` VALUES (110, 4);
INSERT INTO `sys_user_role` VALUES (111, 4);
INSERT INTO `sys_user_role` VALUES (112, 3);
INSERT INTO `sys_user_role` VALUES (113, 3);

-- ----------------------------
-- Table structure for tb_category
-- ----------------------------
DROP TABLE IF EXISTS `tb_category`;
CREATE TABLE `tb_category`  (
  `id` bigint NOT NULL COMMENT '分类ID',
  `name` varchar(100) CHARACTER SET utf8mb4 COLLATE utf8mb4_0900_ai_ci NOT NULL COMMENT '分类名称',
  `direction_id` bigint NOT NULL COMMENT '关联方向ID',
  `status` tinyint NOT NULL DEFAULT 1 COMMENT '状态(0-禁用 1-启用)',
  `create_by` varchar(64) CHARACTER SET utf8mb4 COLLATE utf8mb4_0900_ai_ci NULL DEFAULT NULL COMMENT '创建者',
  `create_time` timestamp NULL DEFAULT CURRENT_TIMESTAMP COMMENT '创建时间',
  `update_by` varchar(64) CHARACTER SET utf8mb4 COLLATE utf8mb4_0900_ai_ci NULL DEFAULT NULL COMMENT '更新者',
  `update_time` timestamp NULL DEFAULT NULL ON UPDATE CURRENT_TIMESTAMP COMMENT '更新时间',
  `deleted` tinyint NOT NULL DEFAULT 0 COMMENT '逻辑删除字段',
  PRIMARY KEY (`id`) USING BTREE
) ENGINE = InnoDB CHARACTER SET = utf8mb4 COLLATE = utf8mb4_0900_ai_ci COMMENT = '课程分类表' ROW_FORMAT = DYNAMIC;

-- ----------------------------
-- Records of tb_category
-- ----------------------------
INSERT INTO `tb_category` VALUES (1865772427033673729, '计算机科学', 1889705530327379970, 1, 'admin', '2024-12-08 22:56:26', 'admin', '2025-02-13 00:28:23', 0);
INSERT INTO `tb_category` VALUES (1865773357393215489, '编程语言', 1889705530327379970, 1, 'admin', '2024-12-08 23:00:07', NULL, '2025-02-13 00:28:23', 0);
INSERT INTO `tb_category` VALUES (1865774804440600577, '计算机网络', 1889707595454877697, 1, 'admin', '2024-12-08 23:05:52', NULL, '2025-02-13 00:28:23', 0);
INSERT INTO `tb_category` VALUES (1865774893179490305, '数学', 1889707757073993730, 1, 'admin', '2024-12-08 23:06:14', NULL, '2025-02-13 00:28:23', 0);
INSERT INTO `tb_category` VALUES (1865774917003137026, '高等数学', 1889707757073993730, 1, 'admin', '2024-12-08 23:06:19', NULL, '2025-02-13 00:28:23', 0);
INSERT INTO `tb_category` VALUES (1865774943993483266, '离散数学', 1889707757073993730, 1, 'admin', '2024-12-08 23:06:26', NULL, '2025-02-13 00:28:23', 0);
INSERT INTO `tb_category` VALUES (1865777547125346306, '操作系统', 1889705530327379970, 1, 'admin', '2024-12-08 23:16:46', NULL, '2025-02-13 00:28:23', 0);
INSERT INTO `tb_category` VALUES (1865777929406795777, 'Java', 1889707213995606018, 1, 'admin', '2024-12-08 23:18:18', 'admin', '2025-02-13 00:28:23', 0);
INSERT INTO `tb_category` VALUES (1888589040311214082, 'Python', 1889707213995606018, 1, 'admin', '2025-02-09 22:01:30', NULL, '2025-02-13 00:28:23', 0);
INSERT INTO `tb_category` VALUES (1889714096638754817, 'PHP', 1889707213995606018, 1, 'admin', '2025-02-13 00:32:04', NULL, NULL, 0);
INSERT INTO `tb_category` VALUES (1889714142264393729, 'C', 1889705530327379970, 1, 'admin', '2025-02-13 00:32:15', NULL, NULL, 0);

-- ----------------------------
-- Table structure for tb_comments
-- ----------------------------
DROP TABLE IF EXISTS `tb_comments`;
CREATE TABLE `tb_comments`  (
  `id` bigint NOT NULL COMMENT '评论ID',
  `course_id` bigint NOT NULL COMMENT '关联课程ID',
  `user_id` bigint NOT NULL COMMENT '关联用户ID',
  `content` text CHARACTER SET utf8mb4 COLLATE utf8mb4_0900_ai_ci NOT NULL COMMENT '评论内容',
  `parent_id` bigint NULL DEFAULT NULL COMMENT '父级评论ID',
  `create_by` varchar(64) CHARACTER SET utf8mb4 COLLATE utf8mb4_0900_ai_ci NULL DEFAULT NULL COMMENT '创建者',
  `create_time` timestamp NULL DEFAULT CURRENT_TIMESTAMP COMMENT '创建时间',
  `update_by` varchar(64) CHARACTER SET utf8mb4 COLLATE utf8mb4_0900_ai_ci NULL DEFAULT NULL COMMENT '更新者',
  `update_time` timestamp NULL DEFAULT NULL COMMENT '更新时间',
  `deleted` tinyint NOT NULL DEFAULT 0 COMMENT '逻辑删除字段',
  PRIMARY KEY (`id`) USING BTREE
) ENGINE = InnoDB CHARACTER SET = utf8mb4 COLLATE = utf8mb4_0900_ai_ci COMMENT = '评论表' ROW_FORMAT = DYNAMIC;

-- ----------------------------
-- Records of tb_comments
-- ----------------------------
INSERT INTO `tb_comments` VALUES (1881605080148803585, 1, 104, '<p>嘻嘻嘻嘻</p>', NULL, 'admin', '2025-01-21 15:29:44', 'admin', '2025-01-21 15:47:06', 0);

-- ----------------------------
-- Table structure for tb_course
-- ----------------------------
DROP TABLE IF EXISTS `tb_course`;
CREATE TABLE `tb_course`  (
  `id` bigint NOT NULL AUTO_INCREMENT COMMENT '课程ID',
  `name` varchar(100) CHARACTER SET utf8mb4 COLLATE utf8mb4_0900_ai_ci NOT NULL COMMENT '课程名称',
  `description` text CHARACTER SET utf8mb4 COLLATE utf8mb4_0900_ai_ci NULL COMMENT '课程描述',
  `category_id` bigint NOT NULL COMMENT '分类ID',
  `teacher_id` bigint NULL DEFAULT NULL COMMENT '任课老师ID',
  `start_time` timestamp NOT NULL COMMENT '开始时间',
  `end_time` timestamp NOT NULL COMMENT '结束时间',
  `status` char(1) CHARACTER SET utf8mb4 COLLATE utf8mb4_0900_ai_ci NOT NULL COMMENT '课程状态(0=未开始 1=进行中 2=已结束)',
  `cover` bigint NULL DEFAULT NULL COMMENT '课程封面',
  `create_by` varchar(64) CHARACTER SET utf8mb4 COLLATE utf8mb4_0900_ai_ci NULL DEFAULT NULL COMMENT '创建者',
  `create_time` timestamp NULL DEFAULT CURRENT_TIMESTAMP COMMENT '创建时间',
  `update_by` varchar(64) CHARACTER SET utf8mb4 COLLATE utf8mb4_0900_ai_ci NULL DEFAULT NULL COMMENT '更新者',
  `update_time` timestamp NULL DEFAULT CURRENT_TIMESTAMP COMMENT '创建时间',
  `remark` varchar(255) CHARACTER SET utf8mb4 COLLATE utf8mb4_0900_ai_ci NULL DEFAULT NULL COMMENT '备注',
  `deleted` tinyint NOT NULL DEFAULT 0 COMMENT '逻辑删除字段',
  PRIMARY KEY (`id`) USING BTREE
) ENGINE = InnoDB AUTO_INCREMENT = 1891087044944371714 CHARACTER SET = utf8mb4 COLLATE = utf8mb4_0900_ai_ci COMMENT = '课程表' ROW_FORMAT = DYNAMIC;

-- ----------------------------
-- Records of tb_course
-- ----------------------------
INSERT INTO `tb_course` VALUES (1, 'Java EE', 'Java 基础教程', 1865777929406795777, 100, '2024-09-03 00:00:00', '2024-12-31 00:00:00', '1', 1891000268121681922, NULL, '2024-10-11 13:42:40', 'admin', '2024-12-07 14:17:35', NULL, 0);
INSERT INTO `tb_course` VALUES (3, '计算机操作系统', '计算机操作系统', 1865777547125346306, 106, '2024-09-03 00:00:00', '2024-12-18 00:00:00', '1', 1891000294214447106, NULL, '2024-11-23 22:40:10', 'admin', '2024-11-23 22:40:09', NULL, 0);
INSERT INTO `tb_course` VALUES (1879105493781590018, '计算机网络', NULL, 1865774804440600577, 106, '2025-01-14 00:00:00', '2025-01-16 00:00:00', '1', 1891000318868566018, 'admin', '2025-01-14 17:57:16', 'admin', '2025-01-14 17:57:16', NULL, 0);
INSERT INTO `tb_course` VALUES (1879105733238599681, '高等数学', NULL, 1865774917003137026, 100, '2025-01-13 00:00:00', '2025-01-15 00:00:00', '1', 1891000365639249921, 'admin', '2025-01-14 17:58:13', 'admin', '2025-01-14 17:58:13', NULL, 0);
INSERT INTO `tb_course` VALUES (1888589132753674241, 'Python入门', NULL, 1888589040311214082, 100, '2025-01-29 00:00:00', '2025-02-13 00:00:00', '1', 1891000384131936257, 'admin', '2025-02-09 22:01:52', 'admin', '2025-02-09 22:01:52', NULL, 0);
INSERT INTO `tb_course` VALUES (1891072036286013442, '深入浅出Java多线程', '深入浅出Java多线程', 1865777929406795777, 100, '2025-02-09 00:00:00', '2025-02-20 00:00:00', '1', 1891072068464713729, 'admin', '2025-02-16 18:28:02', 'admin', '2025-02-16 18:28:02', NULL, 0);
INSERT INTO `tb_course` VALUES (1891072368944652289, '算法与数据结构', '算法与数据结构', 1865774893179490305, 112, '2025-02-10 00:00:00', '2025-02-19 00:00:00', '1', 1891072354658852865, 'admin', '2025-02-16 18:29:21', NULL, '2025-02-16 18:29:21', NULL, 0);
INSERT INTO `tb_course` VALUES (1891072528177209345, '从0开始 独立完成企业级Java电商网站服务端开发', '从0开始 独立完成企业级Java电商网站服务端开发', 1865777929406795777, 106, '2025-02-09 00:00:00', '2025-02-25 00:00:00', '1', 1891072518488367105, 'admin', '2025-02-16 18:29:59', NULL, '2025-02-16 18:29:59', NULL, 0);
INSERT INTO `tb_course` VALUES (1891072587992178689, '从0开始 独立完成企业级Java电商网站服务端开发', NULL, 1865777929406795777, 112, '2025-01-29 00:00:00', '2025-02-19 00:00:00', '0', 1891072584389271554, 'admin', '2025-02-16 18:30:14', NULL, '2025-02-16 18:30:14', NULL, 0);
INSERT INTO `tb_course` VALUES (1891072653180051457, '从0开始 独立完成企业级Java电商网站服务端开发', '从0开始 独立完成企业级Java电商网站服务端开发', 1865777929406795777, 112, '2025-02-03 00:00:00', '2025-02-18 00:00:00', '2', 1891072649119965186, 'admin', '2025-02-16 18:30:29', NULL, '2025-02-16 18:30:29', NULL, 0);
INSERT INTO `tb_course` VALUES (1891072721425571841, '从0开始 独立完成企业级Java电商网站服务端开发', NULL, 1865777929406795777, 103, '2025-02-04 00:00:00', '2025-02-12 00:00:00', '1', 1891072718145626113, 'admin', '2025-02-16 18:30:45', NULL, '2025-02-16 18:30:45', NULL, 0);
INSERT INTO `tb_course` VALUES (1891072793651486721, '从0开始 独立完成企业级Java电商网站服务端开发', NULL, 1865777929406795777, 106, '2025-02-12 00:00:00', '2025-02-20 00:00:00', '1', 1891072789939527682, 'admin', '2025-02-16 18:31:03', NULL, '2025-02-16 18:31:03', NULL, 0);
INSERT INTO `tb_course` VALUES (1891087044944371713, '从0开始 独立完成企业级Java电商网站服务端开发', NULL, 1865777929406795777, 112, '2025-02-02 00:00:00', '2025-02-19 00:00:00', '1', 1891087041463099393, 'admin', '2025-02-16 19:27:40', NULL, '2025-02-16 19:27:40', NULL, 0);

-- ----------------------------
-- Table structure for tb_course_chapter
-- ----------------------------
DROP TABLE IF EXISTS `tb_course_chapter`;
CREATE TABLE `tb_course_chapter`  (
  `id` bigint NOT NULL AUTO_INCREMENT COMMENT '主键ID',
  `course_id` bigint NOT NULL COMMENT '关联课程ID',
  `name` varchar(50) CHARACTER SET utf8mb4 COLLATE utf8mb4_0900_ai_ci NOT NULL COMMENT '章节名称',
  `parent_id` bigint NULL DEFAULT 0 COMMENT '父级ID',
  `ancestors` varchar(50) CHARACTER SET utf8mb4 COLLATE utf8mb4_0900_ai_ci NULL DEFAULT NULL COMMENT '祖级列表',
  `order_num` int NULL DEFAULT 0 COMMENT '排序',
  `create_by` varchar(64) CHARACTER SET utf8mb4 COLLATE utf8mb4_0900_ai_ci NULL DEFAULT NULL COMMENT '创建者',
  `create_time` timestamp NULL DEFAULT CURRENT_TIMESTAMP COMMENT '创建时间',
  `update_by` varchar(64) CHARACTER SET utf8mb4 COLLATE utf8mb4_0900_ai_ci NULL DEFAULT NULL COMMENT '更新者',
  `update_time` timestamp NULL DEFAULT CURRENT_TIMESTAMP COMMENT '更新时间',
  `deleted` tinyint NOT NULL DEFAULT 0 COMMENT '逻辑删除字段',
  PRIMARY KEY (`id`) USING BTREE
) ENGINE = InnoDB AUTO_INCREMENT = 1882603043897729027 CHARACTER SET = utf8mb4 COLLATE = utf8mb4_0900_ai_ci COMMENT = '课程内容章节表' ROW_FORMAT = DYNAMIC;

-- ----------------------------
-- Records of tb_course_chapter
-- ----------------------------
INSERT INTO `tb_course_chapter` VALUES (1, 1, '软件资源', 0, NULL, 1, NULL, '2024-10-16 12:18:08', NULL, '2024-12-08 00:58:23', 0);
INSERT INTO `tb_course_chapter` VALUES (2, 1, 'RPA开发平台', 1, NULL, 1, NULL, '2024-10-14 12:32:44', NULL, '2024-12-08 00:58:34', 0);
INSERT INTO `tb_course_chapter` VALUES (4, 1, 'Java Web基础', 0, NULL, 2, NULL, '2024-10-14 12:33:18', NULL, '2024-10-14 12:33:18', 0);
INSERT INTO `tb_course_chapter` VALUES (5, 1, 'Servlet概述', 4, NULL, 1, NULL, '2024-10-14 12:33:26', NULL, '2024-10-18 19:52:39', 0);
INSERT INTO `tb_course_chapter` VALUES (13, 1, 'IDE扩展', 1, NULL, 1, NULL, '2024-10-16 12:28:31', NULL, '2024-10-17 21:48:22', 0);
INSERT INTO `tb_course_chapter` VALUES (14, 3, '操作系统概述', 0, NULL, 1, NULL, '2024-12-03 22:20:17', NULL, '2024-12-03 22:20:16', 0);
INSERT INTO `tb_course_chapter` VALUES (15, 3, '进程与线程', 0, NULL, 1, NULL, '2024-12-03 22:20:33', NULL, '2024-12-03 22:20:33', 0);
INSERT INTO `tb_course_chapter` VALUES (16, 3, '操作系统概念', 14, NULL, 1, NULL, '2024-12-03 22:20:43', NULL, '2024-12-03 22:20:42', 0);
INSERT INTO `tb_course_chapter` VALUES (17, 3, '什么是操作系统', 16, NULL, 1, NULL, '2024-12-03 22:20:59', NULL, '2024-12-03 22:20:59', 0);
INSERT INTO `tb_course_chapter` VALUES (18, 3, '操作系统主要功能', 16, NULL, 1, NULL, '2024-12-03 22:21:10', NULL, '2024-12-03 22:21:10', 0);
INSERT INTO `tb_course_chapter` VALUES (19, 3, '操作系统的基本特性', 16, NULL, 1, NULL, '2024-12-03 22:21:28', NULL, '2024-12-03 22:21:27', 0);
INSERT INTO `tb_course_chapter` VALUES (20, 3, '操作系统的发展过程与分类', 14, NULL, 1, NULL, '2024-12-03 22:21:41', NULL, '2024-12-03 22:21:40', 0);
INSERT INTO `tb_course_chapter` VALUES (21, 3, '操作系统的发展过程', 20, NULL, 1, NULL, '2024-12-03 22:21:52', NULL, '2024-12-03 22:21:52', 0);
INSERT INTO `tb_course_chapter` VALUES (22, 3, '无操作系统', 20, NULL, 1, NULL, '2024-12-03 22:25:24', NULL, '2024-12-03 22:25:23', 0);
INSERT INTO `tb_course_chapter` VALUES (1876896342196232193, 1, 'Springboot', 0, NULL, 3, NULL, '2025-01-08 15:38:54', NULL, '2025-01-08 15:38:53', 0);
INSERT INTO `tb_course_chapter` VALUES (1876896403235938306, 1, 'Springboot 入门', 1876896342196232193, NULL, 1, NULL, '2025-01-08 15:39:08', NULL, '2025-01-08 15:39:08', 0);
INSERT INTO `tb_course_chapter` VALUES (1882602994077786114, 1879105733238599681, '函数', 0, NULL, 4, NULL, '2025-01-24 09:35:06', NULL, '2025-01-24 09:35:05', 0);
INSERT INTO `tb_course_chapter` VALUES (1882603043897729026, 1879105733238599681, '一元一次函数', 1882602994077786114, NULL, 1, NULL, '2025-01-24 09:35:17', NULL, '2025-01-24 09:35:17', 0);

-- ----------------------------
-- Table structure for tb_course_material
-- ----------------------------
DROP TABLE IF EXISTS `tb_course_material`;
CREATE TABLE `tb_course_material`  (
  `id` bigint NOT NULL AUTO_INCREMENT COMMENT '主键ID',
  `chapter_id` bigint NOT NULL COMMENT '关联章节ID',
  `name` varchar(100) CHARACTER SET utf8mb4 COLLATE utf8mb4_0900_ai_ci NOT NULL COMMENT '资料名称',
  `file_id` bigint NULL DEFAULT NULL COMMENT '文件ID',
  `material_type` tinyint NULL DEFAULT NULL COMMENT '资料类型(0视频，1图片 ，2纯文本，3PPT，4PDF',
  `duration` int NULL DEFAULT NULL COMMENT '音视频时长',
  `create_by` varchar(64) CHARACTER SET utf8mb4 COLLATE utf8mb4_0900_ai_ci NULL DEFAULT NULL COMMENT '创建者',
  `create_time` timestamp NULL DEFAULT CURRENT_TIMESTAMP COMMENT '创建时间',
  `update_by` varchar(64) CHARACTER SET utf8mb4 COLLATE utf8mb4_0900_ai_ci NULL DEFAULT NULL COMMENT '更新者',
  `update_time` timestamp NULL DEFAULT CURRENT_TIMESTAMP COMMENT '更新时间',
  `remark` varchar(255) CHARACTER SET utf8mb4 COLLATE utf8mb4_0900_ai_ci NULL DEFAULT NULL COMMENT '备注',
  `deleted` tinyint NOT NULL DEFAULT 0 COMMENT '逻辑删除字段',
  PRIMARY KEY (`id`) USING BTREE
) ENGINE = InnoDB AUTO_INCREMENT = 1891022550395207682 CHARACTER SET = utf8mb4 COLLATE = utf8mb4_0900_ai_ci COMMENT = '课程资料表' ROW_FORMAT = DYNAMIC;

-- ----------------------------
-- Records of tb_course_material
-- ----------------------------
INSERT INTO `tb_course_material` VALUES (1876561583700119553, 2, '哈哈哈哈.jpeg', 1876561576947290114, 2, NULL, NULL, '2025-01-07 17:28:41', NULL, '2025-01-07 17:28:41', NULL, 0);
INSERT INTO `tb_course_material` VALUES (1876886158900076546, 13, '哈哈哈哈.jpeg', 1876885518002102274, 2, NULL, NULL, '2025-01-08 14:58:25', NULL, '2025-01-08 14:58:25', NULL, 0);
INSERT INTO `tb_course_material` VALUES (1881637028783136770, 2, 'ruoyi (1).zip', 1881637001444663298, 6, NULL, NULL, '2025-01-21 17:36:41', NULL, '2025-01-21 17:36:41', NULL, 0);
INSERT INTO `tb_course_material` VALUES (1881988073585610754, 2, '新建 PPT 演示文稿.ppt', 1881988043415982082, 4, NULL, NULL, '2025-01-22 16:51:37', NULL, '2025-01-22 16:51:37', NULL, 0);
INSERT INTO `tb_course_material` VALUES (1882601882096492545, 1876896403235938306, '新建 DOCX 文档.docx', 1882601875763093506, 1, NULL, NULL, '2025-01-24 09:30:40', NULL, '2025-01-24 09:30:40', NULL, 0);
INSERT INTO `tb_course_material` VALUES (1882603071684993026, 1882603043897729026, '新建 DOCX 文档.docx', 1882603066391781378, 1, NULL, NULL, '2025-01-24 09:35:24', NULL, '2025-01-24 09:35:24', NULL, 0);
INSERT INTO `tb_course_material` VALUES (1882628567839723521, 1876896403235938306, '1.pdf', 1882628562336796673, 5, NULL, NULL, '2025-01-24 11:16:42', NULL, '2025-01-24 11:16:42', NULL, 0);
INSERT INTO `tb_course_material` VALUES (1882637521458212866, 1882603043897729026, 'TODO.txt', 1882637513052827650, 1, NULL, NULL, '2025-01-24 11:52:17', NULL, '2025-01-24 11:52:17', NULL, 0);
INSERT INTO `tb_course_material` VALUES (1882637554685489153, 1882603043897729026, 'tcl.js', 1882637550726066178, 1, NULL, NULL, '2025-01-24 11:52:25', NULL, '2025-01-24 11:52:25', NULL, 0);
INSERT INTO `tb_course_material` VALUES (1882637591008161794, 1882603043897729026, 'index.html', 1882637587229093890, 1, NULL, NULL, '2025-01-24 11:52:34', NULL, '2025-01-24 11:52:34', NULL, 0);
INSERT INTO `tb_course_material` VALUES (1891017977513336833, 1876896403235938306, '5-3.mp3', 1891017875910516737, 3, 76, NULL, '2025-02-16 14:53:13', NULL, '2025-02-16 14:53:13', NULL, 0);
INSERT INTO `tb_course_material` VALUES (1891022550395207681, 1876896403235938306, '5-3.mp3', 1891022531218849793, 3, 76, NULL, '2025-02-16 15:11:24', NULL, '2025-02-16 15:11:24', NULL, 0);

-- ----------------------------
-- Table structure for tb_direction
-- ----------------------------
DROP TABLE IF EXISTS `tb_direction`;
CREATE TABLE `tb_direction`  (
  `id` bigint NOT NULL COMMENT '主键',
  `name` varchar(50) CHARACTER SET utf8mb4 COLLATE utf8mb4_0900_ai_ci NOT NULL COMMENT '名称',
  `status` tinyint NULL DEFAULT NULL COMMENT '启用状态(0-禁用 1-启用)',
  `create_by` varchar(64) CHARACTER SET utf8mb4 COLLATE utf8mb4_0900_ai_ci NULL DEFAULT NULL COMMENT '创建者',
  `create_time` timestamp NULL DEFAULT CURRENT_TIMESTAMP COMMENT '创建时间',
  `update_by` varchar(64) CHARACTER SET utf8mb4 COLLATE utf8mb4_0900_ai_ci NULL DEFAULT NULL COMMENT '更新者',
  `update_time` timestamp NULL DEFAULT NULL ON UPDATE CURRENT_TIMESTAMP COMMENT '更新时间',
  `deleted` tinyint NOT NULL DEFAULT 0 COMMENT '逻辑删除字段',
  PRIMARY KEY (`id`) USING BTREE
) ENGINE = InnoDB CHARACTER SET = utf8mb4 COLLATE = utf8mb4_0900_ai_ci COMMENT = '课程方向表' ROW_FORMAT = DYNAMIC;

-- ----------------------------
-- Records of tb_direction
-- ----------------------------
INSERT INTO `tb_direction` VALUES (1889705530327379970, '前端开发', 1, 'admin', '2025-02-12 23:58:02', 'admin', '2025-02-13 00:02:05', 0);
INSERT INTO `tb_direction` VALUES (1889707213995606018, '后端开发', 1, 'admin', '2025-02-13 00:04:44', NULL, NULL, 0);
INSERT INTO `tb_direction` VALUES (1889707324762980353, '移动开发', 1, 'admin', '2025-02-13 00:05:10', NULL, NULL, 0);
INSERT INTO `tb_direction` VALUES (1889707366336921602, '数据库', 1, 'admin', '2025-02-13 00:05:20', NULL, NULL, 0);
INSERT INTO `tb_direction` VALUES (1889707595454877697, '计算机基础', 1, 'admin', '2025-02-13 00:06:14', NULL, NULL, 0);
INSERT INTO `tb_direction` VALUES (1889707641961320449, 'UI设计', 1, 'admin', '2025-02-13 00:06:26', NULL, NULL, 0);
INSERT INTO `tb_direction` VALUES (1889707676753072130, '运维&测试', 1, 'admin', '2025-02-13 00:06:34', NULL, NULL, 0);
INSERT INTO `tb_direction` VALUES (1889707708529119234, '游戏', 1, 'admin', '2025-02-13 00:06:41', NULL, NULL, 0);
INSERT INTO `tb_direction` VALUES (1889707731149000706, '前沿技术', 1, 'admin', '2025-02-13 00:06:47', NULL, NULL, 0);
INSERT INTO `tb_direction` VALUES (1889707757073993730, '算法', 1, 'admin', '2025-02-13 00:06:53', NULL, NULL, 0);

-- ----------------------------
-- Table structure for tb_exam
-- ----------------------------
DROP TABLE IF EXISTS `tb_exam`;
CREATE TABLE `tb_exam`  (
  `id` bigint NOT NULL COMMENT '主键',
  `course_id` bigint NOT NULL COMMENT '关联课程ID',
  `paper_id` bigint NOT NULL COMMENT '关联试卷ID',
  `name` varchar(100) CHARACTER SET utf8mb4 COLLATE utf8mb4_0900_ai_ci NOT NULL COMMENT '考试名称',
  `total_score` int NOT NULL COMMENT '总分数',
  `pass_score` int NOT NULL COMMENT '及格分数',
  `duration` int NOT NULL COMMENT '考试时长(分钟)',
  `limited` tinyint NOT NULL DEFAULT 0 COMMENT '是否限时(0-否 1-是)',
  `start_time` date NULL DEFAULT NULL COMMENT '开始时间',
  `end_time` date NULL DEFAULT NULL COMMENT '结束时间',
  `status` tinyint NOT NULL DEFAULT 0 COMMENT '状态(0-未开始 1-进行中 2-已结束)',
  `published` tinyint NOT NULL DEFAULT 0 COMMENT '发布状态(0-未发布 1-已发布)',
  `create_by` varchar(64) CHARACTER SET utf8mb4 COLLATE utf8mb4_0900_ai_ci NULL DEFAULT NULL COMMENT '创建者',
  `create_time` timestamp NULL DEFAULT CURRENT_TIMESTAMP COMMENT '创建时间',
  `update_by` varchar(64) CHARACTER SET utf8mb4 COLLATE utf8mb4_0900_ai_ci NULL DEFAULT NULL COMMENT '更新者',
  `update_time` timestamp NULL DEFAULT CURRENT_TIMESTAMP COMMENT '更新时间',
  `deleted` tinyint NOT NULL DEFAULT 0 COMMENT '逻辑删除字段',
  PRIMARY KEY (`id`) USING BTREE
) ENGINE = InnoDB CHARACTER SET = utf8mb4 COLLATE = utf8mb4_0900_ai_ci COMMENT = '考试表' ROW_FORMAT = DYNAMIC;

-- ----------------------------
-- Records of tb_exam
-- ----------------------------
INSERT INTO `tb_exam` VALUES (1889194847937986562, 1, 1879418666678198274, '期末考试', 165, 120, 120, 0, NULL, NULL, 2, 1, 'admin', '2025-02-11 14:08:46', 'admin', '2025-02-11 15:27:50', 0);
INSERT INTO `tb_exam` VALUES (1889204732037648386, 1, 1879418666678198274, '期末考试', 165, 120, 120, 0, NULL, NULL, 0, 0, 'admin', '2025-02-11 14:48:02', 'admin', '2025-02-11 15:05:06', 0);

-- ----------------------------
-- Table structure for tb_exam_answer
-- ----------------------------
DROP TABLE IF EXISTS `tb_exam_answer`;
CREATE TABLE `tb_exam_answer`  (
  `id` bigint NOT NULL COMMENT '记录ID',
  `record_id` bigint NOT NULL COMMENT '考试记录ID',
  `question_id` bigint NOT NULL COMMENT '题目ID',
  `answer` varchar(255) CHARACTER SET utf8mb4 COLLATE utf8mb4_0900_ai_ci NULL DEFAULT NULL COMMENT '答案',
  PRIMARY KEY (`id`) USING BTREE
) ENGINE = InnoDB CHARACTER SET = utf8mb4 COLLATE = utf8mb4_0900_ai_ci COMMENT = '考试答案记录表' ROW_FORMAT = DYNAMIC;

-- ----------------------------
-- Records of tb_exam_answer
-- ----------------------------
INSERT INTO `tb_exam_answer` VALUES (1, 1, 1888975852141744130, '[\"A\"]');

-- ----------------------------
-- Table structure for tb_exam_record
-- ----------------------------
DROP TABLE IF EXISTS `tb_exam_record`;
CREATE TABLE `tb_exam_record`  (
  `id` bigint NOT NULL COMMENT '记录ID',
  `exam_id` bigint NOT NULL COMMENT '考试ID',
  `paper_id` bigint NOT NULL COMMENT '试卷ID',
  `user_id` bigint NOT NULL COMMENT '关联用户ID',
  `score` int NULL DEFAULT 0 COMMENT '分数',
  `passed` tinyint NULL DEFAULT NULL COMMENT '是否通过(0-未通过 1-通过)',
  `duration` int NOT NULL DEFAULT 0 COMMENT '用时',
  `status` tinyint NOT NULL COMMENT '考试状态(0-未开始 1-进行中 2-已结束)',
  `start_time` timestamp NULL DEFAULT NULL COMMENT '开始时间',
  `end_time` timestamp NULL DEFAULT NULL COMMENT '结束时间',
  PRIMARY KEY (`id`) USING BTREE
) ENGINE = InnoDB CHARACTER SET = utf8mb4 COLLATE = utf8mb4_0900_ai_ci COMMENT = '考试记录表' ROW_FORMAT = DYNAMIC;

-- ----------------------------
-- Records of tb_exam_record
-- ----------------------------
INSERT INTO `tb_exam_record` VALUES (1, 1889194847937986562, 1879418666678198274, 104, 0, NULL, 3482, 1, '2025-02-12 19:30:47', NULL);

-- ----------------------------
-- Table structure for tb_file_images
-- ----------------------------
DROP TABLE IF EXISTS `tb_file_images`;
CREATE TABLE `tb_file_images`  (
  `id` bigint NOT NULL COMMENT 'ID',
  `file_id` bigint NOT NULL COMMENT '关联Oss文件ID',
  `path` varchar(255) CHARACTER SET utf8mb4 COLLATE utf8mb4_0900_ai_ci NOT NULL COMMENT '图片存储路径',
  `page_number` int NULL DEFAULT NULL COMMENT '图片所处页面',
  PRIMARY KEY (`id`) USING BTREE
) ENGINE = InnoDB CHARACTER SET = utf8mb4 COLLATE = utf8mb4_0900_ai_ci COMMENT = '文件转换存储表' ROW_FORMAT = DYNAMIC;

-- ----------------------------
-- Records of tb_file_images
-- ----------------------------
INSERT INTO `tb_file_images` VALUES (1882640130965434369, 1881988043415982082, 'local-plus/1881988043415982082/679310df33898c1d9234e3ac', 1);
INSERT INTO `tb_file_images` VALUES (1882659293556158466, 1882603066391781378, 'local-plus/1882603066391781378/679322b84e0ea554fbe73ae7', 1);
INSERT INTO `tb_file_images` VALUES (1882659293795233793, 1882603066391781378, 'local-plus/1882603066391781378/679322b84e0ea554fbe73ae8', 2);
INSERT INTO `tb_file_images` VALUES (1882663068463280130, 1882637513052827650, 'local-plus/1882637513052827650/6793263c4e0e84a23d0aab80', 1);
INSERT INTO `tb_file_images` VALUES (1882663102189678593, 1882637587229093890, 'local-plus/1882637587229093890/679326444e0e84a23d0aab81', 1);
INSERT INTO `tb_file_images` VALUES (1882663121307316226, 1882637550726066178, 'local-plus/1882637550726066178/679326484e0e84a23d0aab82', 1);
INSERT INTO `tb_file_images` VALUES (1882663121315704833, 1882637550726066178, 'local-plus/1882637550726066178/679326484e0e84a23d0aab83', 2);
INSERT INTO `tb_file_images` VALUES (1882663121324093441, 1882637550726066178, 'local-plus/1882637550726066178/679326484e0e84a23d0aab84', 3);
INSERT INTO `tb_file_images` VALUES (1882663121332482050, 1882637550726066178, 'local-plus/1882637550726066178/679326484e0e84a23d0aab85', 4);
INSERT INTO `tb_file_images` VALUES (1882663121332482051, 1882637550726066178, 'local-plus/1882637550726066178/679326484e0e84a23d0aab86', 5);
INSERT INTO `tb_file_images` VALUES (1882663121340870658, 1882637550726066178, 'local-plus/1882637550726066178/679326484e0e84a23d0aab87', 6);
INSERT INTO `tb_file_images` VALUES (1882663835081388033, 1882633394300837890, 'local-plus/1882633394300837890/679326f34e0e84a23d0aab88', 1);
INSERT INTO `tb_file_images` VALUES (1882665045523968001, 1881989850011676674, 'local-plus/1881989850011676674/679328134e0e84a23d0aab89', 1);
INSERT INTO `tb_file_images` VALUES (1882667361400532994, 1882601875763093506, 'local-plus/1882601875763093506/67932a3b4e0e84a23d0aab8a', 1);
INSERT INTO `tb_file_images` VALUES (1882667361400532995, 1882601875763093506, 'local-plus/1882601875763093506/67932a3b4e0e84a23d0aab8b', 2);
INSERT INTO `tb_file_images` VALUES (1882667375321427970, 1882628562336796673, 'local-plus/1882628562336796673/67932a3f4e0e84a23d0aab8c', 1);
INSERT INTO `tb_file_images` VALUES (1882667375321427971, 1882628562336796673, 'local-plus/1882628562336796673/67932a3f4e0e84a23d0aab8d', 2);

-- ----------------------------
-- Table structure for tb_goal
-- ----------------------------
DROP TABLE IF EXISTS `tb_goal`;
CREATE TABLE `tb_goal`  (
  `id` bigint NOT NULL COMMENT '学习目标ID',
  `goal_name` varchar(100) CHARACTER SET utf8mb4 COLLATE utf8mb4_0900_ai_ci NOT NULL COMMENT '学习目标名称',
  `description` text CHARACTER SET utf8mb4 COLLATE utf8mb4_0900_ai_ci NULL COMMENT '目标描述',
  `deadline` int NOT NULL COMMENT '目标完成期限',
  `create_by` varchar(64) CHARACTER SET utf8mb4 COLLATE utf8mb4_0900_ai_ci NULL DEFAULT NULL COMMENT '创建者',
  `create_time` timestamp NULL DEFAULT CURRENT_TIMESTAMP COMMENT '创建时间',
  `update_by` varchar(64) CHARACTER SET utf8mb4 COLLATE utf8mb4_0900_ai_ci NULL DEFAULT NULL COMMENT '更新者',
  `update_time` timestamp NULL DEFAULT CURRENT_TIMESTAMP COMMENT '更新时间',
  `deleted` tinyint NULL DEFAULT 0 COMMENT '逻辑删除字段',
  PRIMARY KEY (`id`) USING BTREE
) ENGINE = InnoDB CHARACTER SET = utf8mb4 COLLATE = utf8mb4_0900_ai_ci COMMENT = '学习目标表' ROW_FORMAT = DYNAMIC;

-- ----------------------------
-- Records of tb_goal
-- ----------------------------
INSERT INTO `tb_goal` VALUES (1883389243721973762, '50天学会Java', '哈哈哈', 50, 'admin', '2025-01-26 13:39:22', 'admin', '2025-01-26 13:41:41', 0);
INSERT INTO `tb_goal` VALUES (1887010232707997697, '30天学会python基础', NULL, 30, 'admin', '2025-02-05 13:27:53', NULL, '2025-02-05 13:27:53', 0);
INSERT INTO `tb_goal` VALUES (1887010302631239681, '5分钟完成小程序开发', NULL, 1, 'admin', '2025-02-05 13:28:10', NULL, '2025-02-05 13:28:09', 0);

-- ----------------------------
-- Table structure for tb_goal_student
-- ----------------------------
DROP TABLE IF EXISTS `tb_goal_student`;
CREATE TABLE `tb_goal_student`  (
  `id` bigint NOT NULL COMMENT 'ID',
  `user_id` bigint NOT NULL COMMENT '关联学生ID',
  `goal_id` bigint NOT NULL COMMENT '关联学习目标ID',
  `status` tinyint NOT NULL DEFAULT 0 COMMENT '学习目标状态',
  `progress` decimal(5, 2) NOT NULL DEFAULT 0.00 COMMENT '学习进度百分比',
  `deadline` timestamp NULL DEFAULT NULL COMMENT '结束时间',
  `create_by` varchar(64) CHARACTER SET utf8mb4 COLLATE utf8mb4_0900_ai_ci NULL DEFAULT NULL COMMENT '创建者',
  `create_time` timestamp NULL DEFAULT CURRENT_TIMESTAMP COMMENT '创建时间',
  `update_by` varchar(64) CHARACTER SET utf8mb4 COLLATE utf8mb4_0900_ai_ci NULL DEFAULT NULL COMMENT '更新者',
  `update_time` timestamp NULL DEFAULT CURRENT_TIMESTAMP COMMENT '更新时间',
  `deleted` tinyint NULL DEFAULT 0 COMMENT '逻辑删除字段'
) ENGINE = InnoDB CHARACTER SET = utf8mb4 COLLATE = utf8mb4_0900_ai_ci COMMENT = '学习目标-学生关联表' ROW_FORMAT = DYNAMIC;

-- ----------------------------
-- Records of tb_goal_student
-- ----------------------------
INSERT INTO `tb_goal_student` VALUES (1883435111430914049, 105, 1883389243721973762, 0, 50.01, NULL, 'admin', '2025-01-26 16:41:37', 'admin', '2025-02-05 13:07:13', 0);
INSERT INTO `tb_goal_student` VALUES (1883439157030039554, 107, 1883389243721973762, 0, 0.00, NULL, 'admin', '2025-01-26 16:57:42', NULL, '2025-01-26 16:57:42', 0);
INSERT INTO `tb_goal_student` VALUES (1886968738303418369, 104, 1883389243721973762, 0, 0.00, NULL, 'admin', '2025-02-05 10:43:00', NULL, '2025-02-05 10:43:00', 0);
INSERT INTO `tb_goal_student` VALUES (1886968738370527233, 110, 1883389243721973762, 0, 0.00, NULL, 'admin', '2025-02-05 10:43:00', NULL, '2025-02-05 10:43:00', 0);

-- ----------------------------
-- Table structure for tb_homework
-- ----------------------------
DROP TABLE IF EXISTS `tb_homework`;
CREATE TABLE `tb_homework`  (
  `id` bigint NOT NULL AUTO_INCREMENT COMMENT '作业ID',
  `course_id` bigint NOT NULL COMMENT '所属课程ID',
  `title` varchar(50) CHARACTER SET utf8mb4 COLLATE utf8mb4_0900_ai_ci NOT NULL COMMENT '作业标题',
  `content` text CHARACTER SET utf8mb4 COLLATE utf8mb4_0900_ai_ci NOT NULL COMMENT '作业内容',
  `deadline` timestamp NOT NULL COMMENT '截止日期',
  `create_by` varchar(64) CHARACTER SET utf8mb4 COLLATE utf8mb4_0900_ai_ci NULL DEFAULT NULL COMMENT '创建者',
  `create_time` timestamp NULL DEFAULT NULL COMMENT '创建时间',
  `update_by` varchar(64) CHARACTER SET utf8mb4 COLLATE utf8mb4_0900_ai_ci NULL DEFAULT NULL COMMENT '更新者',
  `update_time` timestamp NULL DEFAULT NULL COMMENT '更新时间',
  `deleted` tinyint NOT NULL DEFAULT 0 COMMENT '逻辑删除字段',
  PRIMARY KEY (`id`) USING BTREE
) ENGINE = InnoDB AUTO_INCREMENT = 3 CHARACTER SET = utf8mb4 COLLATE = utf8mb4_0900_ai_ci COMMENT = '作业表' ROW_FORMAT = DYNAMIC;

-- ----------------------------
-- Records of tb_homework
-- ----------------------------
INSERT INTO `tb_homework` VALUES (1, 1, '作业1', '<p>完成课程第13页</p>', '2024-11-29 00:00:00', NULL, '2024-11-23 22:39:25', NULL, '2024-12-08 17:53:27', 0);
INSERT INTO `tb_homework` VALUES (2, 3, '作业1', '<p>完成作业1</p>', '2024-11-30 00:00:00', NULL, '2024-11-23 22:40:32', NULL, '2024-11-23 22:49:48', 0);

-- ----------------------------
-- Table structure for tb_oss_file
-- ----------------------------
DROP TABLE IF EXISTS `tb_oss_file`;
CREATE TABLE `tb_oss_file`  (
  `id` bigint NOT NULL COMMENT 'ID',
  `name` varchar(255) CHARACTER SET utf8mb4 COLLATE utf8mb4_0900_ai_ci NOT NULL COMMENT '文件名',
  `suffix` varchar(255) CHARACTER SET utf8mb4 COLLATE utf8mb4_0900_ai_ci NULL DEFAULT NULL COMMENT '文件后缀名',
  `path` varchar(255) CHARACTER SET utf8mb4 COLLATE utf8mb4_0900_ai_ci NOT NULL COMMENT '文件路径',
  `type` varchar(255) CHARACTER SET utf8mb4 COLLATE utf8mb4_0900_ai_ci NOT NULL COMMENT '文件类型',
  `size` bigint NOT NULL COMMENT '文件大小',
  `origin_name` varchar(255) CHARACTER SET utf8mb4 COLLATE utf8mb4_0900_ai_ci NOT NULL COMMENT '源文件名称',
  `file_type` int NOT NULL COMMENT '文件类型',
  `duration` int NULL DEFAULT NULL COMMENT '音视频时长',
  `deleted` tinyint NULL DEFAULT 0 COMMENT '是否已删除',
  `create_by` varchar(64) CHARACTER SET utf8mb4 COLLATE utf8mb4_0900_ai_ci NULL DEFAULT NULL COMMENT '创建人',
  `create_time` timestamp NULL DEFAULT CURRENT_TIMESTAMP COMMENT '创建时间',
  `update_by` varchar(64) CHARACTER SET utf8mb4 COLLATE utf8mb4_0900_ai_ci NULL DEFAULT NULL COMMENT '修改人',
  `update_time` timestamp NULL DEFAULT CURRENT_TIMESTAMP COMMENT '更新时间',
  PRIMARY KEY (`id`) USING BTREE
) ENGINE = InnoDB CHARACTER SET = utf8mb4 COLLATE = utf8mb4_0900_ai_ci COMMENT = '文件管理表' ROW_FORMAT = DYNAMIC;

-- ----------------------------
-- Records of tb_oss_file
-- ----------------------------
INSERT INTO `tb_oss_file` VALUES (1876522047536336898, '677ccef633893c2b4aeab0fc.png', 'png', 'local-plus/677ccef633893c2b4aeab0fc.png', 'image/png', 3005, '1.png', 2, NULL, 0, 'admin', '2025-01-07 14:51:35', 'admin', '2025-01-22 17:52:34');
INSERT INTO `tb_oss_file` VALUES (1876522292307529730, '677ccf3133893c2b4aeab0fd.jpeg', 'jpeg', 'local-plus/677ccf3133893c2b4aeab0fd.jpeg', 'image/jpeg', 34131, '2.jpg', 2, NULL, 0, 'admin', '2025-01-07 14:52:33', NULL, '2025-01-07 14:52:33');
INSERT INTO `tb_oss_file` VALUES (1876561576947290114, '677cf3c73389506af672f2d4.jpeg', 'jpeg', 'local-plus/677cf3c73389506af672f2d4.jpeg', 'image/jpeg', 34131, '3.jpg', 2, NULL, 0, 'admin', '2025-01-07 17:28:39', NULL, '2025-01-07 17:28:39');
INSERT INTO `tb_oss_file` VALUES (1876562447399587842, '677cf4963389506af672f2d5.jpeg', 'jpeg', 'local-plus/677cf4963389506af672f2d5.jpeg', 'image/jpeg', 34131, '4.jpg', 2, NULL, 0, 'admin', '2025-01-07 17:32:06', NULL, '2025-01-07 17:32:06');
INSERT INTO `tb_oss_file` VALUES (1876885518002102274, '677e21783389de14f3ef462e.jpeg', 'jpeg', 'local-plus/677e21783389de14f3ef462e.jpeg', 'image/jpeg', 34131, '5.jpg', 2, NULL, 0, 'admin', '2025-01-08 14:55:53', NULL, '2025-01-08 14:55:53');
INSERT INTO `tb_oss_file` VALUES (1881633878030360578, '678f67ba33898dbd06c6757d.zip', 'zip', 'local-plus/678f67ba33898dbd06c6757d.zip', 'application/x-zip-compressed', 17482, 'ruoyi (1).zip', 6, NULL, 0, 'admin', '2025-01-21 17:24:10', NULL, '2025-01-21 17:24:10');
INSERT INTO `tb_oss_file` VALUES (1881637001444663298, '678f6aa233898dbd06c6757e.zip', 'zip', 'local-plus/678f6aa233898dbd06c6757e.zip', 'application/x-zip-compressed', 17482, 'ruoyi (1).zip', 6, NULL, 0, 'admin', '2025-01-21 17:36:34', NULL, '2025-01-21 17:36:34');
INSERT INTO `tb_oss_file` VALUES (1881988043415982082, '6790b19133895ea7838349ad.ppt', 'ppt', 'local-plus/6790b19133895ea7838349ad.ppt', 'application/vnd.ms-powerpoint', 20992, '新建 PPT 演示文稿.ppt', 4, NULL, 0, 'admin', '2025-01-22 16:51:29', NULL, '2025-01-22 16:51:29');
INSERT INTO `tb_oss_file` VALUES (1881989524491743233, '6790b2f2338932a26f44e011.pptx', 'pptx', 'local-plus/6790b2f2338932a26f44e011.pptx', 'application/vnd.openxmlformats-officedocument.presentationml.presentation', 35831, '新建 PPTX 演示文稿.pptx', 4, NULL, 0, 'admin', '2025-01-22 16:57:23', NULL, '2025-01-22 16:57:23');
INSERT INTO `tb_oss_file` VALUES (1881989850011676674, '6790b340338932a26f44e012.txt', 'txt', 'local-plus/6790b340338932a26f44e012.txt', 'text/plain', 57, 'TODO.txt', 1, NULL, 0, 'admin', '2025-01-22 16:58:40', NULL, '2025-01-22 16:58:40');
INSERT INTO `tb_oss_file` VALUES (1881989999656054785, '6790b364338932a26f44e013.txt', 'txt', 'local-plus/6790b364338932a26f44e013.txt', 'text/plain', 57, 'TODO.txt', 1, NULL, 0, 'admin', '2025-01-22 16:59:16', NULL, '2025-01-22 16:59:16');
INSERT INTO `tb_oss_file` VALUES (1881990332750901250, '6790b3b3338932a26f44e014.pdf', 'pdf', 'local-plus/6790b3b3338932a26f44e014.pdf', 'application/pdf', 1203, '未命名1.pdf', 5, NULL, 0, 'admin', '2025-01-22 17:00:35', NULL, '2025-01-22 17:00:35');
INSERT INTO `tb_oss_file` VALUES (1881990433112207361, '6790b3cb338932a26f44e015.pptx', 'pptx', 'local-plus/6790b3cb338932a26f44e015.pptx', 'application/vnd.openxmlformats-officedocument.presentationml.presentation', 35831, '新建 PPTX 演示文稿.pptx', 4, NULL, 0, 'admin', '2025-01-22 17:00:59', NULL, '2025-01-22 17:00:59');
INSERT INTO `tb_oss_file` VALUES (1881990807076352001, '6790b424338932a26f44e016.pptx', 'pptx', 'local-plus/6790b424338932a26f44e016.pptx', 'application/vnd.openxmlformats-officedocument.presentationml.presentation', 35831, '新建 PPTX 演示文稿.pptx', 4, NULL, 0, 'admin', '2025-01-22 17:02:28', NULL, '2025-01-22 17:02:28');
INSERT INTO `tb_oss_file` VALUES (1881992602611757058, '6790b5d0338932a26f44e017.pptx', 'pptx', 'local-plus/6790b5d0338932a26f44e017.pptx', 'application/vnd.openxmlformats-officedocument.presentationml.presentation', 35831, '新建 PPTX 演示文稿.pptx', 4, NULL, 0, 'admin', '2025-01-22 17:09:36', NULL, '2025-01-22 17:09:36');
INSERT INTO `tb_oss_file` VALUES (1881992633385365505, '6790b5d8338932a26f44e018.ppt', 'ppt', 'local-plus/6790b5d8338932a26f44e018.ppt', 'application/vnd.ms-powerpoint', 20992, '新建 PPT 演示文稿.ppt', 4, NULL, 0, 'admin', '2025-01-22 17:09:44', NULL, '2025-01-22 17:09:44');
INSERT INTO `tb_oss_file` VALUES (1881992751232724993, '6790b5f4338932a26f44e019.pptx', 'pptx', 'local-plus/6790b5f4338932a26f44e019.pptx', 'application/vnd.openxmlformats-officedocument.presentationml.presentation', 35831, '新建 PPTX 演示文稿.pptx', 4, NULL, 1, 'admin', '2025-01-22 17:10:12', NULL, '2025-01-22 17:10:12');
INSERT INTO `tb_oss_file` VALUES (1881992766101532673, '6790b5f7338932a26f44e01a.pdf', 'pdf', 'local-plus/6790b5f7338932a26f44e01a.pdf', 'application/pdf', 1203, '未命名1.pdf', 5, NULL, 0, 'admin', '2025-01-22 17:10:15', NULL, '2025-01-22 17:10:15');
INSERT INTO `tb_oss_file` VALUES (1881992785659572226, '6790b5fc338932a26f44e01b.pdf', 'pdf', 'local-plus/6790b5fc338932a26f44e01b.pdf', 'application/pdf', 1203, '未命名1.pdf', 5, NULL, 0, 'admin', '2025-01-22 17:10:20', NULL, '2025-01-22 17:10:20');
INSERT INTO `tb_oss_file` VALUES (1882601875763093506, '6792ed3e338914b045c1ed10.docx', 'docx', 'local-plus/6792ed3e338914b045c1ed10.docx', 'application/vnd.openxmlformats-officedocument.wordprocessingml.document', 45426, '新建 DOCX 文档.docx', 1, NULL, 0, 'admin', '2025-01-24 09:30:38', NULL, '2025-01-24 09:30:38');
INSERT INTO `tb_oss_file` VALUES (1882603066391781378, '6792ee5a338914b045c1ed11.docx', 'docx', 'local-plus/6792ee5a338914b045c1ed11.docx', 'application/vnd.openxmlformats-officedocument.wordprocessingml.document', 45469, '新建 DOCX 文档.docx', 1, NULL, 0, 'admin', '2025-01-24 09:35:22', NULL, '2025-01-24 09:35:22');
INSERT INTO `tb_oss_file` VALUES (1882628562336796673, '6793061933898e1b8e356871.pdf', 'pdf', 'local-plus/6793061933898e1b8e356871.pdf', 'application/pdf', 58509, '1.pdf', 5, NULL, 0, 'admin', '2025-01-24 11:16:41', NULL, '2025-01-24 11:16:41');
INSERT INTO `tb_oss_file` VALUES (1882632972655845378, '67930a1333893299982e615f.xlsx', 'xlsx', 'local-plus/67930a1333893299982e615f.xlsx', 'application/vnd.openxmlformats-officedocument.spreadsheetml.sheet', 7780, '调拨单列表模板-导入失败.xlsx', 1, NULL, 0, 'admin', '2025-01-24 11:34:12', 'admin', '2025-01-24 11:38:05');
INSERT INTO `tb_oss_file` VALUES (1882633394300837890, '67930a6c33893299982e6160.xls', 'xls', 'local-plus/67930a6c33893299982e6160.xls', 'application/vnd.ms-excel', 18432, '新建 XLS 工作表.xls', 1, NULL, 0, 'admin', '2025-01-24 11:35:53', 'admin', '2025-01-24 11:38:08');
INSERT INTO `tb_oss_file` VALUES (1882633443466469377, '67930a9e33893299982e6161.csv', 'csv', 'local-plus/67930a9e33893299982e6161.csv', 'text/csv', 5, '1.csv', 1, NULL, 0, 'admin', '2025-01-24 11:36:05', NULL, '2025-01-24 11:36:05');
INSERT INTO `tb_oss_file` VALUES (1882637513052827650, '67930e6c33895c7f2445c38c.txt', 'txt', 'local-plus/67930e6c33895c7f2445c38c.txt', 'text/plain', 57, 'TODO.txt', 1, NULL, 0, 'admin', '2025-01-24 11:52:15', NULL, '2025-01-24 11:52:15');
INSERT INTO `tb_oss_file` VALUES (1882637550726066178, '67930e7833895c7f2445c38d.js', 'js', 'local-plus/67930e7833895c7f2445c38d.js', 'text/javascript', 6413, 'tcl.js', 1, NULL, 0, 'admin', '2025-01-24 11:52:24', NULL, '2025-01-24 11:52:24');
INSERT INTO `tb_oss_file` VALUES (1882637587229093890, '67930e8133895c7f2445c38e.html', 'html', 'local-plus/67930e8133895c7f2445c38e.html', 'text/html', 549, 'index.html', 1, NULL, 0, 'admin', '2025-01-24 11:52:33', NULL, '2025-01-24 11:52:33');
INSERT INTO `tb_oss_file` VALUES (1883361190467784705, '6795b069338968d7962673a0.jpeg', 'jpeg', 'local-plus/6795b069338968d7962673a0.jpeg', 'image/jpeg', 34131, '哈哈哈哈.jpeg', 2, NULL, 0, 'admin', '2025-01-26 11:47:53', NULL, '2025-01-26 11:47:53');
INSERT INTO `tb_oss_file` VALUES (1883361212890533890, '6795b06e338968d7962673a1.jpeg', 'jpeg', 'local-plus/6795b06e338968d7962673a1.jpeg', 'image/jpeg', 34131, '哈哈哈哈.jpeg', 2, NULL, 0, 'admin', '2025-01-26 11:47:58', NULL, '2025-01-26 11:47:58');
INSERT INTO `tb_oss_file` VALUES (1891000268121681922, '67b17adb8d4a0e52dbf21e21.jpg', 'jpg', 'local-plus/67b17adb8d4a0e52dbf21e21.jpg', 'image/jpeg', 149195, '201910302252112857.jpg', 2, NULL, 0, 'admin', '2025-02-16 13:42:51', NULL, '2025-02-16 13:42:51');
INSERT INTO `tb_oss_file` VALUES (1891000294214447106, '67b17ae18d4a0e52dbf21e22.jpg', 'jpg', 'local-plus/67b17ae18d4a0e52dbf21e22.jpg', 'image/jpeg', 7987, '201910302253423378.jpg', 2, NULL, 0, 'admin', '2025-02-16 13:42:57', NULL, '2025-02-16 13:42:57');
INSERT INTO `tb_oss_file` VALUES (1891000318868566018, '67b17ae78d4a0e52dbf21e23.jpg', 'jpg', 'local-plus/67b17ae78d4a0e52dbf21e23.jpg', 'image/jpeg', 14598, '202001242302475294.jpg', 2, NULL, 0, 'admin', '2025-02-16 13:43:03', NULL, '2025-02-16 13:43:03');
INSERT INTO `tb_oss_file` VALUES (1891000349130469377, '67b17aee8d4a0e52dbf21e24.jpg', 'jpg', 'local-plus/67b17aee8d4a0e52dbf21e24.jpg', 'image/jpeg', 15742, '202001242303535808.jpg', 2, NULL, 0, 'admin', '2025-02-16 13:43:10', NULL, '2025-02-16 13:43:10');
INSERT INTO `tb_oss_file` VALUES (1891000365639249921, '67b17af28d4a0e52dbf21e25.jpg', 'jpg', 'local-plus/67b17af28d4a0e52dbf21e25.jpg', 'image/jpeg', 149195, '201910302252112857.jpg', 2, NULL, 0, 'admin', '2025-02-16 13:43:14', NULL, '2025-02-16 13:43:14');
INSERT INTO `tb_oss_file` VALUES (1891000384131936257, '67b17af78d4a0e52dbf21e26.jpg', 'jpg', 'local-plus/67b17af78d4a0e52dbf21e26.jpg', 'image/jpeg', 149195, '201910302252112857.jpg', 2, NULL, 0, 'admin', '2025-02-16 13:43:19', NULL, '2025-02-16 13:43:19');
INSERT INTO `tb_oss_file` VALUES (1891017875910516737, '67b18afc8d4a15170fd5d6dc.mp3', 'mp3', 'local-plus/67b18afc8d4a15170fd5d6dc.mp3', 'audio/mpeg', 1225082, '5-3.mp3', 3, 76, 0, 'admin', '2025-02-16 14:52:49', NULL, '2025-02-16 14:52:49');
INSERT INTO `tb_oss_file` VALUES (1891022531218849793, '67b18f918d4a7dd9bec1007d.mp3', 'mp3', 'local-plus/67b18f918d4a7dd9bec1007d.mp3', 'audio/mpeg', 1225082, '5-3.mp3', 3, 76, 0, 'admin', '2025-02-16 15:11:19', NULL, '2025-02-16 15:11:19');
INSERT INTO `tb_oss_file` VALUES (1891072027041767426, '67b1bdb003edc969bc15670d.jpg', 'jpg', 'local-plus/67b1bdb003edc969bc15670d.jpg', 'image/jpeg', 15742, '202001242303535808.jpg', 2, NULL, 0, 'admin', '2025-02-16 18:28:00', NULL, '2025-02-16 18:28:00');
INSERT INTO `tb_oss_file` VALUES (1891072068464713729, '67b1bdba03edc969bc15670e.jpg', 'jpg', 'local-plus/67b1bdba03edc969bc15670e.jpg', 'image/jpeg', 27960, '201910302250406011.jpg', 2, NULL, 0, 'admin', '2025-02-16 18:28:10', NULL, '2025-02-16 18:28:10');
INSERT INTO `tb_oss_file` VALUES (1891072336598179841, '67b1bdfa03edc969bc15670f.jpg', 'jpg', 'local-plus/67b1bdfa03edc969bc15670f.jpg', 'image/jpeg', 15742, '202001242303535808.jpg', 2, NULL, 0, 'admin', '2025-02-16 18:29:14', NULL, '2025-02-16 18:29:14');
INSERT INTO `tb_oss_file` VALUES (1891072354658852865, '67b1bdfe03edc969bc156710.jpg', 'jpg', 'local-plus/67b1bdfe03edc969bc156710.jpg', 'image/jpeg', 16308, '202001242304224484.jpg', 2, NULL, 0, 'admin', '2025-02-16 18:29:18', NULL, '2025-02-16 18:29:18');
INSERT INTO `tb_oss_file` VALUES (1891072518488367105, '67b1be2503edc969bc156711.jpg', 'jpg', 'local-plus/67b1be2503edc969bc156711.jpg', 'image/jpeg', 16308, '202001242304224484.jpg', 2, NULL, 0, 'admin', '2025-02-16 18:29:57', NULL, '2025-02-16 18:29:57');
INSERT INTO `tb_oss_file` VALUES (1891072584389271554, '67b1be3503edc969bc156712.jpg', 'jpg', 'local-plus/67b1be3503edc969bc156712.jpg', 'image/jpeg', 16308, '202001242304224484.jpg', 2, NULL, 0, 'admin', '2025-02-16 18:30:13', NULL, '2025-02-16 18:30:13');
INSERT INTO `tb_oss_file` VALUES (1891072649119965186, '67b1be4403edc969bc156713.jpg', 'jpg', 'local-plus/67b1be4403edc969bc156713.jpg', 'image/jpeg', 27960, '201910302250406011.jpg', 2, NULL, 0, 'admin', '2025-02-16 18:30:28', NULL, '2025-02-16 18:30:28');
INSERT INTO `tb_oss_file` VALUES (1891072718145626113, '67b1be5503edc969bc156714.jpg', 'jpg', 'local-plus/67b1be5503edc969bc156714.jpg', 'image/jpeg', 149195, '201910302252112857.jpg', 2, NULL, 0, 'admin', '2025-02-16 18:30:45', NULL, '2025-02-16 18:30:45');
INSERT INTO `tb_oss_file` VALUES (1891072789939527682, '67b1be6603edc969bc156715.jpg', 'jpg', 'local-plus/67b1be6603edc969bc156715.jpg', 'image/jpeg', 149195, '201910302252112857.jpg', 2, NULL, 0, 'admin', '2025-02-16 18:31:02', NULL, '2025-02-16 18:31:02');
INSERT INTO `tb_oss_file` VALUES (1891087041463099393, '67b1cbac03edc969bc156716.jpg', 'jpg', 'local-plus/67b1cbac03edc969bc156716.jpg', 'image/jpeg', 7987, '201910302253423378.jpg', 2, NULL, 0, 'admin', '2025-02-16 19:27:40', NULL, '2025-02-16 19:27:40');

-- ----------------------------
-- Table structure for tb_paper
-- ----------------------------
DROP TABLE IF EXISTS `tb_paper`;
CREATE TABLE `tb_paper`  (
  `id` bigint NOT NULL COMMENT '试卷ID',
  `title` varchar(255) CHARACTER SET utf8mb4 COLLATE utf8mb4_0900_ai_ci NOT NULL COMMENT '试卷名称',
  `total_score` int NOT NULL DEFAULT 0 COMMENT '总分',
  `course_id` bigint NOT NULL COMMENT '关联课程',
  `create_by` varchar(64) CHARACTER SET utf8mb4 COLLATE utf8mb4_0900_ai_ci NULL DEFAULT NULL COMMENT '创建者',
  `create_time` timestamp NULL DEFAULT CURRENT_TIMESTAMP COMMENT '创建时间',
  `update_by` varchar(64) CHARACTER SET utf8mb4 COLLATE utf8mb4_0900_ai_ci NULL DEFAULT NULL COMMENT '更新者',
  `update_time` timestamp NULL DEFAULT CURRENT_TIMESTAMP COMMENT '更新时间',
  `deleted` tinyint NOT NULL DEFAULT 0 COMMENT '逻辑删除字段',
  PRIMARY KEY (`id`) USING BTREE
) ENGINE = InnoDB CHARACTER SET = utf8mb4 COLLATE = utf8mb4_0900_ai_ci COMMENT = '试卷表' ROW_FORMAT = DYNAMIC;

-- ----------------------------
-- Records of tb_paper
-- ----------------------------
INSERT INTO `tb_paper` VALUES (1879418666678198274, '模拟卷1', 165, 1, NULL, '2025-01-15 14:41:42', NULL, '2025-01-15 14:41:42', 0);
INSERT INTO `tb_paper` VALUES (1889216703864721409, '模拟卷2', 0, 1, NULL, '2025-02-11 15:35:36', NULL, '2025-02-11 15:35:36', 0);

-- ----------------------------
-- Table structure for tb_paper_question
-- ----------------------------
DROP TABLE IF EXISTS `tb_paper_question`;
CREATE TABLE `tb_paper_question`  (
  `id` bigint NOT NULL COMMENT 'ID',
  `paper_id` bigint NOT NULL COMMENT '试卷ID',
  `question_id` bigint NOT NULL COMMENT '题目ID',
  `type` int NOT NULL COMMENT '题目类型',
  `order_num` int NULL DEFAULT 0 COMMENT '题目顺序',
  PRIMARY KEY (`id`) USING BTREE
) ENGINE = InnoDB CHARACTER SET = utf8mb4 COLLATE = utf8mb4_0900_ai_ci COMMENT = '试卷题目关联表' ROW_FORMAT = DYNAMIC;

-- ----------------------------
-- Records of tb_paper_question
-- ----------------------------
INSERT INTO `tb_paper_question` VALUES (1888988990882885634, 1879418666678198274, 1888975852141744130, 1, 1);
INSERT INTO `tb_paper_question` VALUES (1888988990882885635, 1879418666678198274, 1888865517591166978, 1, 2);
INSERT INTO `tb_paper_question` VALUES (1888988990882885636, 1879418666678198274, 1888975963009781762, 1, 3);
INSERT INTO `tb_paper_question` VALUES (1888988990882885637, 1879418666678198274, 1888976099630845953, 1, 4);
INSERT INTO `tb_paper_question` VALUES (1888988990882885638, 1879418666678198274, 1879096369215885314, 1, 5);
INSERT INTO `tb_paper_question` VALUES (1888988990882885639, 1879418666678198274, 1888865386175234049, 1, 6);
INSERT INTO `tb_paper_question` VALUES (1888988990882885640, 1879418666678198274, 1888977725078835201, 1, 7);
INSERT INTO `tb_paper_question` VALUES (1888988990882885641, 1879418666678198274, 1888976597863829506, 1, 8);
INSERT INTO `tb_paper_question` VALUES (1888988990882885642, 1879418666678198274, 1888865715377766401, 1, 9);
INSERT INTO `tb_paper_question` VALUES (1888988990882885643, 1879418666678198274, 1888865901479034882, 1, 10);
INSERT INTO `tb_paper_question` VALUES (1888988990882885644, 1879418666678198274, 1888590586725933058, 2, 11);
INSERT INTO `tb_paper_question` VALUES (1888988990882885645, 1879418666678198274, 1879096608295407618, 2, 12);
INSERT INTO `tb_paper_question` VALUES (1888988990882885646, 1879418666678198274, 1888866274851782658, 3, 13);
INSERT INTO `tb_paper_question` VALUES (1888988990882885647, 1879418666678198274, 1888977792670044161, 4, 14);
INSERT INTO `tb_paper_question` VALUES (1888988990882885648, 1879418666678198274, 1888866180559634433, 5, 15);

-- ----------------------------
-- Table structure for tb_paper_repo
-- ----------------------------
DROP TABLE IF EXISTS `tb_paper_repo`;
CREATE TABLE `tb_paper_repo`  (
  `id` bigint NOT NULL COMMENT 'ID',
  `paper_id` bigint NOT NULL COMMENT '关联试卷ID',
  `repo_id` bigint NOT NULL COMMENT '关联题库ID',
  `single_choice_count` int NULL DEFAULT 0 COMMENT '单选题数量',
  `single_choice_score` int NULL DEFAULT 0 COMMENT '单选题分数',
  `multiple_choice_count` int NULL DEFAULT 0 COMMENT '多选题数量',
  `multiple_choice_score` int NULL DEFAULT 0 COMMENT '多选题分数',
  `judge_count` int NULL DEFAULT 0 COMMENT '判断题数量',
  `judge_score` int NULL DEFAULT 0 COMMENT '判断题分数',
  `blank_count` int NULL DEFAULT 0 COMMENT '填空题数量',
  `blank_score` int NULL DEFAULT 0 COMMENT '填空题分数',
  `short_answer_count` int NULL DEFAULT 0 COMMENT '简单题数量',
  `short_answer_score` int NULL DEFAULT 0 COMMENT '简答题分数',
  PRIMARY KEY (`id`) USING BTREE
) ENGINE = InnoDB CHARACTER SET = utf8mb4 COLLATE = utf8mb4_0900_ai_ci COMMENT = '试卷题库关联表' ROW_FORMAT = DYNAMIC;

-- ----------------------------
-- Records of tb_paper_repo
-- ----------------------------
INSERT INTO `tb_paper_repo` VALUES (1888988984092307458, 1879418666678198274, 1888576625653796865, 10, 5, 2, 10, 1, 5, 4, 10, 5, 10);

-- ----------------------------
-- Table structure for tb_question
-- ----------------------------
DROP TABLE IF EXISTS `tb_question`;
CREATE TABLE `tb_question`  (
  `id` bigint NOT NULL COMMENT '题目ID',
  `title` varchar(500) CHARACTER SET utf8mb4 COLLATE utf8mb4_0900_ai_ci NOT NULL COMMENT '题目内容',
  `type` tinyint NOT NULL COMMENT '题目类型（1-单选 2-多选 3-判断 4-填空 5-简答）',
  `options` text CHARACTER SET utf8mb4 COLLATE utf8mb4_0900_ai_ci NULL COMMENT '选项（JSON格式，仅适用于选择题）',
  `answer` varchar(255) CHARACTER SET utf8mb4 COLLATE utf8mb4_0900_ai_ci NOT NULL COMMENT '正确答案',
  `analysis` text CHARACTER SET utf8mb4 COLLATE utf8mb4_0900_ai_ci NULL COMMENT '答案解析',
  `difficulty` int NULL DEFAULT NULL COMMENT '难易程度（1-简单 2-中等 3-困难）',
  `repo_id` bigint NOT NULL COMMENT '关联题库ID',
  `create_by` varchar(64) CHARACTER SET utf8mb4 COLLATE utf8mb4_0900_ai_ci NULL DEFAULT NULL COMMENT '创建者',
  `create_time` timestamp NULL DEFAULT CURRENT_TIMESTAMP COMMENT '创建时间',
  `update_by` varchar(64) CHARACTER SET utf8mb4 COLLATE utf8mb4_0900_ai_ci NULL DEFAULT NULL COMMENT '更新者',
  `update_time` timestamp NULL DEFAULT CURRENT_TIMESTAMP COMMENT '更新时间',
  `deleted` tinyint NULL DEFAULT 0 COMMENT '逻辑删除',
  PRIMARY KEY (`id`) USING BTREE
) ENGINE = InnoDB CHARACTER SET = utf8mb4 COLLATE = utf8mb4_0900_ai_ci COMMENT = '题目表' ROW_FORMAT = DYNAMIC;

-- ----------------------------
-- Records of tb_question
-- ----------------------------
INSERT INTO `tb_question` VALUES (1879082351088553986, '以下哪种语言是面向对象的？', 1, '[{\"key\":\"A\",\"value\":\"Python\"},{\"key\":\"B\",\"value\":\"C++\"},{\"key\":\"C\",\"value\":\"HTML\"}]', '[\"A\"]', 'Python 是一种面向对象的编程语言，支持多种编程范式。', 1, 1888589932884271105, 'admin', '2025-01-14 16:25:17', 'admin', '2025-02-09 22:05:14', 0);
INSERT INTO `tb_question` VALUES (1879096369215885314, 'HTTP 状态码 404 的含义是什么？', 1, '[{\"key\":\"A\",\"value\":\"请求成功\"},{\"key\":\"B\",\"value\":\"未找到资源\"},{\"key\":\"C\",\"value\":\"服务器错误\"},{\"key\":\"D\",\"value\":\"无权限访问\"}]', '[\"B\"]', '404 状态码表示客户端请求的资源在服务器上不存在。', 1, 1888576625653796865, 'admin', '2025-01-14 17:21:01', 'admin', '2025-01-14 17:59:36', 0);
INSERT INTO `tb_question` VALUES (1879096505274912770, '以下哪些是编程语言？', 2, '[{\"key\":\"A\",\"value\":\"Python\"},{\"key\":\"B\",\"value\":\"HTML\"},{\"key\":\"C\",\"value\":\"C++\"},{\"key\":\"D\",\"value\":\"JSON\"}]', '[\"A\",\"C\"]', 'Python 和 C++ 是编程语言，而 HTML 是标记语言，JSON 是数据格式。', 1, 1888576625653796865, 'admin', '2025-01-14 17:21:33', NULL, '2025-01-14 17:21:33', 0);
INSERT INTO `tb_question` VALUES (1879096608295407618, '以下哪些是 HTTP 的请求方法？', 2, '[{\"key\":\"A\",\"value\":\"GET\"},{\"key\":\"B\",\"value\":\"POST\"},{\"key\":\"C\",\"value\":\"DELETE\"},{\"key\":\"D\",\"value\":\"CONNECT\"}]', '[\"A\",\"D\",\"B\",\"C\"]', 'GET、POST、DELETE 和 CONNECT 都是 HTTP 请求方法，用于客户端与服务器之间的通信。', 1, 1888576625653796865, 'admin', '2025-01-14 17:21:58', 'admin', '2025-01-14 18:00:02', 0);
INSERT INTO `tb_question` VALUES (1879096689383886850, 'JavaScript 是一种静态类型语言。', 3, '[]', '[false]', 'JavaScript 是一种动态类型语言，不需要显式声明变量的类型。', 1, 1888576625653796865, 'admin', '2025-01-14 17:22:17', 'admin', '2025-01-14 17:45:47', 0);
INSERT INTO `tb_question` VALUES (1879096745101021186, 'TCP 协议是无连接的。', 3, '[]', '[false]', 'TCP 是面向连接的协议，提供可靠的数据传输服务。', 1, 1888576625653796865, 'admin', '2025-01-14 17:22:31', 'admin', '2025-01-14 18:00:58', 0);
INSERT INTO `tb_question` VALUES (1879096862541533186, '请填写以下代码的输出：\nSystem.out.println(3 + 2 * 2);', 4, '[]', '[\"7\"]', '根据运算优先级，乘法优先于加法，计算顺序为 2 * 2 = 4，然后 3 + 4 = 7。', 2, 1888576625653796865, 'admin', '2025-01-14 17:22:59', 'admin', '2025-01-14 18:00:55', 0);
INSERT INTO `tb_question` VALUES (1879096950579974145, '编写一段 Python 代码，输出从 1 到 10 的所有偶数。', 5, '[]', '[\"for i in range(1, 11):\\n    if i % 2 == 0:\\n        print(i)\"]', '通过 for 循环遍历范围内的数值，用 if 判断是否为偶数，输出结果即可。', 2, 1888576625653796865, 'admin', '2025-01-14 17:23:20', 'admin', '2025-01-14 18:01:01', 0);
INSERT INTO `tb_question` VALUES (1888590586725933058, '地球公转产生的现象有（）', 2, '[{\"key\":\"A\",\"value\":\"根据太阳高度的差异,划分出五带：北寒、北温、热带、南温、南寒；\"},{\"key\":\"B\",\"value\":\"根据获得热量多少的时间差异,划分出四季：春、夏、秋、冬；\"},{\"key\":\"C\",\"value\":\"昼夜长短的变化现象；\"},{\"key\":\"D\",\"value\":\"正午太阳高度的变化；夏至日太阳直射北回归线，全球正午太阳高度从北回归线向南北两侧逐渐递减；二分日太阳直射赤道，全球正午太阳高度从赤道向两极递减，全球昼夜平分；冬至日太阳直射南回归线，全球正午高度从南回归线向南北两侧逐渐递减，南回归线及其以南的地区正午太阳高度达到最大值，北半球各纬度正午太阳高度达到最小值。\"}]', '[\"A\",\"D\",\"B\"]', NULL, 1, 1888576625653796865, 'admin', '2025-02-09 22:07:39', NULL, '2025-02-09 22:07:38', 0);
INSERT INTO `tb_question` VALUES (1888865386175234049, 'Java中，哪个关键字用于定义一个类？', 1, '[{\"key\":\"A\",\"value\":\"class\"},{\"key\":\"B\",\"value\":\"interface\"},{\"key\":\"C\",\"value\":\"extends\"},{\"key\":\"D\",\"value\":\"implements\"}]', '[\"A\"]', '“class”关键字用于定义类。', 1, 1888576625653796865, 'admin', '2025-02-10 16:19:36', NULL, '2025-02-10 16:19:36', 0);
INSERT INTO `tb_question` VALUES (1888865517591166978, '在Java中，int占用的字节数是多少？', 1, '[{\"key\":\"A\",\"value\":\"2字节\"},{\"key\":\"B\",\"value\":\"4字节\"},{\"key\":\"C\",\"value\":\"8字节\"},{\"key\":\"D\",\"value\":\"16字节\"}]', '[\"B\"]', 'Java中，int类型占用4个字节。', 1, 1888576625653796865, 'admin', '2025-02-10 16:20:07', NULL, '2025-02-10 16:20:07', 0);
INSERT INTO `tb_question` VALUES (1888865715377766401, '以下哪个是Java中的循环结构？', 1, '[{\"key\":\"A\",\"value\":\"for\"},{\"key\":\"B\",\"value\":\"while\"},{\"key\":\"C\",\"value\":\"do-while\"},{\"key\":\"D\",\"value\":\"以上都是\"}]', '[\"D\"]', 'Java中“for”、“while”和“do-while”都是循环结构。', 2, 1888576625653796865, 'admin', '2025-02-10 16:20:55', NULL, '2025-02-10 16:20:54', 0);
INSERT INTO `tb_question` VALUES (1888865901479034882, 'Java中，如何定义一个变量？', 1, '[{\"key\":\"A\",\"value\":\"int x = 10;\"},{\"key\":\"B\",\"value\":\"int x = 10.0;\"},{\"key\":\"C\",\"value\":\"String x = 10;\"},{\"key\":\"D\",\"value\":\"char x = 10;\"}]', '[\"A\"]', 'Java中变量声明需要指定类型，示例：int x = 10;', 3, 1888576625653796865, 'admin', '2025-02-10 16:21:39', NULL, '2025-02-10 16:21:39', 0);
INSERT INTO `tb_question` VALUES (1888866002205245442, 'Java中的String是基本数据类型吗？', 1, '[{\"key\":\"A\",\"value\":\"是\"},{\"key\":\"B\",\"value\":\"否\"}]', '[\"A\"]', 'String是引用数据类型，不是基本数据类型。', 3, 1888576625653796865, 'admin', '2025-02-10 16:22:03', NULL, '2025-02-10 16:22:03', 0);
INSERT INTO `tb_question` VALUES (1888866180559634433, 'Java中==和equals()方法的区别是什么？', 5, '[]', '[\"==比较地址，equals()比较内容\"]', '==用于比较内存地址，equals()用于比较字符串的内容是否相等。', 2, 1888576625653796865, 'admin', '2025-02-10 16:22:46', NULL, '2025-02-10 16:22:45', 0);
INSERT INTO `tb_question` VALUES (1888866274851782658, 'Java中的垃圾回收机制是手动释放内存的吗？', 3, '[]', '[false]', 'Java中的垃圾回收机制是自动的，不需要手动释放内存。', 1, 1888576625653796865, 'admin', '2025-02-10 16:23:08', NULL, '2025-02-10 16:23:08', 0);
INSERT INTO `tb_question` VALUES (1888975852141744130, 'Java中实现继承的关键字是？', 1, '[{\"key\":\"A\",\"value\":\"extends\"},{\"key\":\"B\",\"value\":\"implements\"},{\"key\":\"C\",\"value\":\"super\"},{\"key\":\"D\",\"value\":\"interface\"}]', '[\"A\"]', 'extends用于继承类，implements用于实现接口	', 1, 1888576625653796865, 'admin', '2025-02-10 23:38:33', NULL, '2025-02-10 23:38:33', 0);
INSERT INTO `tb_question` VALUES (1888975963009781762, '下列哪个不是基本数据类型？', 1, '[{\"key\":\"A\",\"value\":\"int\"},{\"key\":\"B\",\"value\":\"String\"},{\"key\":\"C\",\"value\":\"boolean\"},{\"key\":\"D\",\"value\":\"double\"}]', '[\"B\"]', 'String是引用类型', 1, 1888576625653796865, 'admin', '2025-02-10 23:39:00', NULL, '2025-02-10 23:38:59', 0);
INSERT INTO `tb_question` VALUES (1888976099630845953, 'Java中所有类的父类是？', 1, '[{\"key\":\"A\",\"value\":\"Object\"},{\"key\":\"B\",\"value\":\"Class\"},{\"key\":\"C\",\"value\":\"Root\"},{\"key\":\"D\",\"value\":\"Parent\"}]', '[\"A\"]', 'Object是Java所有类的根父类', 1, 1888576625653796865, 'admin', '2025-02-10 23:39:32', NULL, '2025-02-10 23:39:32', 0);
INSERT INTO `tb_question` VALUES (1888976483577434114, '以下代码输出结果：System.out.println(5 + 5 + \"5\");', 4, '[]', '[\"105\"]', '运算符从左到右执行，先计算5+5=10，再与\"5\"拼接', 2, 1888576625653796865, 'admin', '2025-02-10 23:41:04', NULL, '2025-02-10 23:41:03', 0);
INSERT INTO `tb_question` VALUES (1888976597863829506, '接口中方法的默认修饰符是？', 1, '[{\"key\":\"A\",\"value\":\"public\"},{\"key\":\"B\",\"value\":\"private\"},{\"key\":\"C\",\"value\":\"protected\"},{\"key\":\"D\",\"value\":\"default\"}]', '[\"A\"]', '接口方法默认public abstract', 2, 1888576625653796865, 'admin', '2025-02-10 23:41:31', NULL, '2025-02-10 23:41:31', 0);
INSERT INTO `tb_question` VALUES (1888976760510550018, 'ArrayList和LinkedList的区别包括？', 2, '[{\"key\":\"A\",\"value\":\"内存结构\"},{\"key\":\"B\",\"value\":\"线程安全\"},{\"key\":\"C\",\"value\":\"随机访问效率\"},{\"key\":\"D\",\"value\":\"插入删除效率\"}]', '[\"A\",\"C\",\"D\"]', 'ArrayList基于数组，LinkedList基于链表', 2, 1888576625653796865, 'admin', '2025-02-10 23:42:10', NULL, '2025-02-10 23:42:09', 0);
INSERT INTO `tb_question` VALUES (1888976836628779009, 'Java的单继承特性是指一个类只能继承一个类', 3, '[]', '[true]', 'Java不支持多类继承，但可以实现多个接口', 1, 1888576625653796865, 'admin', '2025-02-10 23:42:28', NULL, '2025-02-10 23:42:28', 0);
INSERT INTO `tb_question` VALUES (1888976888004808706, 'String是不可变对象', 3, '[]', '[true]', 'String被final修饰，修改时会创建新对象', 1, 1888576625653796865, 'admin', '2025-02-10 23:42:40', NULL, '2025-02-10 23:42:40', 0);
INSERT INTO `tb_question` VALUES (1888976948063047681, 'finally块是否一定会执行？', 3, '[]', '[true]', '除System.exit()和JVM崩溃外都会执行', 2, 1888576625653796865, 'admin', '2025-02-10 23:42:55', NULL, '2025-02-10 23:42:54', 0);
INSERT INTO `tb_question` VALUES (1888977097418018817, '实现多线程的方式包括？', 2, '[{\"key\":\"A\",\"value\":\"继承Thread类\"},{\"key\":\"B\",\"value\":\"实现Runnable接口\"},{\"key\":\"C\",\"value\":\"使用ExecutorService\"},{\"key\":\"D\",\"value\":\"使用Timer\"}]', '[\"A\",\"C\",\"B\"]', '三种标准创建方式', 3, 1888576625653796865, 'admin', '2025-02-10 23:43:30', NULL, '2025-02-10 23:43:30', 0);
INSERT INTO `tb_question` VALUES (1888977213944172546, '下列哪个是运行时异常？', 2, '[{\"key\":\"A\",\"value\":\"NullPointerException\"},{\"key\":\"B\",\"value\":\"IOException\"},{\"key\":\"C\",\"value\":\"SQLException\"},{\"key\":\"D\",\"value\":\"ClassCastException\"}]', '[\"A\",\"D\"]', '运行时异常继承RuntimeException', 3, 1888576625653796865, 'admin', '2025-02-10 23:43:58', NULL, '2025-02-10 23:43:57', 0);
INSERT INTO `tb_question` VALUES (1888977315177893890, 'HashMap的底层数据结构是？', 4, '[]', '[\"数组+链表/红黑树\"]', 'JDK8后当链表长度>8时转为红黑树', 3, 1888576625653796865, 'admin', '2025-02-10 23:44:22', NULL, '2025-02-10 23:44:22', 0);
INSERT INTO `tb_question` VALUES (1888977379061338113, '双亲委派机制的作用是？', 5, '[]', '[\"保证类加载安全性和唯一性\"]', '防止重复加载，确保核心类不被篡改', 3, 1888576625653796865, 'admin', '2025-02-10 23:44:37', NULL, '2025-02-10 23:44:37', 0);
INSERT INTO `tb_question` VALUES (1888977540223275009, 'volatile关键字的作用是？', 2, '[{\"key\":\"A\",\"value\":\"原子性\"},{\"key\":\"B\",\"value\":\"可见性\"},{\"key\":\"C\",\"value\":\"有序性\"},{\"key\":\"D\",\"value\":\"线程安全\"}]', '[\"B\",\"C\"]', '保证可见性和禁止指令重排序，但不保证原子性	', 3, 1888576625653796865, 'admin', '2025-02-10 23:45:16', NULL, '2025-02-10 23:45:15', 0);
INSERT INTO `tb_question` VALUES (1888977725078835201, 'StringBuffer与StringBuilder的主要区别？', 1, '[{\"key\":\"A\",\"value\":\"线程安全\"},{\"key\":\"B\",\"value\":\"执行速度\"},{\"key\":\"C\",\"value\":\"存储结构\"},{\"key\":\"D\",\"value\":\"继承关系\"}]', '[\"A\"]', 'StringBuffer线程安全但速度慢', 2, 1888576625653796865, 'admin', '2025-02-10 23:46:00', NULL, '2025-02-10 23:45:59', 0);
INSERT INTO `tb_question` VALUES (1888977792670044161, 'try-with-resources语句适用的资源类型要求？', 4, '[]', '[\"实现AutoCloseable接口\"]', '自动资源管理语法要求', 2, 1888576625653796865, 'admin', '2025-02-10 23:46:16', NULL, '2025-02-10 23:46:15', 0);
INSERT INTO `tb_question` VALUES (1888977867068608513, '描述Java垃圾回收机制的原理', 5, '[]', '[\"通过GC自动管理堆内存\"]', '引用计数、可达性分析、分代回收等机制', 3, 1888576625653796865, 'admin', '2025-02-10 23:46:34', NULL, '2025-02-10 23:46:33', 0);
INSERT INTO `tb_question` VALUES (1888978025948844033, '下列哪个是单例模式的实现方式？', 2, '[{\"key\":\"A\",\"value\":\"枚举\"},{\"key\":\"B\",\"value\":\"双重检查锁\"},{\"key\":\"C\",\"value\":\"静态内部类\"},{\"key\":\"D\",\"value\":\"工厂模式\"}]', '[\"A\",\"B\",\"C\"]', '三种都是经典单例实现方式', 3, 1888576625653796865, 'admin', '2025-02-10 23:47:12', NULL, '2025-02-10 23:47:11', 0);
INSERT INTO `tb_question` VALUES (1888978080407687169, 'Java内存模型中堆和栈的区别', 5, '[]', '[\"堆存对象，栈存局部变量\"]', '堆线程共享，栈线程私有；堆GC管理，栈自动分配', 3, 1888576625653796865, 'admin', '2025-02-10 23:47:25', NULL, '2025-02-10 23:47:24', 0);

-- ----------------------------
-- Table structure for tb_repo
-- ----------------------------
DROP TABLE IF EXISTS `tb_repo`;
CREATE TABLE `tb_repo`  (
  `id` bigint NOT NULL COMMENT '题库ID',
  `name` varchar(50) CHARACTER SET utf8mb4 COLLATE utf8mb4_0900_ai_ci NOT NULL COMMENT '题库名称',
  `course_id` bigint NOT NULL COMMENT '关联课程ID',
  `create_by` varchar(64) CHARACTER SET utf8mb4 COLLATE utf8mb4_0900_ai_ci NULL DEFAULT NULL COMMENT '创建者',
  `create_time` timestamp NULL DEFAULT CURRENT_TIMESTAMP COMMENT '创建时间',
  `update_by` varchar(64) CHARACTER SET utf8mb4 COLLATE utf8mb4_0900_ai_ci NULL DEFAULT NULL COMMENT '更新者',
  `update_time` timestamp NULL DEFAULT CURRENT_TIMESTAMP COMMENT '更新时间',
  `deleted` tinyint NOT NULL DEFAULT 0 COMMENT '逻辑删除字段'
) ENGINE = InnoDB CHARACTER SET = utf8mb4 COLLATE = utf8mb4_0900_ai_ci COMMENT = '题库表' ROW_FORMAT = DYNAMIC;

-- ----------------------------
-- Records of tb_repo
-- ----------------------------
INSERT INTO `tb_repo` VALUES (1888576625653796865, 'Java题库1', 1, 'admin', '2025-02-09 21:12:10', 'admin', '2025-02-09 21:20:05', 0);
INSERT INTO `tb_repo` VALUES (1888579022924959746, '高等数学题库1', 1879105733238599681, 'admin', '2025-02-09 21:21:42', NULL, '2025-02-09 21:21:41', 0);
INSERT INTO `tb_repo` VALUES (1888589932884271105, 'Python题库', 1888589132753674241, 'admin', '2025-02-09 22:05:03', NULL, '2025-02-09 22:05:02', 0);

-- ----------------------------
-- Table structure for tb_route
-- ----------------------------
DROP TABLE IF EXISTS `tb_route`;
CREATE TABLE `tb_route`  (
  `id` bigint NOT NULL COMMENT '学习路线ID',
  `name` varchar(50) CHARACTER SET utf8mb4 COLLATE utf8mb4_0900_ai_ci NOT NULL COMMENT '学习路线名称',
  `goal_id` bigint NOT NULL COMMENT '学习目标ID',
  `courses_id` varchar(255) CHARACTER SET utf8mb4 COLLATE utf8mb4_0900_ai_ci NOT NULL COMMENT '课程ID列表',
  `create_by` varchar(64) CHARACTER SET utf8mb4 COLLATE utf8mb4_0900_ai_ci NULL DEFAULT NULL COMMENT '创建者',
  `create_time` timestamp NULL DEFAULT CURRENT_TIMESTAMP COMMENT '更新时间',
  `update_by` varchar(64) CHARACTER SET utf8mb4 COLLATE utf8mb4_0900_ai_ci NULL DEFAULT NULL COMMENT '更新者',
  `update_time` timestamp NULL DEFAULT CURRENT_TIMESTAMP COMMENT '更新时间',
  `deleted` tinyint NULL DEFAULT 0 COMMENT '逻辑删除字段',
  PRIMARY KEY (`id`) USING BTREE
) ENGINE = InnoDB CHARACTER SET = utf8mb4 COLLATE = utf8mb4_0900_ai_ci COMMENT = '学习路线表' ROW_FORMAT = DYNAMIC;

-- ----------------------------
-- Records of tb_route
-- ----------------------------
INSERT INTO `tb_route` VALUES (123, 'Java学习路线1', 1883389243721973762, '[\"1\",\"3\",\"1879105733238599681\"]', NULL, '2025-02-05 13:51:07', 'admin', '2025-02-06 17:46:14', 0);
INSERT INTO `tb_route` VALUES (1887414508911542273, 'Java学习路线2', 1883389243721973762, '[\"1\"]', 'admin', '2025-02-06 16:14:20', NULL, '2025-02-06 16:14:20', 0);

-- ----------------------------
-- Table structure for tb_student
-- ----------------------------
DROP TABLE IF EXISTS `tb_student`;
CREATE TABLE `tb_student`  (
  `id` bigint NOT NULL AUTO_INCREMENT COMMENT '学生ID',
  `user_id` bigint NULL DEFAULT NULL COMMENT '关联sys_user表的ID',
  `create_by` varchar(64) CHARACTER SET utf8mb4 COLLATE utf8mb4_0900_ai_ci NULL DEFAULT NULL COMMENT '创建者',
  `create_time` timestamp NULL DEFAULT CURRENT_TIMESTAMP COMMENT '创建时间',
  `update_by` varchar(64) CHARACTER SET utf8mb4 COLLATE utf8mb4_0900_ai_ci NULL DEFAULT NULL COMMENT '更新者',
  `update_time` timestamp NULL DEFAULT CURRENT_TIMESTAMP COMMENT '更新时间',
  `remark` varchar(255) CHARACTER SET utf8mb4 COLLATE utf8mb4_0900_ai_ci NULL DEFAULT NULL COMMENT '备注',
  `deleted` tinyint NOT NULL DEFAULT 0 COMMENT '逻辑删除字段',
  PRIMARY KEY (`id`) USING BTREE
) ENGINE = InnoDB AUTO_INCREMENT = 1887708597569638402 CHARACTER SET = utf8mb4 COLLATE = utf8mb4_0900_ai_ci COMMENT = '学生表' ROW_FORMAT = DYNAMIC;

-- ----------------------------
-- Records of tb_student
-- ----------------------------
INSERT INTO `tb_student` VALUES (1, 104, NULL, '2024-12-08 01:35:51', NULL, '2024-12-08 01:35:51', NULL, 0);
INSERT INTO `tb_student` VALUES (2, 105, NULL, '2024-12-08 01:35:51', 'admin', '2025-02-07 11:42:34', NULL, 0);
INSERT INTO `tb_student` VALUES (3, 107, NULL, '2024-12-08 13:49:32', 'admin', '2024-12-08 16:47:58', NULL, 0);
INSERT INTO `tb_student` VALUES (1865679792990621698, 110, NULL, '2024-12-08 16:48:19', 'admin', '2024-12-08 17:22:41', NULL, 0);
INSERT INTO `tb_student` VALUES (1887708597569638401, 111, NULL, '2025-02-07 11:42:56', NULL, '2025-02-07 11:42:56', NULL, 0);

-- ----------------------------
-- Table structure for tb_student_course
-- ----------------------------
DROP TABLE IF EXISTS `tb_student_course`;
CREATE TABLE `tb_student_course`  (
  `id` bigint NOT NULL COMMENT '记录ID',
  `user_id` bigint NOT NULL COMMENT '关联用户ID',
  `course_id` bigint NOT NULL COMMENT '课程ID',
  `progress` decimal(5, 2) NOT NULL DEFAULT 0.00 COMMENT '学习进度百分比(0-100)',
  `status` tinyint NOT NULL DEFAULT 0 COMMENT '状态(0-未开始 1-进行中 2-已完成)',
  `finish_time` timestamp NULL DEFAULT NULL COMMENT '完成时间',
  `create_by` varchar(64) CHARACTER SET utf8mb4 COLLATE utf8mb4_0900_ai_ci NULL DEFAULT NULL COMMENT '创建者',
  `create_time` timestamp NULL DEFAULT NULL COMMENT '创建时间',
  `update_by` varchar(64) CHARACTER SET utf8mb4 COLLATE utf8mb4_0900_ai_ci NULL DEFAULT NULL COMMENT '更新者',
  `update_time` timestamp NULL DEFAULT NULL COMMENT '更新时间',
  `deleted` tinyint NULL DEFAULT 0 COMMENT '逻辑删除字段',
  PRIMARY KEY (`id`) USING BTREE
) ENGINE = InnoDB CHARACTER SET = utf8mb4 COLLATE = utf8mb4_0900_ai_ci COMMENT = '学生选课表' ROW_FORMAT = DYNAMIC;

-- ----------------------------
-- Records of tb_student_course
-- ----------------------------
INSERT INTO `tb_student_course` VALUES (1883343422766923777, 105, 1, 70.00, 1, NULL, 'admin', '2025-01-26 10:37:17', 'admin', '2025-01-26 11:46:05', 0);
INSERT INTO `tb_student_course` VALUES (1883353424533540865, 107, 3, 12.00, 0, NULL, 'admin', '2025-01-26 11:17:02', NULL, NULL, 0);

-- ----------------------------
-- Table structure for tb_study_record
-- ----------------------------
DROP TABLE IF EXISTS `tb_study_record`;
CREATE TABLE `tb_study_record`  (
  `id` bigint NOT NULL COMMENT '学习记录ID',
  `user_id` bigint NOT NULL COMMENT '用户ID',
  `course_id` bigint NOT NULL COMMENT '课程ID',
  `completion_time` timestamp NULL DEFAULT NULL COMMENT '完成时间',
  `status` tinyint NOT NULL COMMENT '学习状态（0-未开始 1-进行中 2-已完成）',
  `progress` decimal(5, 2) NOT NULL DEFAULT 0.00 COMMENT '课程进度百分比（0-100）',
  `create_by` varchar(64) CHARACTER SET utf8mb4 COLLATE utf8mb4_0900_ai_ci NULL DEFAULT NULL COMMENT '创建者',
  `create_time` timestamp NULL DEFAULT CURRENT_TIMESTAMP COMMENT '创建时间',
  `update_by` varchar(64) CHARACTER SET utf8mb4 COLLATE utf8mb4_0900_ai_ci NULL DEFAULT NULL COMMENT '更新者',
  `update_time` timestamp NULL DEFAULT CURRENT_TIMESTAMP COMMENT '更新时间',
  `deleted` tinyint NOT NULL DEFAULT 0 COMMENT '逻辑删除字段',
  PRIMARY KEY (`id`) USING BTREE
) ENGINE = InnoDB CHARACTER SET = utf8mb4 COLLATE = utf8mb4_0900_ai_ci COMMENT = '学习记录表' ROW_FORMAT = DYNAMIC;

-- ----------------------------
-- Records of tb_study_record
-- ----------------------------
INSERT INTO `tb_study_record` VALUES (1, 1865679792990621698, 1, NULL, 1, 25.21, NULL, '2025-02-07 09:37:18', NULL, '2025-02-07 09:37:18', 0);
INSERT INTO `tb_study_record` VALUES (2, 1865679792990621698, 3, '2025-02-07 09:37:51', 2, 100.00, NULL, '2025-02-07 09:37:55', NULL, '2025-02-07 09:37:55', 0);
INSERT INTO `tb_study_record` VALUES (3, 1865679792990621698, 1879105493781590018, NULL, 0, 0.00, NULL, '2025-02-07 09:38:18', NULL, '2025-02-07 09:38:18', 0);

-- ----------------------------
-- Table structure for tb_teacher
-- ----------------------------
DROP TABLE IF EXISTS `tb_teacher`;
CREATE TABLE `tb_teacher`  (
  `id` bigint NOT NULL AUTO_INCREMENT COMMENT '教师ID',
  `user_id` bigint NULL DEFAULT NULL COMMENT '关联sys_user表的id',
  `create_by` varchar(64) CHARACTER SET utf8mb4 COLLATE utf8mb4_0900_ai_ci NULL DEFAULT NULL COMMENT '创建者',
  `create_time` timestamp NULL DEFAULT CURRENT_TIMESTAMP COMMENT '创建时间',
  `update_by` varchar(64) CHARACTER SET utf8mb4 COLLATE utf8mb4_0900_ai_ci NULL DEFAULT NULL COMMENT '创建者',
  `update_time` timestamp NULL DEFAULT CURRENT_TIMESTAMP COMMENT '更新时间',
  `remark` varchar(255) CHARACTER SET utf8mb4 COLLATE utf8mb4_0900_ai_ci NULL DEFAULT NULL COMMENT '备注',
  `deleted` tinyint NOT NULL DEFAULT 0 COMMENT '逻辑删除字段',
  PRIMARY KEY (`id`) USING BTREE
) ENGINE = InnoDB AUTO_INCREMENT = 1887734598366351363 CHARACTER SET = utf8mb4 COLLATE = utf8mb4_0900_ai_ci COMMENT = '教师表' ROW_FORMAT = DYNAMIC;

-- ----------------------------
-- Records of tb_teacher
-- ----------------------------
INSERT INTO `tb_teacher` VALUES (1, 100, 'admin', '2025-02-07 13:12:56', NULL, '2024-12-08 01:36:53', NULL, 0);
INSERT INTO `tb_teacher` VALUES (4, 103, NULL, '2024-12-08 01:36:53', NULL, '2024-12-08 01:36:53', NULL, 0);
INSERT INTO `tb_teacher` VALUES (5, 106, NULL, '2024-12-08 01:36:53', NULL, '2024-12-08 01:36:53', NULL, 0);
INSERT INTO `tb_teacher` VALUES (1887734460310835202, 112, 'admin', '2025-02-07 13:25:42', NULL, '2025-02-07 13:25:42', NULL, 0);
INSERT INTO `tb_teacher` VALUES (1887734598366351362, 113, 'admin', '2025-02-07 13:26:15', NULL, '2025-02-07 13:26:15', NULL, 1);

SET FOREIGN_KEY_CHECKS = 1;
